,cookie=0x0,,duration=428.296s,,table=0,,n_packets=10,,n_bytes=420,,idle_timeout=60,,idle_age=1,,priority=65535,arp,in_port=4,vlan_tci=0x0000,dl_src=22:f7:4e:74:47:50,dl_dst=06:fc:ca:e8:78:4c,arp_spa=10.0.0.4,arp_tpa=10.0.0.5,arp_op=2,actions=output:5,,
,cookie=0x0,,duration=428.296s,,table=0,,n_packets=10,,n_bytes=420,,idle_timeout=60,,idle_age=1,,priority=65535,arp,in_port=3,vlan_tci=0x0000,dl_src=66:b8:d5:08:ee:b0,dl_dst=06:fc:ca:e8:78:4c,arp_spa=10.0.0.3,arp_tpa=10.0.0.5,arp_op=2,actions=output:5,,
,cookie=0x0,,duration=428.296s,,table=0,,n_packets=10,,n_bytes=420,,idle_timeout=60,,idle_age=1,,priority=65535,arp,in_port=2,vlan_tci=0x0000,dl_src=0e:cc:1c:48:f6:76,dl_dst=06:fc:ca:e8:78:4c,arp_spa=10.0.0.2,arp_tpa=10.0.0.5,arp_op=2,actions=output:5,,
,cookie=0x0,,duration=428.039s,,table=0,,n_packets=10,,n_bytes=420,,idle_timeout=60,,idle_age=1,,priority=65535,arp,in_port=10,vlan_tci=0x0000,dl_src=e2:5a:44:97:6c:0d,dl_dst=06:fc:ca:e8:78:4c,arp_spa=10.0.0.10,arp_tpa=10.0.0.5,arp_op=2,actions=output:5,,
,cookie=0x0,,duration=428.039s,,table=0,,n_packets=10,,n_bytes=420,,idle_timeout=60,,idle_age=1,,priority=65535,arp,in_port=8,vlan_tci=0x0000,dl_src=4e:70:ce:b8:db:62,dl_dst=06:fc:ca:e8:78:4c,arp_spa=10.0.0.8,arp_tpa=10.0.0.5,arp_op=2,actions=output:5,,
,cookie=0x0,,duration=428.039s,,table=0,,n_packets=10,,n_bytes=420,,idle_timeout=60,,idle_age=1,,priority=65535,arp,in_port=7,vlan_tci=0x0000,dl_src=3e:33:68:38:a4:fc,dl_dst=06:fc:ca:e8:78:4c,arp_spa=10.0.0.7,arp_tpa=10.0.0.5,arp_op=2,actions=output:5,,
,cookie=0x0,,duration=428.039s,,table=0,,n_packets=10,,n_bytes=420,,idle_timeout=60,,idle_age=1,,priority=65535,arp,in_port=6,vlan_tci=0x0000,dl_src=a2:29:a3:12:d2:47,dl_dst=06:fc:ca:e8:78:4c,arp_spa=10.0.0.6,arp_tpa=10.0.0.5,arp_op=2,actions=output:5,,
,cookie=0x0,,duration=428.039s,,table=0,,n_packets=10,,n_bytes=420,,idle_timeout=60,,idle_age=1,,priority=65535,arp,in_port=9,vlan_tci=0x0000,dl_src=2a:d7:6e:d1:85:09,dl_dst=06:fc:ca:e8:78:4c,arp_spa=10.0.0.9,arp_tpa=10.0.0.5,arp_op=2,actions=output:5,,
,cookie=0x0,,duration=388.104s,,table=0,,n_packets=9,,n_bytes=378,,idle_timeout=60,,idle_age=1,,priority=65535,arp,in_port=5,vlan_tci=0x0000,dl_src=06:fc:ca:e8:78:4c,dl_dst=0e:cc:1c:48:f6:76,arp_spa=10.0.0.5,arp_tpa=10.0.0.2,arp_op=1,actions=output:2,,
,cookie=0x0,,duration=388.101s,,table=0,,n_packets=9,,n_bytes=378,,idle_timeout=60,,idle_age=1,,priority=65535,arp,in_port=5,vlan_tci=0x0000,dl_src=06:fc:ca:e8:78:4c,dl_dst=66:b8:d5:08:ee:b0,arp_spa=10.0.0.5,arp_tpa=10.0.0.3,arp_op=1,actions=output:3,,
,cookie=0x0,,duration=387.848s,,table=0,,n_packets=9,,n_bytes=378,,idle_timeout=60,,idle_age=1,,priority=65535,arp,in_port=5,vlan_tci=0x0000,dl_src=06:fc:ca:e8:78:4c,dl_dst=e2:5a:44:97:6c:0d,arp_spa=10.0.0.5,arp_tpa=10.0.0.10,arp_op=1,actions=output:10,,
,cookie=0x0,,duration=387.848s,,table=0,,n_packets=9,,n_bytes=378,,idle_timeout=60,,idle_age=1,,priority=65535,arp,in_port=5,vlan_tci=0x0000,dl_src=06:fc:ca:e8:78:4c,dl_dst=4e:70:ce:b8:db:62,arp_spa=10.0.0.5,arp_tpa=10.0.0.8,arp_op=1,actions=output:8,,
,cookie=0x0,,duration=387.848s,,table=0,,n_packets=9,,n_bytes=378,,idle_timeout=60,,idle_age=1,,priority=65535,arp,in_port=5,vlan_tci=0x0000,dl_src=06:fc:ca:e8:78:4c,dl_dst=2a:d7:6e:d1:85:09,arp_spa=10.0.0.5,arp_tpa=10.0.0.9,arp_op=1,actions=output:9,,
,cookie=0x0,,duration=387.848s,,table=0,,n_packets=9,,n_bytes=378,,idle_timeout=60,,idle_age=1,,priority=65535,arp,in_port=5,vlan_tci=0x0000,dl_src=06:fc:ca:e8:78:4c,dl_dst=3e:33:68:38:a4:fc,arp_spa=10.0.0.5,arp_tpa=10.0.0.7,arp_op=1,actions=output:7,,
,cookie=0x0,,duration=387.848s,,table=0,,n_packets=9,,n_bytes=378,,idle_timeout=60,,idle_age=1,,priority=65535,arp,in_port=5,vlan_tci=0x0000,dl_src=06:fc:ca:e8:78:4c,dl_dst=a2:29:a3:12:d2:47,arp_spa=10.0.0.5,arp_tpa=10.0.0.6,arp_op=1,actions=output:6,,
,cookie=0x0,,duration=387.848s,,table=0,,n_packets=9,,n_bytes=378,,idle_timeout=60,,idle_age=1,,priority=65535,arp,in_port=5,vlan_tci=0x0000,dl_src=06:fc:ca:e8:78:4c,dl_dst=22:f7:4e:74:47:50,arp_spa=10.0.0.5,arp_tpa=10.0.0.4,arp_op=1,actions=output:4,,
,cookie=0x0,,duration=433.436s,,table=0,,n_packets=104,,n_bytes=4368,,idle_timeout=60,,idle_age=7,,priority=65535,icmp,in_port=1,vlan_tci=0x0000,dl_src=ee:13:d0:af:e6:04,dl_dst=06:fc:ca:e8:78:4c,nw_src=10.0.0.2,nw_dst=10.0.0.5,nw_tos=0,icmp_type=8,icmp_code=0,actions=output:5
,cookie=0x0,,duration=433.393s,,table=0,,n_packets=103,,n_bytes=4326,,idle_timeout=60,,idle_age=6,,priority=65535,icmp,in_port=1,vlan_tci=0x0000,dl_src=ee:13:d0:af:e6:04,dl_dst=06:fc:ca:e8:78:4c,nw_src=10.0.0.3,nw_dst=10.0.0.5,nw_tos=0,icmp_type=8,icmp_code=0,actions=output:5
,cookie=0x0,,duration=433.350s,,table=0,,n_packets=103,,n_bytes=4326,,idle_timeout=60,,idle_age=6,,priority=65535,icmp,in_port=1,vlan_tci=0x0000,dl_src=ee:13:d0:af:e6:04,dl_dst=06:fc:ca:e8:78:4c,nw_src=10.0.0.4,nw_dst=10.0.0.5,nw_tos=0,icmp_type=8,icmp_code=0,actions=output:5
,cookie=0x0,,duration=433.306s,,table=0,,n_packets=103,,n_bytes=4326,,idle_timeout=60,,idle_age=6,,priority=65535,icmp,in_port=1,vlan_tci=0x0000,dl_src=ee:13:d0:af:e6:04,dl_dst=06:fc:ca:e8:78:4c,nw_src=10.0.0.5,nw_dst=10.0.0.5,nw_tos=0,icmp_type=8,icmp_code=0,actions=output:5
,cookie=0x0,,duration=433.274s,,table=0,,n_packets=104,,n_bytes=4368,,idle_timeout=60,,idle_age=6,,priority=65535,icmp,in_port=1,vlan_tci=0x0000,dl_src=ee:13:d0:af:e6:04,dl_dst=06:fc:ca:e8:78:4c,nw_src=10.0.0.6,nw_dst=10.0.0.5,nw_tos=0,icmp_type=8,icmp_code=0,actions=output:5
,cookie=0x0,,duration=433.234s,,table=0,,n_packets=103,,n_bytes=4326,,idle_timeout=60,,idle_age=6,,priority=65535,icmp,in_port=1,vlan_tci=0x0000,dl_src=ee:13:d0:af:e6:04,dl_dst=06:fc:ca:e8:78:4c,nw_src=10.0.0.7,nw_dst=10.0.0.5,nw_tos=0,icmp_type=8,icmp_code=0,actions=output:5
,cookie=0x0,,duration=433.187s,,table=0,,n_packets=104,,n_bytes=4368,,idle_timeout=60,,idle_age=6,,priority=65535,icmp,in_port=1,vlan_tci=0x0000,dl_src=ee:13:d0:af:e6:04,dl_dst=06:fc:ca:e8:78:4c,nw_src=10.0.0.8,nw_dst=10.0.0.5,nw_tos=0,icmp_type=8,icmp_code=0,actions=output:5
,cookie=0x0,,duration=433.154s,,table=0,,n_packets=103,,n_bytes=4326,,idle_timeout=60,,idle_age=6,,priority=65535,icmp,in_port=1,vlan_tci=0x0000,dl_src=ee:13:d0:af:e6:04,dl_dst=06:fc:ca:e8:78:4c,nw_src=10.0.0.9,nw_dst=10.0.0.5,nw_tos=0,icmp_type=8,icmp_code=0,actions=output:5
,cookie=0x0,,duration=433.114s,,table=0,,n_packets=104,,n_bytes=4368,,idle_timeout=60,,idle_age=6,,priority=65535,icmp,in_port=1,vlan_tci=0x0000,dl_src=ee:13:d0:af:e6:04,dl_dst=06:fc:ca:e8:78:4c,nw_src=10.0.0.10,nw_dst=10.0.0.5,nw_tos=0,icmp_type=8,icmp_code=0,actions=output:5
,cookie=0x0,,duration=432.713s,,table=0,,n_packets=102,,n_bytes=4284,,idle_timeout=60,,idle_age=6,,priority=65535,icmp,in_port=1,vlan_tci=0x0000,dl_src=ee:13:d0:af:e6:04,dl_dst=06:fc:ca:e8:78:4c,nw_src=10.0.0.11,nw_dst=10.0.0.5,nw_tos=0,icmp_type=8,icmp_code=0,actions=output:5
,cookie=0x0,,duration=432.676s,,table=0,,n_packets=103,,n_bytes=4326,,idle_timeout=60,,idle_age=6,,priority=65535,icmp,in_port=1,vlan_tci=0x0000,dl_src=ee:13:d0:af:e6:04,dl_dst=06:fc:ca:e8:78:4c,nw_src=10.0.0.12,nw_dst=10.0.0.5,nw_tos=0,icmp_type=8,icmp_code=0,actions=output:5
,cookie=0x0,,duration=432.245s,,table=0,,n_packets=101,,n_bytes=4242,,idle_timeout=60,,idle_age=6,,priority=65535,icmp,in_port=1,vlan_tci=0x0000,dl_src=ee:13:d0:af:e6:04,dl_dst=06:fc:ca:e8:78:4c,nw_src=10.0.0.13,nw_dst=10.0.0.5,nw_tos=0,icmp_type=8,icmp_code=0,actions=output:5
,cookie=0x0,,duration=432.202s,,table=0,,n_packets=101,,n_bytes=4242,,idle_timeout=60,,idle_age=6,,priority=65535,icmp,in_port=1,vlan_tci=0x0000,dl_src=ee:13:d0:af:e6:04,dl_dst=06:fc:ca:e8:78:4c,nw_src=10.0.0.14,nw_dst=10.0.0.5,nw_tos=0,icmp_type=8,icmp_code=0,actions=output:5
,cookie=0x0,,duration=431.678s,,table=0,,n_packets=100,,n_bytes=4200,,idle_timeout=60,,idle_age=6,,priority=65535,icmp,in_port=1,vlan_tci=0x0000,dl_src=ee:13:d0:af:e6:04,dl_dst=06:fc:ca:e8:78:4c,nw_src=10.0.0.15,nw_dst=10.0.0.5,nw_tos=0,icmp_type=8,icmp_code=0,actions=output:5
,cookie=0x0,,duration=431.639s,,table=0,,n_packets=100,,n_bytes=4200,,idle_timeout=60,,idle_age=6,,priority=65535,icmp,in_port=1,vlan_tci=0x0000,dl_src=ee:13:d0:af:e6:04,dl_dst=06:fc:ca:e8:78:4c,nw_src=10.0.0.16,nw_dst=10.0.0.5,nw_tos=0,icmp_type=8,icmp_code=0,actions=output:5
,cookie=0x0,,duration=431.054s,,table=0,,n_packets=99,,n_bytes=4158,,idle_timeout=60,,idle_age=6,,priority=65535,icmp,in_port=1,vlan_tci=0x0000,dl_src=ee:13:d0:af:e6:04,dl_dst=06:fc:ca:e8:78:4c,nw_src=10.0.0.17,nw_dst=10.0.0.5,nw_tos=0,icmp_type=8,icmp_code=0,actions=output:5
,cookie=0x0,,duration=431.018s,,table=0,,n_packets=99,,n_bytes=4158,,idle_timeout=60,,idle_age=6,,priority=65535,icmp,in_port=1,vlan_tci=0x0000,dl_src=ee:13:d0:af:e6:04,dl_dst=06:fc:ca:e8:78:4c,nw_src=10.0.0.18,nw_dst=10.0.0.5,nw_tos=0,icmp_type=8,icmp_code=0,actions=output:5
,cookie=0x0,,duration=430.346s,,table=0,,n_packets=98,,n_bytes=4116,,idle_timeout=60,,idle_age=6,,priority=65535,icmp,in_port=1,vlan_tci=0x0000,dl_src=ee:13:d0:af:e6:04,dl_dst=06:fc:ca:e8:78:4c,nw_src=10.0.0.19,nw_dst=10.0.0.5,nw_tos=0,icmp_type=8,icmp_code=0,actions=output:5
,cookie=0x0,,duration=430.301s,,table=0,,n_packets=98,,n_bytes=4116,,idle_timeout=60,,idle_age=6,,priority=65535,icmp,in_port=1,vlan_tci=0x0000,dl_src=ee:13:d0:af:e6:04,dl_dst=06:fc:ca:e8:78:4c,nw_src=10.0.0.20,nw_dst=10.0.0.5,nw_tos=0,icmp_type=8,icmp_code=0,actions=output:5
,cookie=0x0,,duration=429.557s,,table=0,,n_packets=97,,n_bytes=4074,,idle_timeout=60,,idle_age=6,,priority=65535,icmp,in_port=1,vlan_tci=0x0000,dl_src=ee:13:d0:af:e6:04,dl_dst=06:fc:ca:e8:78:4c,nw_src=10.0.0.21,nw_dst=10.0.0.5,nw_tos=0,icmp_type=8,icmp_code=0,actions=output:5
,cookie=0x0,,duration=429.522s,,table=0,,n_packets=97,,n_bytes=4074,,idle_timeout=60,,idle_age=6,,priority=65535,icmp,in_port=1,vlan_tci=0x0000,dl_src=ee:13:d0:af:e6:04,dl_dst=06:fc:ca:e8:78:4c,nw_src=10.0.0.22,nw_dst=10.0.0.5,nw_tos=0,icmp_type=8,icmp_code=0,actions=output:5
,cookie=0x0,,duration=428.698s,,table=0,,n_packets=96,,n_bytes=4032,,idle_timeout=60,,idle_age=6,,priority=65535,icmp,in_port=1,vlan_tci=0x0000,dl_src=ee:13:d0:af:e6:04,dl_dst=06:fc:ca:e8:78:4c,nw_src=10.0.0.23,nw_dst=10.0.0.5,nw_tos=0,icmp_type=8,icmp_code=0,actions=output:5
,cookie=0x0,,duration=428.655s,,table=0,,n_packets=96,,n_bytes=4032,,idle_timeout=60,,idle_age=6,,priority=65535,icmp,in_port=1,vlan_tci=0x0000,dl_src=ee:13:d0:af:e6:04,dl_dst=06:fc:ca:e8:78:4c,nw_src=10.0.0.24,nw_dst=10.0.0.5,nw_tos=0,icmp_type=8,icmp_code=0,actions=output:5
,cookie=0x0,,duration=427.781s,,table=0,,n_packets=95,,n_bytes=3990,,idle_timeout=60,,idle_age=6,,priority=65535,icmp,in_port=1,vlan_tci=0x0000,dl_src=ee:13:d0:af:e6:04,dl_dst=06:fc:ca:e8:78:4c,nw_src=10.0.0.25,nw_dst=10.0.0.5,nw_tos=0,icmp_type=8,icmp_code=0,actions=output:5
,cookie=0x0,,duration=427.739s,,table=0,,n_packets=95,,n_bytes=3990,,idle_timeout=60,,idle_age=6,,priority=65535,icmp,in_port=1,vlan_tci=0x0000,dl_src=ee:13:d0:af:e6:04,dl_dst=06:fc:ca:e8:78:4c,nw_src=10.0.0.26,nw_dst=10.0.0.5,nw_tos=0,icmp_type=8,icmp_code=0,actions=output:5
,cookie=0x0,,duration=427.702s,,table=0,,n_packets=95,,n_bytes=3990,,idle_timeout=60,,idle_age=7,,priority=65535,icmp,in_port=5,vlan_tci=0x0000,dl_src=06:fc:ca:e8:78:4c,dl_dst=0e:cc:1c:48:f6:76,nw_src=10.0.0.5,nw_dst=10.0.0.2,nw_tos=0,icmp_type=0,icmp_code=0,actions=output:2
,cookie=0x0,,duration=427.672s,,table=0,,n_packets=95,,n_bytes=3990,,idle_timeout=60,,idle_age=6,,priority=65535,icmp,in_port=5,vlan_tci=0x0000,dl_src=06:fc:ca:e8:78:4c,dl_dst=66:b8:d5:08:ee:b0,nw_src=10.0.0.5,nw_dst=10.0.0.3,nw_tos=0,icmp_type=0,icmp_code=0,actions=output:3
,cookie=0x0,,duration=427.637s,,table=0,,n_packets=94,,n_bytes=3948,,idle_timeout=60,,idle_age=6,,priority=65535,icmp,in_port=5,vlan_tci=0x0000,dl_src=06:fc:ca:e8:78:4c,dl_dst=22:f7:4e:74:47:50,nw_src=10.0.0.5,nw_dst=10.0.0.4,nw_tos=0,icmp_type=0,icmp_code=0,actions=output:4
,cookie=0x0,,duration=427.569s,,table=0,,n_packets=94,,n_bytes=3948,,idle_timeout=60,,idle_age=6,,priority=65535,icmp,in_port=5,vlan_tci=0x0000,dl_src=06:fc:ca:e8:78:4c,dl_dst=a2:29:a3:12:d2:47,nw_src=10.0.0.5,nw_dst=10.0.0.6,nw_tos=0,icmp_type=0,icmp_code=0,actions=output:6
,cookie=0x0,,duration=427.533s,,table=0,,n_packets=94,,n_bytes=3948,,idle_timeout=60,,idle_age=6,,priority=65535,icmp,in_port=5,vlan_tci=0x0000,dl_src=06:fc:ca:e8:78:4c,dl_dst=3e:33:68:38:a4:fc,nw_src=10.0.0.5,nw_dst=10.0.0.7,nw_tos=0,icmp_type=0,icmp_code=0,actions=output:7
,cookie=0x0,,duration=427.488s,,table=0,,n_packets=94,,n_bytes=3948,,idle_timeout=60,,idle_age=6,,priority=65535,icmp,in_port=5,vlan_tci=0x0000,dl_src=06:fc:ca:e8:78:4c,dl_dst=4e:70:ce:b8:db:62,nw_src=10.0.0.5,nw_dst=10.0.0.8,nw_tos=0,icmp_type=0,icmp_code=0,actions=output:8
,cookie=0x0,,duration=427.444s,,table=0,,n_packets=94,,n_bytes=3948,,idle_timeout=60,,idle_age=6,,priority=65535,icmp,in_port=5,vlan_tci=0x0000,dl_src=06:fc:ca:e8:78:4c,dl_dst=2a:d7:6e:d1:85:09,nw_src=10.0.0.5,nw_dst=10.0.0.9,nw_tos=0,icmp_type=0,icmp_code=0,actions=output:9
,cookie=0x0,,duration=427.401s,,table=0,,n_packets=94,,n_bytes=3948,,idle_timeout=60,,idle_age=6,,priority=65535,icmp,in_port=5,vlan_tci=0x0000,dl_src=06:fc:ca:e8:78:4c,dl_dst=e2:5a:44:97:6c:0d,nw_src=10.0.0.5,nw_dst=10.0.0.10,nw_tos=0,icmp_type=0,icmp_code=0,actions=output:10
,cookie=0x0,,duration=426.765s,,table=0,,n_packets=94,,n_bytes=3948,,idle_timeout=60,,idle_age=6,,priority=65535,icmp,in_port=1,vlan_tci=0x0000,dl_src=ee:13:d0:af:e6:04,dl_dst=06:fc:ca:e8:78:4c,nw_src=10.0.0.27,nw_dst=10.0.0.5,nw_tos=0,icmp_type=8,icmp_code=0,actions=output:5
,cookie=0x0,,duration=426.724s,,table=0,,n_packets=94,,n_bytes=3948,,idle_timeout=60,,idle_age=6,,priority=65535,icmp,in_port=1,vlan_tci=0x0000,dl_src=ee:13:d0:af:e6:04,dl_dst=06:fc:ca:e8:78:4c,nw_src=10.0.0.28,nw_dst=10.0.0.5,nw_tos=0,icmp_type=8,icmp_code=0,actions=output:5
,cookie=0x0,,duration=425.670s,,table=0,,n_packets=93,,n_bytes=3906,,idle_timeout=60,,idle_age=5,,priority=65535,icmp,in_port=1,vlan_tci=0x0000,dl_src=ee:13:d0:af:e6:04,dl_dst=06:fc:ca:e8:78:4c,nw_src=10.0.0.29,nw_dst=10.0.0.5,nw_tos=0,icmp_type=8,icmp_code=0,actions=output:5
,cookie=0x0,,duration=425.633s,,table=0,,n_packets=93,,n_bytes=3906,,idle_timeout=60,,idle_age=5,,priority=65535,icmp,in_port=1,vlan_tci=0x0000,dl_src=ee:13:d0:af:e6:04,dl_dst=06:fc:ca:e8:78:4c,nw_src=10.0.0.30,nw_dst=10.0.0.5,nw_tos=0,icmp_type=8,icmp_code=0,actions=output:5
,cookie=0x0,,duration=424.554s,,table=0,,n_packets=92,,n_bytes=3864,,idle_timeout=60,,idle_age=5,,priority=65535,icmp,in_port=1,vlan_tci=0x0000,dl_src=ee:13:d0:af:e6:04,dl_dst=06:fc:ca:e8:78:4c,nw_src=10.0.0.31,nw_dst=10.0.0.5,nw_tos=0,icmp_type=8,icmp_code=0,actions=output:5
,cookie=0x0,,duration=424.518s,,table=0,,n_packets=92,,n_bytes=3864,,idle_timeout=60,,idle_age=5,,priority=65535,icmp,in_port=1,vlan_tci=0x0000,dl_src=ee:13:d0:af:e6:04,dl_dst=06:fc:ca:e8:78:4c,nw_src=10.0.0.32,nw_dst=10.0.0.5,nw_tos=0,icmp_type=8,icmp_code=0,actions=output:5
,cookie=0x0,,duration=423.316s,,table=0,,n_packets=91,,n_bytes=3822,,idle_timeout=60,,idle_age=5,,priority=65535,icmp,in_port=1,vlan_tci=0x0000,dl_src=ee:13:d0:af:e6:04,dl_dst=06:fc:ca:e8:78:4c,nw_src=10.0.0.33,nw_dst=10.0.0.5,nw_tos=0,icmp_type=8,icmp_code=0,actions=output:5
,cookie=0x0,,duration=423.278s,,table=0,,n_packets=91,,n_bytes=3822,,idle_timeout=60,,idle_age=5,,priority=65535,icmp,in_port=1,vlan_tci=0x0000,dl_src=ee:13:d0:af:e6:04,dl_dst=06:fc:ca:e8:78:4c,nw_src=10.0.0.34,nw_dst=10.0.0.5,nw_tos=0,icmp_type=8,icmp_code=0,actions=output:5
,cookie=0x0,,duration=421.986s,,table=0,,n_packets=90,,n_bytes=3780,,idle_timeout=60,,idle_age=5,,priority=65535,icmp,in_port=1,vlan_tci=0x0000,dl_src=ee:13:d0:af:e6:04,dl_dst=06:fc:ca:e8:78:4c,nw_src=10.0.0.35,nw_dst=10.0.0.5,nw_tos=0,icmp_type=8,icmp_code=0,actions=output:5
,cookie=0x0,,duration=421.941s,,table=0,,n_packets=90,,n_bytes=3780,,idle_timeout=60,,idle_age=5,,priority=65535,icmp,in_port=1,vlan_tci=0x0000,dl_src=ee:13:d0:af:e6:04,dl_dst=06:fc:ca:e8:78:4c,nw_src=10.0.0.36,nw_dst=10.0.0.5,nw_tos=0,icmp_type=8,icmp_code=0,actions=output:5
,cookie=0x0,,duration=420.555s,,table=0,,n_packets=89,,n_bytes=3738,,idle_timeout=60,,idle_age=5,,priority=65535,icmp,in_port=1,vlan_tci=0x0000,dl_src=ee:13:d0:af:e6:04,dl_dst=06:fc:ca:e8:78:4c,nw_src=10.0.0.37,nw_dst=10.0.0.5,nw_tos=0,icmp_type=8,icmp_code=0,actions=output:5
,cookie=0x0,,duration=420.519s,,table=0,,n_packets=89,,n_bytes=3738,,idle_timeout=60,,idle_age=5,,priority=65535,icmp,in_port=1,vlan_tci=0x0000,dl_src=ee:13:d0:af:e6:04,dl_dst=06:fc:ca:e8:78:4c,nw_src=10.0.0.38,nw_dst=10.0.0.5,nw_tos=0,icmp_type=8,icmp_code=0,actions=output:5
,cookie=0x0,,duration=419.018s,,table=0,,n_packets=88,,n_bytes=3696,,idle_timeout=60,,idle_age=5,,priority=65535,icmp,in_port=1,vlan_tci=0x0000,dl_src=ee:13:d0:af:e6:04,dl_dst=06:fc:ca:e8:78:4c,nw_src=10.0.0.39,nw_dst=10.0.0.5,nw_tos=0,icmp_type=8,icmp_code=0,actions=output:5
,cookie=0x0,,duration=418.978s,,table=0,,n_packets=88,,n_bytes=3696,,idle_timeout=60,,idle_age=5,,priority=65535,icmp,in_port=1,vlan_tci=0x0000,dl_src=ee:13:d0:af:e6:04,dl_dst=06:fc:ca:e8:78:4c,nw_src=10.0.0.40,nw_dst=10.0.0.5,nw_tos=0,icmp_type=8,icmp_code=0,actions=output:5
,cookie=0x0,,duration=417.497s,,table=0,,n_packets=87,,n_bytes=3654,,idle_timeout=60,,idle_age=5,,priority=65535,icmp,in_port=1,vlan_tci=0x0000,dl_src=ee:13:d0:af:e6:04,dl_dst=06:fc:ca:e8:78:4c,nw_src=10.0.0.41,nw_dst=10.0.0.5,nw_tos=0,icmp_type=8,icmp_code=0,actions=output:5
,cookie=0x0,,duration=417.462s,,table=0,,n_packets=87,,n_bytes=3654,,idle_timeout=60,,idle_age=5,,priority=65535,icmp,in_port=1,vlan_tci=0x0000,dl_src=ee:13:d0:af:e6:04,dl_dst=06:fc:ca:e8:78:4c,nw_src=10.0.0.42,nw_dst=10.0.0.5,nw_tos=0,icmp_type=8,icmp_code=0,actions=output:5
,cookie=0x0,,duration=415.942s,,table=0,,n_packets=86,,n_bytes=3612,,idle_timeout=60,,idle_age=5,,priority=65535,icmp,in_port=1,vlan_tci=0x0000,dl_src=ee:13:d0:af:e6:04,dl_dst=06:fc:ca:e8:78:4c,nw_src=10.0.0.43,nw_dst=10.0.0.5,nw_tos=0,icmp_type=8,icmp_code=0,actions=output:5
,cookie=0x0,,duration=415.901s,,table=0,,n_packets=86,,n_bytes=3612,,idle_timeout=60,,idle_age=5,,priority=65535,icmp,in_port=1,vlan_tci=0x0000,dl_src=ee:13:d0:af:e6:04,dl_dst=06:fc:ca:e8:78:4c,nw_src=10.0.0.44,nw_dst=10.0.0.5,nw_tos=0,icmp_type=8,icmp_code=0,actions=output:5
,cookie=0x0,,duration=414.234s,,table=0,,n_packets=85,,n_bytes=3570,,idle_timeout=60,,idle_age=5,,priority=65535,icmp,in_port=1,vlan_tci=0x0000,dl_src=ee:13:d0:af:e6:04,dl_dst=06:fc:ca:e8:78:4c,nw_src=10.0.0.45,nw_dst=10.0.0.5,nw_tos=0,icmp_type=8,icmp_code=0,actions=output:5
,cookie=0x0,,duration=414.194s,,table=0,,n_packets=85,,n_bytes=3570,,idle_timeout=60,,idle_age=5,,priority=65535,icmp,in_port=1,vlan_tci=0x0000,dl_src=ee:13:d0:af:e6:04,dl_dst=06:fc:ca:e8:78:4c,nw_src=10.0.0.46,nw_dst=10.0.0.5,nw_tos=0,icmp_type=8,icmp_code=0,actions=output:5
,cookie=0x0,,duration=412.530s,,table=0,,n_packets=84,,n_bytes=3528,,idle_timeout=60,,idle_age=5,,priority=65535,icmp,in_port=1,vlan_tci=0x0000,dl_src=ee:13:d0:af:e6:04,dl_dst=06:fc:ca:e8:78:4c,nw_src=10.0.0.47,nw_dst=10.0.0.5,nw_tos=0,icmp_type=8,icmp_code=0,actions=output:5
,cookie=0x0,,duration=412.501s,,table=0,,n_packets=84,,n_bytes=3528,,idle_timeout=60,,idle_age=5,,priority=65535,icmp,in_port=1,vlan_tci=0x0000,dl_src=ee:13:d0:af:e6:04,dl_dst=06:fc:ca:e8:78:4c,nw_src=10.0.0.48,nw_dst=10.0.0.5,nw_tos=0,icmp_type=8,icmp_code=0,actions=output:5
,cookie=0x0,,duration=410.758s,,table=0,,n_packets=83,,n_bytes=3486,,idle_timeout=60,,idle_age=5,,priority=65535,icmp,in_port=1,vlan_tci=0x0000,dl_src=ee:13:d0:af:e6:04,dl_dst=06:fc:ca:e8:78:4c,nw_src=10.0.0.49,nw_dst=10.0.0.5,nw_tos=0,icmp_type=8,icmp_code=0,actions=output:5
,cookie=0x0,,duration=410.722s,,table=0,,n_packets=83,,n_bytes=3486,,idle_timeout=60,,idle_age=5,,priority=65535,icmp,in_port=1,vlan_tci=0x0000,dl_src=ee:13:d0:af:e6:04,dl_dst=06:fc:ca:e8:78:4c,nw_src=10.0.0.50,nw_dst=10.0.0.5,nw_tos=0,icmp_type=8,icmp_code=0,actions=output:5
,cookie=0x0,,duration=408.738s,,table=0,,n_packets=82,,n_bytes=3444,,idle_timeout=60,,idle_age=5,,priority=65535,icmp,in_port=1,vlan_tci=0x0000,dl_src=ee:13:d0:af:e6:04,dl_dst=06:fc:ca:e8:78:4c,nw_src=10.0.0.51,nw_dst=10.0.0.5,nw_tos=0,icmp_type=8,icmp_code=0,actions=output:5
,cookie=0x0,,duration=408.697s,,table=0,,n_packets=82,,n_bytes=3444,,idle_timeout=60,,idle_age=5,,priority=65535,icmp,in_port=1,vlan_tci=0x0000,dl_src=ee:13:d0:af:e6:04,dl_dst=06:fc:ca:e8:78:4c,nw_src=10.0.0.52,nw_dst=10.0.0.5,nw_tos=0,icmp_type=8,icmp_code=0,actions=output:5
,cookie=0x0,,duration=406.729s,,table=0,,n_packets=81,,n_bytes=3402,,idle_timeout=60,,idle_age=5,,priority=65535,icmp,in_port=1,vlan_tci=0x0000,dl_src=ee:13:d0:af:e6:04,dl_dst=06:fc:ca:e8:78:4c,nw_src=10.0.0.53,nw_dst=10.0.0.5,nw_tos=0,icmp_type=8,icmp_code=0,actions=output:5
,cookie=0x0,,duration=406.681s,,table=0,,n_packets=81,,n_bytes=3402,,idle_timeout=60,,idle_age=5,,priority=65535,icmp,in_port=1,vlan_tci=0x0000,dl_src=ee:13:d0:af:e6:04,dl_dst=06:fc:ca:e8:78:4c,nw_src=10.0.0.54,nw_dst=10.0.0.5,nw_tos=0,icmp_type=8,icmp_code=0,actions=output:5
,cookie=0x0,,duration=404.685s,,table=0,,n_packets=80,,n_bytes=3360,,idle_timeout=60,,idle_age=5,,priority=65535,icmp,in_port=1,vlan_tci=0x0000,dl_src=ee:13:d0:af:e6:04,dl_dst=06:fc:ca:e8:78:4c,nw_src=10.0.0.55,nw_dst=10.0.0.5,nw_tos=0,icmp_type=8,icmp_code=0,actions=output:5
,cookie=0x0,,duration=404.652s,,table=0,,n_packets=80,,n_bytes=3360,,idle_timeout=60,,idle_age=4,,priority=65535,icmp,in_port=1,vlan_tci=0x0000,dl_src=ee:13:d0:af:e6:04,dl_dst=06:fc:ca:e8:78:4c,nw_src=10.0.0.56,nw_dst=10.0.0.5,nw_tos=0,icmp_type=8,icmp_code=0,actions=output:5
,cookie=0x0,,duration=402.541s,,table=0,,n_packets=79,,n_bytes=3318,,idle_timeout=60,,idle_age=4,,priority=65535,icmp,in_port=1,vlan_tci=0x0000,dl_src=ee:13:d0:af:e6:04,dl_dst=06:fc:ca:e8:78:4c,nw_src=10.0.0.57,nw_dst=10.0.0.5,nw_tos=0,icmp_type=8,icmp_code=0,actions=output:5
,cookie=0x0,,duration=402.509s,,table=0,,n_packets=79,,n_bytes=3318,,idle_timeout=60,,idle_age=4,,priority=65535,icmp,in_port=1,vlan_tci=0x0000,dl_src=ee:13:d0:af:e6:04,dl_dst=06:fc:ca:e8:78:4c,nw_src=10.0.0.58,nw_dst=10.0.0.5,nw_tos=0,icmp_type=8,icmp_code=0,actions=output:5
,cookie=0x0,,duration=400.318s,,table=0,,n_packets=78,,n_bytes=3276,,idle_timeout=60,,idle_age=4,,priority=65535,icmp,in_port=1,vlan_tci=0x0000,dl_src=ee:13:d0:af:e6:04,dl_dst=06:fc:ca:e8:78:4c,nw_src=10.0.0.59,nw_dst=10.0.0.5,nw_tos=0,icmp_type=8,icmp_code=0,actions=output:5
,cookie=0x0,,duration=400.281s,,table=0,,n_packets=78,,n_bytes=3276,,idle_timeout=60,,idle_age=4,,priority=65535,icmp,in_port=1,vlan_tci=0x0000,dl_src=ee:13:d0:af:e6:04,dl_dst=06:fc:ca:e8:78:4c,nw_src=10.0.0.60,nw_dst=10.0.0.5,nw_tos=0,icmp_type=8,icmp_code=0,actions=output:5
,cookie=0x0,,duration=398.033s,,table=0,,n_packets=77,,n_bytes=3234,,idle_timeout=60,,idle_age=4,,priority=65535,icmp,in_port=1,vlan_tci=0x0000,dl_src=ee:13:d0:af:e6:04,dl_dst=06:fc:ca:e8:78:4c,nw_src=10.0.0.61,nw_dst=10.0.0.5,nw_tos=0,icmp_type=8,icmp_code=0,actions=output:5
,cookie=0x0,,duration=397.993s,,table=0,,n_packets=77,,n_bytes=3234,,idle_timeout=60,,idle_age=4,,priority=65535,icmp,in_port=1,vlan_tci=0x0000,dl_src=ee:13:d0:af:e6:04,dl_dst=06:fc:ca:e8:78:4c,nw_src=10.0.0.62,nw_dst=10.0.0.5,nw_tos=0,icmp_type=8,icmp_code=0,actions=output:5
,cookie=0x0,,duration=395.614s,,table=0,,n_packets=76,,n_bytes=3192,,idle_timeout=60,,idle_age=4,,priority=65535,icmp,in_port=1,vlan_tci=0x0000,dl_src=ee:13:d0:af:e6:04,dl_dst=06:fc:ca:e8:78:4c,nw_src=10.0.0.63,nw_dst=10.0.0.5,nw_tos=0,icmp_type=8,icmp_code=0,actions=output:5
,cookie=0x0,,duration=395.570s,,table=0,,n_packets=76,,n_bytes=3192,,idle_timeout=60,,idle_age=4,,priority=65535,icmp,in_port=1,vlan_tci=0x0000,dl_src=ee:13:d0:af:e6:04,dl_dst=06:fc:ca:e8:78:4c,nw_src=10.0.0.64,nw_dst=10.0.0.5,nw_tos=0,icmp_type=8,icmp_code=0,actions=output:5
,cookie=0x0,,duration=393.229s,,table=0,,n_packets=75,,n_bytes=3150,,idle_timeout=60,,idle_age=4,,priority=65535,icmp,in_port=1,vlan_tci=0x0000,dl_src=ee:13:d0:af:e6:04,dl_dst=06:fc:ca:e8:78:4c,nw_src=10.0.0.65,nw_dst=10.0.0.5,nw_tos=0,icmp_type=8,icmp_code=0,actions=output:5
,cookie=0x0,,duration=393.190s,,table=0,,n_packets=75,,n_bytes=3150,,idle_timeout=60,,idle_age=4,,priority=65535,icmp,in_port=1,vlan_tci=0x0000,dl_src=ee:13:d0:af:e6:04,dl_dst=06:fc:ca:e8:78:4c,nw_src=10.0.0.66,nw_dst=10.0.0.5,nw_tos=0,icmp_type=8,icmp_code=0,actions=output:5
,cookie=0x0,,duration=390.805s,,table=0,,n_packets=74,,n_bytes=3108,,idle_timeout=60,,idle_age=4,,priority=65535,icmp,in_port=1,vlan_tci=0x0000,dl_src=ee:13:d0:af:e6:04,dl_dst=06:fc:ca:e8:78:4c,nw_src=10.0.0.67,nw_dst=10.0.0.5,nw_tos=0,icmp_type=8,icmp_code=0,actions=output:5
,cookie=0x0,,duration=390.765s,,table=0,,n_packets=74,,n_bytes=3108,,idle_timeout=60,,idle_age=4,,priority=65535,icmp,in_port=1,vlan_tci=0x0000,dl_src=ee:13:d0:af:e6:04,dl_dst=06:fc:ca:e8:78:4c,nw_src=10.0.0.68,nw_dst=10.0.0.5,nw_tos=0,icmp_type=8,icmp_code=0,actions=output:5
,cookie=0x0,,duration=388.261s,,table=0,,n_packets=73,,n_bytes=3066,,idle_timeout=60,,idle_age=4,,priority=65535,icmp,in_port=1,vlan_tci=0x0000,dl_src=ee:13:d0:af:e6:04,dl_dst=06:fc:ca:e8:78:4c,nw_src=10.0.0.69,nw_dst=10.0.0.5,nw_tos=0,icmp_type=8,icmp_code=0,actions=output:5
,cookie=0x0,,duration=388.226s,,table=0,,n_packets=73,,n_bytes=3066,,idle_timeout=60,,idle_age=4,,priority=65535,icmp,in_port=1,vlan_tci=0x0000,dl_src=ee:13:d0:af:e6:04,dl_dst=06:fc:ca:e8:78:4c,nw_src=10.0.0.70,nw_dst=10.0.0.5,nw_tos=0,icmp_type=8,icmp_code=0,actions=output:5
,cookie=0x0,,duration=385.630s,,table=0,,n_packets=72,,n_bytes=3024,,idle_timeout=60,,idle_age=4,,priority=65535,icmp,in_port=1,vlan_tci=0x0000,dl_src=ee:13:d0:af:e6:04,dl_dst=06:fc:ca:e8:78:4c,nw_src=10.0.0.71,nw_dst=10.0.0.5,nw_tos=0,icmp_type=8,icmp_code=0,actions=output:5
,cookie=0x0,,duration=385.600s,,table=0,,n_packets=72,,n_bytes=3024,,idle_timeout=60,,idle_age=4,,priority=65535,icmp,in_port=1,vlan_tci=0x0000,dl_src=ee:13:d0:af:e6:04,dl_dst=06:fc:ca:e8:78:4c,nw_src=10.0.0.72,nw_dst=10.0.0.5,nw_tos=0,icmp_type=8,icmp_code=0,actions=output:5
,cookie=0x0,,duration=382.879s,,table=0,,n_packets=71,,n_bytes=2982,,idle_timeout=60,,idle_age=4,,priority=65535,icmp,in_port=1,vlan_tci=0x0000,dl_src=ee:13:d0:af:e6:04,dl_dst=06:fc:ca:e8:78:4c,nw_src=10.0.0.73,nw_dst=10.0.0.5,nw_tos=0,icmp_type=8,icmp_code=0,actions=output:5
,cookie=0x0,,duration=382.846s,,table=0,,n_packets=71,,n_bytes=2982,,idle_timeout=60,,idle_age=4,,priority=65535,icmp,in_port=1,vlan_tci=0x0000,dl_src=ee:13:d0:af:e6:04,dl_dst=06:fc:ca:e8:78:4c,nw_src=10.0.0.74,nw_dst=10.0.0.5,nw_tos=0,icmp_type=8,icmp_code=0,actions=output:5
,cookie=0x0,,duration=380.173s,,table=0,,n_packets=70,,n_bytes=2940,,idle_timeout=60,,idle_age=4,,priority=65535,icmp,in_port=1,vlan_tci=0x0000,dl_src=ee:13:d0:af:e6:04,dl_dst=06:fc:ca:e8:78:4c,nw_src=10.0.0.75,nw_dst=10.0.0.5,nw_tos=0,icmp_type=8,icmp_code=0,actions=output:5
,cookie=0x0,,duration=380.137s,,table=0,,n_packets=70,,n_bytes=2940,,idle_timeout=60,,idle_age=4,,priority=65535,icmp,in_port=1,vlan_tci=0x0000,dl_src=ee:13:d0:af:e6:04,dl_dst=06:fc:ca:e8:78:4c,nw_src=10.0.0.76,nw_dst=10.0.0.5,nw_tos=0,icmp_type=8,icmp_code=0,actions=output:5
,cookie=0x0,,duration=377.313s,,table=0,,n_packets=69,,n_bytes=2898,,idle_timeout=60,,idle_age=4,,priority=65535,icmp,in_port=1,vlan_tci=0x0000,dl_src=ee:13:d0:af:e6:04,dl_dst=06:fc:ca:e8:78:4c,nw_src=10.0.0.77,nw_dst=10.0.0.5,nw_tos=0,icmp_type=8,icmp_code=0,actions=output:5
,cookie=0x0,,duration=377.269s,,table=0,,n_packets=69,,n_bytes=2898,,idle_timeout=60,,idle_age=4,,priority=65535,icmp,in_port=1,vlan_tci=0x0000,dl_src=ee:13:d0:af:e6:04,dl_dst=06:fc:ca:e8:78:4c,nw_src=10.0.0.78,nw_dst=10.0.0.5,nw_tos=0,icmp_type=8,icmp_code=0,actions=output:5
,cookie=0x0,,duration=374.293s,,table=0,,n_packets=68,,n_bytes=2856,,idle_timeout=60,,idle_age=4,,priority=65535,icmp,in_port=1,vlan_tci=0x0000,dl_src=ee:13:d0:af:e6:04,dl_dst=06:fc:ca:e8:78:4c,nw_src=10.0.0.79,nw_dst=10.0.0.5,nw_tos=0,icmp_type=8,icmp_code=0,actions=output:5
,cookie=0x0,,duration=374.254s,,table=0,,n_packets=68,,n_bytes=2856,,idle_timeout=60,,idle_age=4,,priority=65535,icmp,in_port=1,vlan_tci=0x0000,dl_src=ee:13:d0:af:e6:04,dl_dst=06:fc:ca:e8:78:4c,nw_src=10.0.0.80,nw_dst=10.0.0.5,nw_tos=0,icmp_type=8,icmp_code=0,actions=output:5
,cookie=0x0,,duration=371.224s,,table=0,,n_packets=67,,n_bytes=2814,,idle_timeout=60,,idle_age=3,,priority=65535,icmp,in_port=1,vlan_tci=0x0000,dl_src=ee:13:d0:af:e6:04,dl_dst=06:fc:ca:e8:78:4c,nw_src=10.0.0.81,nw_dst=10.0.0.5,nw_tos=0,icmp_type=8,icmp_code=0,actions=output:5
,cookie=0x0,,duration=371.181s,,table=0,,n_packets=67,,n_bytes=2814,,idle_timeout=60,,idle_age=3,,priority=65535,icmp,in_port=1,vlan_tci=0x0000,dl_src=ee:13:d0:af:e6:04,dl_dst=06:fc:ca:e8:78:4c,nw_src=10.0.0.82,nw_dst=10.0.0.5,nw_tos=0,icmp_type=8,icmp_code=0,actions=output:5
,cookie=0x0,,duration=368.121s,,table=0,,n_packets=66,,n_bytes=2772,,idle_timeout=60,,idle_age=3,,priority=65535,icmp,in_port=1,vlan_tci=0x0000,dl_src=ee:13:d0:af:e6:04,dl_dst=06:fc:ca:e8:78:4c,nw_src=10.0.0.83,nw_dst=10.0.0.5,nw_tos=0,icmp_type=8,icmp_code=0,actions=output:5
,cookie=0x0,,duration=368.076s,,table=0,,n_packets=66,,n_bytes=2772,,idle_timeout=60,,idle_age=3,,priority=65535,icmp,in_port=1,vlan_tci=0x0000,dl_src=ee:13:d0:af:e6:04,dl_dst=06:fc:ca:e8:78:4c,nw_src=10.0.0.84,nw_dst=10.0.0.5,nw_tos=0,icmp_type=8,icmp_code=0,actions=output:5
,cookie=0x0,,duration=364.852s,,table=0,,n_packets=65,,n_bytes=2730,,idle_timeout=60,,idle_age=3,,priority=65535,icmp,in_port=1,vlan_tci=0x0000,dl_src=ee:13:d0:af:e6:04,dl_dst=06:fc:ca:e8:78:4c,nw_src=10.0.0.85,nw_dst=10.0.0.5,nw_tos=0,icmp_type=8,icmp_code=0,actions=output:5
,cookie=0x0,,duration=364.818s,,table=0,,n_packets=65,,n_bytes=2730,,idle_timeout=60,,idle_age=3,,priority=65535,icmp,in_port=1,vlan_tci=0x0000,dl_src=ee:13:d0:af:e6:04,dl_dst=06:fc:ca:e8:78:4c,nw_src=10.0.0.86,nw_dst=10.0.0.5,nw_tos=0,icmp_type=8,icmp_code=0,actions=output:5
,cookie=0x0,,duration=361.454s,,table=0,,n_packets=64,,n_bytes=2688,,idle_timeout=60,,idle_age=3,,priority=65535,icmp,in_port=1,vlan_tci=0x0000,dl_src=ee:13:d0:af:e6:04,dl_dst=06:fc:ca:e8:78:4c,nw_src=10.0.0.87,nw_dst=10.0.0.5,nw_tos=0,icmp_type=8,icmp_code=0,actions=output:5
,cookie=0x0,,duration=361.418s,,table=0,,n_packets=64,,n_bytes=2688,,idle_timeout=60,,idle_age=3,,priority=65535,icmp,in_port=1,vlan_tci=0x0000,dl_src=ee:13:d0:af:e6:04,dl_dst=06:fc:ca:e8:78:4c,nw_src=10.0.0.88,nw_dst=10.0.0.5,nw_tos=0,icmp_type=8,icmp_code=0,actions=output:5
,cookie=0x0,,duration=358.114s,,table=0,,n_packets=63,,n_bytes=2646,,idle_timeout=60,,idle_age=3,,priority=65535,icmp,in_port=1,vlan_tci=0x0000,dl_src=ee:13:d0:af:e6:04,dl_dst=06:fc:ca:e8:78:4c,nw_src=10.0.0.89,nw_dst=10.0.0.5,nw_tos=0,icmp_type=8,icmp_code=0,actions=output:5
,cookie=0x0,,duration=358.070s,,table=0,,n_packets=63,,n_bytes=2646,,idle_timeout=60,,idle_age=3,,priority=65535,icmp,in_port=1,vlan_tci=0x0000,dl_src=ee:13:d0:af:e6:04,dl_dst=06:fc:ca:e8:78:4c,nw_src=10.0.0.90,nw_dst=10.0.0.5,nw_tos=0,icmp_type=8,icmp_code=0,actions=output:5
,cookie=0x0,,duration=354.685s,,table=0,,n_packets=62,,n_bytes=2604,,idle_timeout=60,,idle_age=3,,priority=65535,icmp,in_port=1,vlan_tci=0x0000,dl_src=ee:13:d0:af:e6:04,dl_dst=06:fc:ca:e8:78:4c,nw_src=10.0.0.91,nw_dst=10.0.0.5,nw_tos=0,icmp_type=8,icmp_code=0,actions=output:5
,cookie=0x0,,duration=354.645s,,table=0,,n_packets=62,,n_bytes=2604,,idle_timeout=60,,idle_age=3,,priority=65535,icmp,in_port=1,vlan_tci=0x0000,dl_src=ee:13:d0:af:e6:04,dl_dst=06:fc:ca:e8:78:4c,nw_src=10.0.0.92,nw_dst=10.0.0.5,nw_tos=0,icmp_type=8,icmp_code=0,actions=output:5
,cookie=0x0,,duration=351.109s,,table=0,,n_packets=61,,n_bytes=2562,,idle_timeout=60,,idle_age=3,,priority=65535,icmp,in_port=1,vlan_tci=0x0000,dl_src=ee:13:d0:af:e6:04,dl_dst=06:fc:ca:e8:78:4c,nw_src=10.0.0.93,nw_dst=10.0.0.5,nw_tos=0,icmp_type=8,icmp_code=0,actions=output:5
,cookie=0x0,,duration=351.065s,,table=0,,n_packets=61,,n_bytes=2562,,idle_timeout=60,,idle_age=3,,priority=65535,icmp,in_port=1,vlan_tci=0x0000,dl_src=ee:13:d0:af:e6:04,dl_dst=06:fc:ca:e8:78:4c,nw_src=10.0.0.94,nw_dst=10.0.0.5,nw_tos=0,icmp_type=8,icmp_code=0,actions=output:5
,cookie=0x0,,duration=347.493s,,table=0,,n_packets=60,,n_bytes=2520,,idle_timeout=60,,idle_age=3,,priority=65535,icmp,in_port=1,vlan_tci=0x0000,dl_src=ee:13:d0:af:e6:04,dl_dst=06:fc:ca:e8:78:4c,nw_src=10.0.0.95,nw_dst=10.0.0.5,nw_tos=0,icmp_type=8,icmp_code=0,actions=output:5
,cookie=0x0,,duration=347.457s,,table=0,,n_packets=60,,n_bytes=2520,,idle_timeout=60,,idle_age=3,,priority=65535,icmp,in_port=1,vlan_tci=0x0000,dl_src=ee:13:d0:af:e6:04,dl_dst=06:fc:ca:e8:78:4c,nw_src=10.0.0.96,nw_dst=10.0.0.5,nw_tos=0,icmp_type=8,icmp_code=0,actions=output:5
,cookie=0x0,,duration=343.841s,,table=0,,n_packets=59,,n_bytes=2478,,idle_timeout=60,,idle_age=3,,priority=65535,icmp,in_port=1,vlan_tci=0x0000,dl_src=ee:13:d0:af:e6:04,dl_dst=06:fc:ca:e8:78:4c,nw_src=10.0.0.97,nw_dst=10.0.0.5,nw_tos=0,icmp_type=8,icmp_code=0,actions=output:5
,cookie=0x0,,duration=343.801s,,table=0,,n_packets=59,,n_bytes=2478,,idle_timeout=60,,idle_age=3,,priority=65535,icmp,in_port=1,vlan_tci=0x0000,dl_src=ee:13:d0:af:e6:04,dl_dst=06:fc:ca:e8:78:4c,nw_src=10.0.0.98,nw_dst=10.0.0.5,nw_tos=0,icmp_type=8,icmp_code=0,actions=output:5
,cookie=0x0,,duration=340.083s,,table=0,,n_packets=58,,n_bytes=2436,,idle_timeout=60,,idle_age=3,,priority=65535,icmp,in_port=1,vlan_tci=0x0000,dl_src=ee:13:d0:af:e6:04,dl_dst=06:fc:ca:e8:78:4c,nw_src=10.0.0.99,nw_dst=10.0.0.5,nw_tos=0,icmp_type=8,icmp_code=0,actions=output:5
,cookie=0x0,,duration=340.061s,,table=0,,n_packets=58,,n_bytes=2436,,idle_timeout=60,,idle_age=3,,priority=65535,icmp,in_port=1,vlan_tci=0x0000,dl_src=ee:13:d0:af:e6:04,dl_dst=06:fc:ca:e8:78:4c,nw_src=10.0.0.100,nw_dst=10.0.0.5,nw_tos=0,icmp_type=8,icmp_code=0,actions=output:5
,cookie=0x0,,duration=336.330s,,table=0,,n_packets=57,,n_bytes=2394,,idle_timeout=60,,idle_age=3,,priority=65535,icmp,in_port=1,vlan_tci=0x0000,dl_src=ee:13:d0:af:e6:04,dl_dst=06:fc:ca:e8:78:4c,nw_src=10.0.0.101,nw_dst=10.0.0.5,nw_tos=0,icmp_type=8,icmp_code=0,actions=output:5
,cookie=0x0,,duration=336.292s,,table=0,,n_packets=57,,n_bytes=2394,,idle_timeout=60,,idle_age=3,,priority=65535,icmp,in_port=1,vlan_tci=0x0000,dl_src=ee:13:d0:af:e6:04,dl_dst=06:fc:ca:e8:78:4c,nw_src=10.0.0.102,nw_dst=10.0.0.5,nw_tos=0,icmp_type=8,icmp_code=0,actions=output:5
,cookie=0x0,,duration=332.522s,,table=0,,n_packets=56,,n_bytes=2352,,idle_timeout=60,,idle_age=3,,priority=65535,icmp,in_port=1,vlan_tci=0x0000,dl_src=ee:13:d0:af:e6:04,dl_dst=06:fc:ca:e8:78:4c,nw_src=10.0.0.103,nw_dst=10.0.0.5,nw_tos=0,icmp_type=8,icmp_code=0,actions=output:5
,cookie=0x0,,duration=332.481s,,table=0,,n_packets=56,,n_bytes=2352,,idle_timeout=60,,idle_age=3,,priority=65535,icmp,in_port=1,vlan_tci=0x0000,dl_src=ee:13:d0:af:e6:04,dl_dst=06:fc:ca:e8:78:4c,nw_src=10.0.0.104,nw_dst=10.0.0.5,nw_tos=0,icmp_type=8,icmp_code=0,actions=output:5
,cookie=0x0,,duration=328.660s,,table=0,,n_packets=55,,n_bytes=2310,,idle_timeout=60,,idle_age=3,,priority=65535,icmp,in_port=1,vlan_tci=0x0000,dl_src=ee:13:d0:af:e6:04,dl_dst=06:fc:ca:e8:78:4c,nw_src=10.0.0.105,nw_dst=10.0.0.5,nw_tos=0,icmp_type=8,icmp_code=0,actions=output:5
,cookie=0x0,,duration=328.620s,,table=0,,n_packets=55,,n_bytes=2310,,idle_timeout=60,,idle_age=3,,priority=65535,icmp,in_port=1,vlan_tci=0x0000,dl_src=ee:13:d0:af:e6:04,dl_dst=06:fc:ca:e8:78:4c,nw_src=10.0.0.106,nw_dst=10.0.0.5,nw_tos=0,icmp_type=8,icmp_code=0,actions=output:5
,cookie=0x0,,duration=324.642s,,table=0,,n_packets=54,,n_bytes=2268,,idle_timeout=60,,idle_age=2,,priority=65535,icmp,in_port=1,vlan_tci=0x0000,dl_src=ee:13:d0:af:e6:04,dl_dst=06:fc:ca:e8:78:4c,nw_src=10.0.0.107,nw_dst=10.0.0.5,nw_tos=0,icmp_type=8,icmp_code=0,actions=output:5
,cookie=0x0,,duration=324.601s,,table=0,,n_packets=54,,n_bytes=2268,,idle_timeout=60,,idle_age=2,,priority=65535,icmp,in_port=1,vlan_tci=0x0000,dl_src=ee:13:d0:af:e6:04,dl_dst=06:fc:ca:e8:78:4c,nw_src=10.0.0.108,nw_dst=10.0.0.5,nw_tos=0,icmp_type=8,icmp_code=0,actions=output:5
,cookie=0x0,,duration=320.617s,,table=0,,n_packets=53,,n_bytes=2226,,idle_timeout=60,,idle_age=2,,priority=65535,icmp,in_port=1,vlan_tci=0x0000,dl_src=ee:13:d0:af:e6:04,dl_dst=06:fc:ca:e8:78:4c,nw_src=10.0.0.109,nw_dst=10.0.0.5,nw_tos=0,icmp_type=8,icmp_code=0,actions=output:5
,cookie=0x0,,duration=320.572s,,table=0,,n_packets=53,,n_bytes=2226,,idle_timeout=60,,idle_age=2,,priority=65535,icmp,in_port=1,vlan_tci=0x0000,dl_src=ee:13:d0:af:e6:04,dl_dst=06:fc:ca:e8:78:4c,nw_src=10.0.0.110,nw_dst=10.0.0.5,nw_tos=0,icmp_type=8,icmp_code=0,actions=output:5
,cookie=0x0,,duration=316.498s,,table=0,,n_packets=52,,n_bytes=2184,,idle_timeout=60,,idle_age=2,,priority=65535,icmp,in_port=1,vlan_tci=0x0000,dl_src=ee:13:d0:af:e6:04,dl_dst=06:fc:ca:e8:78:4c,nw_src=10.0.0.111,nw_dst=10.0.0.5,nw_tos=0,icmp_type=8,icmp_code=0,actions=output:5
,cookie=0x0,,duration=316.462s,,table=0,,n_packets=52,,n_bytes=2184,,idle_timeout=60,,idle_age=2,,priority=65535,icmp,in_port=1,vlan_tci=0x0000,dl_src=ee:13:d0:af:e6:04,dl_dst=06:fc:ca:e8:78:4c,nw_src=10.0.0.112,nw_dst=10.0.0.5,nw_tos=0,icmp_type=8,icmp_code=0,actions=output:5
,cookie=0x0,,duration=312.206s,,table=0,,n_packets=51,,n_bytes=2142,,idle_timeout=60,,idle_age=2,,priority=65535,icmp,in_port=1,vlan_tci=0x0000,dl_src=ee:13:d0:af:e6:04,dl_dst=06:fc:ca:e8:78:4c,nw_src=10.0.0.113,nw_dst=10.0.0.5,nw_tos=0,icmp_type=8,icmp_code=0,actions=output:5
,cookie=0x0,,duration=312.173s,,table=0,,n_packets=51,,n_bytes=2142,,idle_timeout=60,,idle_age=2,,priority=65535,icmp,in_port=1,vlan_tci=0x0000,dl_src=ee:13:d0:af:e6:04,dl_dst=06:fc:ca:e8:78:4c,nw_src=10.0.0.114,nw_dst=10.0.0.5,nw_tos=0,icmp_type=8,icmp_code=0,actions=output:5
,cookie=0x0,,duration=307.825s,,table=0,,n_packets=50,,n_bytes=2100,,idle_timeout=60,,idle_age=2,,priority=65535,icmp,in_port=1,vlan_tci=0x0000,dl_src=ee:13:d0:af:e6:04,dl_dst=06:fc:ca:e8:78:4c,nw_src=10.0.0.115,nw_dst=10.0.0.5,nw_tos=0,icmp_type=8,icmp_code=0,actions=output:5
,cookie=0x0,,duration=307.796s,,table=0,,n_packets=50,,n_bytes=2100,,idle_timeout=60,,idle_age=2,,priority=65535,icmp,in_port=1,vlan_tci=0x0000,dl_src=ee:13:d0:af:e6:04,dl_dst=06:fc:ca:e8:78:4c,nw_src=10.0.0.116,nw_dst=10.0.0.5,nw_tos=0,icmp_type=8,icmp_code=0,actions=output:5
,cookie=0x0,,duration=303.421s,,table=0,,n_packets=49,,n_bytes=2058,,idle_timeout=60,,idle_age=2,,priority=65535,icmp,in_port=1,vlan_tci=0x0000,dl_src=ee:13:d0:af:e6:04,dl_dst=06:fc:ca:e8:78:4c,nw_src=10.0.0.117,nw_dst=10.0.0.5,nw_tos=0,icmp_type=8,icmp_code=0,actions=output:5
,cookie=0x0,,duration=303.390s,,table=0,,n_packets=49,,n_bytes=2058,,idle_timeout=60,,idle_age=2,,priority=65535,icmp,in_port=1,vlan_tci=0x0000,dl_src=ee:13:d0:af:e6:04,dl_dst=06:fc:ca:e8:78:4c,nw_src=10.0.0.118,nw_dst=10.0.0.5,nw_tos=0,icmp_type=8,icmp_code=0,actions=output:5
,cookie=0x0,,duration=299.022s,,table=0,,n_packets=48,,n_bytes=2016,,idle_timeout=60,,idle_age=2,,priority=65535,icmp,in_port=1,vlan_tci=0x0000,dl_src=ee:13:d0:af:e6:04,dl_dst=06:fc:ca:e8:78:4c,nw_src=10.0.0.119,nw_dst=10.0.0.5,nw_tos=0,icmp_type=8,icmp_code=0,actions=output:5
,cookie=0x0,,duration=298.981s,,table=0,,n_packets=48,,n_bytes=2016,,idle_timeout=60,,idle_age=2,,priority=65535,icmp,in_port=1,vlan_tci=0x0000,dl_src=ee:13:d0:af:e6:04,dl_dst=06:fc:ca:e8:78:4c,nw_src=10.0.0.120,nw_dst=10.0.0.5,nw_tos=0,icmp_type=8,icmp_code=0,actions=output:5
,cookie=0x0,,duration=294.489s,,table=0,,n_packets=47,,n_bytes=1974,,idle_timeout=60,,idle_age=2,,priority=65535,icmp,in_port=1,vlan_tci=0x0000,dl_src=ee:13:d0:af:e6:04,dl_dst=06:fc:ca:e8:78:4c,nw_src=10.0.0.121,nw_dst=10.0.0.5,nw_tos=0,icmp_type=8,icmp_code=0,actions=output:5
,cookie=0x0,,duration=294.457s,,table=0,,n_packets=47,,n_bytes=1974,,idle_timeout=60,,idle_age=2,,priority=65535,icmp,in_port=1,vlan_tci=0x0000,dl_src=ee:13:d0:af:e6:04,dl_dst=06:fc:ca:e8:78:4c,nw_src=10.0.0.122,nw_dst=10.0.0.5,nw_tos=0,icmp_type=8,icmp_code=0,actions=output:5
,cookie=0x0,,duration=289.849s,,table=0,,n_packets=46,,n_bytes=1932,,idle_timeout=60,,idle_age=2,,priority=65535,icmp,in_port=1,vlan_tci=0x0000,dl_src=ee:13:d0:af:e6:04,dl_dst=06:fc:ca:e8:78:4c,nw_src=10.0.0.123,nw_dst=10.0.0.5,nw_tos=0,icmp_type=8,icmp_code=0,actions=output:5
,cookie=0x0,,duration=289.817s,,table=0,,n_packets=46,,n_bytes=1932,,idle_timeout=60,,idle_age=2,,priority=65535,icmp,in_port=1,vlan_tci=0x0000,dl_src=ee:13:d0:af:e6:04,dl_dst=06:fc:ca:e8:78:4c,nw_src=10.0.0.124,nw_dst=10.0.0.5,nw_tos=0,icmp_type=8,icmp_code=0,actions=output:5
,cookie=0x0,,duration=285.181s,,table=0,,n_packets=45,,n_bytes=1890,,idle_timeout=60,,idle_age=2,,priority=65535,icmp,in_port=1,vlan_tci=0x0000,dl_src=ee:13:d0:af:e6:04,dl_dst=06:fc:ca:e8:78:4c,nw_src=10.0.0.125,nw_dst=10.0.0.5,nw_tos=0,icmp_type=8,icmp_code=0,actions=output:5
,cookie=0x0,,duration=285.136s,,table=0,,n_packets=45,,n_bytes=1890,,idle_timeout=60,,idle_age=2,,priority=65535,icmp,in_port=1,vlan_tci=0x0000,dl_src=ee:13:d0:af:e6:04,dl_dst=06:fc:ca:e8:78:4c,nw_src=10.0.0.126,nw_dst=10.0.0.5,nw_tos=0,icmp_type=8,icmp_code=0,actions=output:5
,cookie=0x0,,duration=280.398s,,table=0,,n_packets=44,,n_bytes=1848,,idle_timeout=60,,idle_age=2,,priority=65535,icmp,in_port=1,vlan_tci=0x0000,dl_src=ee:13:d0:af:e6:04,dl_dst=06:fc:ca:e8:78:4c,nw_src=10.0.0.127,nw_dst=10.0.0.5,nw_tos=0,icmp_type=8,icmp_code=0,actions=output:5
,cookie=0x0,,duration=280.357s,,table=0,,n_packets=44,,n_bytes=1848,,idle_timeout=60,,idle_age=2,,priority=65535,icmp,in_port=1,vlan_tci=0x0000,dl_src=ee:13:d0:af:e6:04,dl_dst=06:fc:ca:e8:78:4c,nw_src=10.0.0.128,nw_dst=10.0.0.5,nw_tos=0,icmp_type=8,icmp_code=0,actions=output:5
,cookie=0x0,,duration=275.546s,,table=0,,n_packets=43,,n_bytes=1806,,idle_timeout=60,,idle_age=2,,priority=65535,icmp,in_port=1,vlan_tci=0x0000,dl_src=ee:13:d0:af:e6:04,dl_dst=06:fc:ca:e8:78:4c,nw_src=10.0.0.129,nw_dst=10.0.0.5,nw_tos=0,icmp_type=8,icmp_code=0,actions=output:5
,cookie=0x0,,duration=275.514s,,table=0,,n_packets=43,,n_bytes=1806,,idle_timeout=60,,idle_age=2,,priority=65535,icmp,in_port=1,vlan_tci=0x0000,dl_src=ee:13:d0:af:e6:04,dl_dst=06:fc:ca:e8:78:4c,nw_src=10.0.0.130,nw_dst=10.0.0.5,nw_tos=0,icmp_type=8,icmp_code=0,actions=output:5
,cookie=0x0,,duration=270.572s,,table=0,,n_packets=42,,n_bytes=1764,,idle_timeout=60,,idle_age=2,,priority=65535,icmp,in_port=1,vlan_tci=0x0000,dl_src=ee:13:d0:af:e6:04,dl_dst=06:fc:ca:e8:78:4c,nw_src=10.0.0.131,nw_dst=10.0.0.5,nw_tos=0,icmp_type=8,icmp_code=0,actions=output:5
,cookie=0x0,,duration=270.536s,,table=0,,n_packets=42,,n_bytes=1764,,idle_timeout=60,,idle_age=2,,priority=65535,icmp,in_port=1,vlan_tci=0x0000,dl_src=ee:13:d0:af:e6:04,dl_dst=06:fc:ca:e8:78:4c,nw_src=10.0.0.132,nw_dst=10.0.0.5,nw_tos=0,icmp_type=8,icmp_code=0,actions=output:5
,cookie=0x0,,duration=265.593s,,table=0,,n_packets=41,,n_bytes=1722,,idle_timeout=60,,idle_age=2,,priority=65535,icmp,in_port=1,vlan_tci=0x0000,dl_src=ee:13:d0:af:e6:04,dl_dst=06:fc:ca:e8:78:4c,nw_src=10.0.0.133,nw_dst=10.0.0.5,nw_tos=0,icmp_type=8,icmp_code=0,actions=output:5
,cookie=0x0,,duration=265.551s,,table=0,,n_packets=41,,n_bytes=1722,,idle_timeout=60,,idle_age=1,,priority=65535,icmp,in_port=1,vlan_tci=0x0000,dl_src=ee:13:d0:af:e6:04,dl_dst=06:fc:ca:e8:78:4c,nw_src=10.0.0.134,nw_dst=10.0.0.5,nw_tos=0,icmp_type=8,icmp_code=0,actions=output:5
,cookie=0x0,,duration=260.505s,,table=0,,n_packets=40,,n_bytes=1680,,idle_timeout=60,,idle_age=1,,priority=65535,icmp,in_port=1,vlan_tci=0x0000,dl_src=ee:13:d0:af:e6:04,dl_dst=06:fc:ca:e8:78:4c,nw_src=10.0.0.135,nw_dst=10.0.0.5,nw_tos=0,icmp_type=8,icmp_code=0,actions=output:5
,cookie=0x0,,duration=260.465s,,table=0,,n_packets=40,,n_bytes=1680,,idle_timeout=60,,idle_age=1,,priority=65535,icmp,in_port=1,vlan_tci=0x0000,dl_src=ee:13:d0:af:e6:04,dl_dst=06:fc:ca:e8:78:4c,nw_src=10.0.0.136,nw_dst=10.0.0.5,nw_tos=0,icmp_type=8,icmp_code=0,actions=output:5
,cookie=0x0,,duration=255.349s,,table=0,,n_packets=39,,n_bytes=1638,,idle_timeout=60,,idle_age=1,,priority=65535,icmp,in_port=1,vlan_tci=0x0000,dl_src=ee:13:d0:af:e6:04,dl_dst=06:fc:ca:e8:78:4c,nw_src=10.0.0.137,nw_dst=10.0.0.5,nw_tos=0,icmp_type=8,icmp_code=0,actions=output:5
,cookie=0x0,,duration=255.304s,,table=0,,n_packets=39,,n_bytes=1638,,idle_timeout=60,,idle_age=1,,priority=65535,icmp,in_port=1,vlan_tci=0x0000,dl_src=ee:13:d0:af:e6:04,dl_dst=06:fc:ca:e8:78:4c,nw_src=10.0.0.138,nw_dst=10.0.0.5,nw_tos=0,icmp_type=8,icmp_code=0,actions=output:5
,cookie=0x0,,duration=250.142s,,table=0,,n_packets=38,,n_bytes=1596,,idle_timeout=60,,idle_age=1,,priority=65535,icmp,in_port=1,vlan_tci=0x0000,dl_src=ee:13:d0:af:e6:04,dl_dst=06:fc:ca:e8:78:4c,nw_src=10.0.0.139,nw_dst=10.0.0.5,nw_tos=0,icmp_type=8,icmp_code=0,actions=output:5
,cookie=0x0,,duration=250.106s,,table=0,,n_packets=38,,n_bytes=1596,,idle_timeout=60,,idle_age=1,,priority=65535,icmp,in_port=1,vlan_tci=0x0000,dl_src=ee:13:d0:af:e6:04,dl_dst=06:fc:ca:e8:78:4c,nw_src=10.0.0.140,nw_dst=10.0.0.5,nw_tos=0,icmp_type=8,icmp_code=0,actions=output:5
,cookie=0x0,,duration=245.034s,,table=0,,n_packets=37,,n_bytes=1554,,idle_timeout=60,,idle_age=1,,priority=65535,icmp,in_port=1,vlan_tci=0x0000,dl_src=ee:13:d0:af:e6:04,dl_dst=06:fc:ca:e8:78:4c,nw_src=10.0.0.141,nw_dst=10.0.0.5,nw_tos=0,icmp_type=8,icmp_code=0,actions=output:5
,cookie=0x0,,duration=244.989s,,table=0,,n_packets=37,,n_bytes=1554,,idle_timeout=60,,idle_age=1,,priority=65535,icmp,in_port=1,vlan_tci=0x0000,dl_src=ee:13:d0:af:e6:04,dl_dst=06:fc:ca:e8:78:4c,nw_src=10.0.0.142,nw_dst=10.0.0.5,nw_tos=0,icmp_type=8,icmp_code=0,actions=output:5
,cookie=0x0,,duration=239.610s,,table=0,,n_packets=36,,n_bytes=1512,,idle_timeout=60,,idle_age=1,,priority=65535,icmp,in_port=1,vlan_tci=0x0000,dl_src=ee:13:d0:af:e6:04,dl_dst=06:fc:ca:e8:78:4c,nw_src=10.0.0.143,nw_dst=10.0.0.5,nw_tos=0,icmp_type=8,icmp_code=0,actions=output:5
,cookie=0x0,,duration=239.569s,,table=0,,n_packets=36,,n_bytes=1512,,idle_timeout=60,,idle_age=1,,priority=65535,icmp,in_port=1,vlan_tci=0x0000,dl_src=ee:13:d0:af:e6:04,dl_dst=06:fc:ca:e8:78:4c,nw_src=10.0.0.144,nw_dst=10.0.0.5,nw_tos=0,icmp_type=8,icmp_code=0,actions=output:5
,cookie=0x0,,duration=234.109s,,table=0,,n_packets=35,,n_bytes=1470,,idle_timeout=60,,idle_age=1,,priority=65535,icmp,in_port=1,vlan_tci=0x0000,dl_src=ee:13:d0:af:e6:04,dl_dst=06:fc:ca:e8:78:4c,nw_src=10.0.0.145,nw_dst=10.0.0.5,nw_tos=0,icmp_type=8,icmp_code=0,actions=output:5
,cookie=0x0,,duration=234.074s,,table=0,,n_packets=35,,n_bytes=1470,,idle_timeout=60,,idle_age=1,,priority=65535,icmp,in_port=1,vlan_tci=0x0000,dl_src=ee:13:d0:af:e6:04,dl_dst=06:fc:ca:e8:78:4c,nw_src=10.0.0.146,nw_dst=10.0.0.5,nw_tos=0,icmp_type=8,icmp_code=0,actions=output:5
,cookie=0x0,,duration=228.630s,,table=0,,n_packets=34,,n_bytes=1428,,idle_timeout=60,,idle_age=1,,priority=65535,icmp,in_port=1,vlan_tci=0x0000,dl_src=ee:13:d0:af:e6:04,dl_dst=06:fc:ca:e8:78:4c,nw_src=10.0.0.147,nw_dst=10.0.0.5,nw_tos=0,icmp_type=8,icmp_code=0,actions=output:5
,cookie=0x0,,duration=228.590s,,table=0,,n_packets=34,,n_bytes=1428,,idle_timeout=60,,idle_age=1,,priority=65535,icmp,in_port=1,vlan_tci=0x0000,dl_src=ee:13:d0:af:e6:04,dl_dst=06:fc:ca:e8:78:4c,nw_src=10.0.0.148,nw_dst=10.0.0.5,nw_tos=0,icmp_type=8,icmp_code=0,actions=output:5
,cookie=0x0,,duration=223.077s,,table=0,,n_packets=33,,n_bytes=1386,,idle_timeout=60,,idle_age=1,,priority=65535,icmp,in_port=1,vlan_tci=0x0000,dl_src=ee:13:d0:af:e6:04,dl_dst=06:fc:ca:e8:78:4c,nw_src=10.0.0.149,nw_dst=10.0.0.5,nw_tos=0,icmp_type=8,icmp_code=0,actions=output:5
,cookie=0x0,,duration=223.041s,,table=0,,n_packets=33,,n_bytes=1386,,idle_timeout=60,,idle_age=1,,priority=65535,icmp,in_port=1,vlan_tci=0x0000,dl_src=ee:13:d0:af:e6:04,dl_dst=06:fc:ca:e8:78:4c,nw_src=10.0.0.150,nw_dst=10.0.0.5,nw_tos=0,icmp_type=8,icmp_code=0,actions=output:5
,cookie=0x0,,duration=217.250s,,table=0,,n_packets=32,,n_bytes=1344,,idle_timeout=60,,idle_age=1,,priority=65535,icmp,in_port=1,vlan_tci=0x0000,dl_src=ee:13:d0:af:e6:04,dl_dst=06:fc:ca:e8:78:4c,nw_src=10.0.0.151,nw_dst=10.0.0.5,nw_tos=0,icmp_type=8,icmp_code=0,actions=output:5
,cookie=0x0,,duration=217.218s,,table=0,,n_packets=32,,n_bytes=1344,,idle_timeout=60,,idle_age=1,,priority=65535,icmp,in_port=1,vlan_tci=0x0000,dl_src=ee:13:d0:af:e6:04,dl_dst=06:fc:ca:e8:78:4c,nw_src=10.0.0.152,nw_dst=10.0.0.5,nw_tos=0,icmp_type=8,icmp_code=0,actions=output:5
,cookie=0x0,,duration=211.497s,,table=0,,n_packets=31,,n_bytes=1302,,idle_timeout=60,,idle_age=1,,priority=65535,icmp,in_port=1,vlan_tci=0x0000,dl_src=ee:13:d0:af:e6:04,dl_dst=06:fc:ca:e8:78:4c,nw_src=10.0.0.153,nw_dst=10.0.0.5,nw_tos=0,icmp_type=8,icmp_code=0,actions=output:5
,cookie=0x0,,duration=211.458s,,table=0,,n_packets=31,,n_bytes=1302,,idle_timeout=60,,idle_age=1,,priority=65535,icmp,in_port=1,vlan_tci=0x0000,dl_src=ee:13:d0:af:e6:04,dl_dst=06:fc:ca:e8:78:4c,nw_src=10.0.0.154,nw_dst=10.0.0.5,nw_tos=0,icmp_type=8,icmp_code=0,actions=output:5
,cookie=0x0,,duration=205.650s,,table=0,,n_packets=30,,n_bytes=1260,,idle_timeout=60,,idle_age=1,,priority=65535,icmp,in_port=1,vlan_tci=0x0000,dl_src=ee:13:d0:af:e6:04,dl_dst=06:fc:ca:e8:78:4c,nw_src=10.0.0.155,nw_dst=10.0.0.5,nw_tos=0,icmp_type=8,icmp_code=0,actions=output:5
,cookie=0x0,,duration=205.610s,,table=0,,n_packets=30,,n_bytes=1260,,idle_timeout=60,,idle_age=1,,priority=65535,icmp,in_port=1,vlan_tci=0x0000,dl_src=ee:13:d0:af:e6:04,dl_dst=06:fc:ca:e8:78:4c,nw_src=10.0.0.156,nw_dst=10.0.0.5,nw_tos=0,icmp_type=8,icmp_code=0,actions=output:5
,cookie=0x0,,duration=199.832s,,table=0,,n_packets=29,,n_bytes=1218,,idle_timeout=60,,idle_age=1,,priority=65535,icmp,in_port=1,vlan_tci=0x0000,dl_src=ee:13:d0:af:e6:04,dl_dst=06:fc:ca:e8:78:4c,nw_src=10.0.0.157,nw_dst=10.0.0.5,nw_tos=0,icmp_type=8,icmp_code=0,actions=output:5
,cookie=0x0,,duration=199.790s,,table=0,,n_packets=29,,n_bytes=1218,,idle_timeout=60,,idle_age=0,,priority=65535,icmp,in_port=1,vlan_tci=0x0000,dl_src=ee:13:d0:af:e6:04,dl_dst=06:fc:ca:e8:78:4c,nw_src=10.0.0.158,nw_dst=10.0.0.5,nw_tos=0,icmp_type=8,icmp_code=0,actions=output:5
,cookie=0x0,,duration=193.824s,,table=0,,n_packets=28,,n_bytes=1176,,idle_timeout=60,,idle_age=0,,priority=65535,icmp,in_port=1,vlan_tci=0x0000,dl_src=ee:13:d0:af:e6:04,dl_dst=06:fc:ca:e8:78:4c,nw_src=10.0.0.159,nw_dst=10.0.0.5,nw_tos=0,icmp_type=8,icmp_code=0,actions=output:5
,cookie=0x0,,duration=193.794s,,table=0,,n_packets=28,,n_bytes=1176,,idle_timeout=60,,idle_age=0,,priority=65535,icmp,in_port=1,vlan_tci=0x0000,dl_src=ee:13:d0:af:e6:04,dl_dst=06:fc:ca:e8:78:4c,nw_src=10.0.0.160,nw_dst=10.0.0.5,nw_tos=0,icmp_type=8,icmp_code=0,actions=output:5
,cookie=0x0,,duration=187.845s,,table=0,,n_packets=27,,n_bytes=1134,,idle_timeout=60,,idle_age=0,,priority=65535,icmp,in_port=1,vlan_tci=0x0000,dl_src=ee:13:d0:af:e6:04,dl_dst=06:fc:ca:e8:78:4c,nw_src=10.0.0.161,nw_dst=10.0.0.5,nw_tos=0,icmp_type=8,icmp_code=0,actions=output:5
,cookie=0x0,,duration=187.812s,,table=0,,n_packets=27,,n_bytes=1134,,idle_timeout=60,,idle_age=0,,priority=65535,icmp,in_port=1,vlan_tci=0x0000,dl_src=ee:13:d0:af:e6:04,dl_dst=06:fc:ca:e8:78:4c,nw_src=10.0.0.162,nw_dst=10.0.0.5,nw_tos=0,icmp_type=8,icmp_code=0,actions=output:5
,cookie=0x0,,duration=181.621s,,table=0,,n_packets=26,,n_bytes=1092,,idle_timeout=60,,idle_age=0,,priority=65535,icmp,in_port=1,vlan_tci=0x0000,dl_src=ee:13:d0:af:e6:04,dl_dst=06:fc:ca:e8:78:4c,nw_src=10.0.0.163,nw_dst=10.0.0.5,nw_tos=0,icmp_type=8,icmp_code=0,actions=output:5
,cookie=0x0,,duration=181.592s,,table=0,,n_packets=26,,n_bytes=1092,,idle_timeout=60,,idle_age=0,,priority=65535,icmp,in_port=1,vlan_tci=0x0000,dl_src=ee:13:d0:af:e6:04,dl_dst=06:fc:ca:e8:78:4c,nw_src=10.0.0.164,nw_dst=10.0.0.5,nw_tos=0,icmp_type=8,icmp_code=0,actions=output:5
,cookie=0x0,,duration=175.460s,,table=0,,n_packets=25,,n_bytes=1050,,idle_timeout=60,,idle_age=0,,priority=65535,icmp,in_port=1,vlan_tci=0x0000,dl_src=ee:13:d0:af:e6:04,dl_dst=06:fc:ca:e8:78:4c,nw_src=10.0.0.165,nw_dst=10.0.0.5,nw_tos=0,icmp_type=8,icmp_code=0,actions=output:5
,cookie=0x0,,duration=175.426s,,table=0,,n_packets=25,,n_bytes=1050,,idle_timeout=60,,idle_age=0,,priority=65535,icmp,in_port=1,vlan_tci=0x0000,dl_src=ee:13:d0:af:e6:04,dl_dst=06:fc:ca:e8:78:4c,nw_src=10.0.0.166,nw_dst=10.0.0.5,nw_tos=0,icmp_type=8,icmp_code=0,actions=output:5
,cookie=0x0,,duration=169.153s,,table=0,,n_packets=24,,n_bytes=1008,,idle_timeout=60,,idle_age=0,,priority=65535,icmp,in_port=1,vlan_tci=0x0000,dl_src=ee:13:d0:af:e6:04,dl_dst=06:fc:ca:e8:78:4c,nw_src=10.0.0.167,nw_dst=10.0.0.5,nw_tos=0,icmp_type=8,icmp_code=0,actions=output:5
,cookie=0x0,,duration=169.117s,,table=0,,n_packets=24,,n_bytes=1008,,idle_timeout=60,,idle_age=0,,priority=65535,icmp,in_port=1,vlan_tci=0x0000,dl_src=ee:13:d0:af:e6:04,dl_dst=06:fc:ca:e8:78:4c,nw_src=10.0.0.168,nw_dst=10.0.0.5,nw_tos=0,icmp_type=8,icmp_code=0,actions=output:5
,cookie=0x0,,duration=162.845s,,table=0,,n_packets=23,,n_bytes=966,,idle_timeout=60,,idle_age=0,,priority=65535,icmp,in_port=1,vlan_tci=0x0000,dl_src=ee:13:d0:af:e6:04,dl_dst=06:fc:ca:e8:78:4c,nw_src=10.0.0.169,nw_dst=10.0.0.5,nw_tos=0,icmp_type=8,icmp_code=0,actions=output:5
,cookie=0x0,,duration=162.801s,,table=0,,n_packets=23,,n_bytes=966,,idle_timeout=60,,idle_age=0,,priority=65535,icmp,in_port=1,vlan_tci=0x0000,dl_src=ee:13:d0:af:e6:04,dl_dst=06:fc:ca:e8:78:4c,nw_src=10.0.0.170,nw_dst=10.0.0.5,nw_tos=0,icmp_type=8,icmp_code=0,actions=output:5
,cookie=0x0,,duration=156.440s,,table=0,,n_packets=22,,n_bytes=924,,idle_timeout=60,,idle_age=0,,priority=65535,icmp,in_port=1,vlan_tci=0x0000,dl_src=ee:13:d0:af:e6:04,dl_dst=06:fc:ca:e8:78:4c,nw_src=10.0.0.171,nw_dst=10.0.0.5,nw_tos=0,icmp_type=8,icmp_code=0,actions=output:5
,cookie=0x0,,duration=156.400s,,table=0,,n_packets=22,,n_bytes=924,,idle_timeout=60,,idle_age=0,,priority=65535,icmp,in_port=1,vlan_tci=0x0000,dl_src=ee:13:d0:af:e6:04,dl_dst=06:fc:ca:e8:78:4c,nw_src=10.0.0.172,nw_dst=10.0.0.5,nw_tos=0,icmp_type=8,icmp_code=0,actions=output:5
,cookie=0x0,,duration=149.879s,,table=0,,n_packets=21,,n_bytes=882,,idle_timeout=60,,idle_age=0,,priority=65535,icmp,in_port=1,vlan_tci=0x0000,dl_src=ee:13:d0:af:e6:04,dl_dst=06:fc:ca:e8:78:4c,nw_src=10.0.0.173,nw_dst=10.0.0.5,nw_tos=0,icmp_type=8,icmp_code=0,actions=output:5
,cookie=0x0,,duration=149.837s,,table=0,,n_packets=21,,n_bytes=882,,idle_timeout=60,,idle_age=0,,priority=65535,icmp,in_port=1,vlan_tci=0x0000,dl_src=ee:13:d0:af:e6:04,dl_dst=06:fc:ca:e8:78:4c,nw_src=10.0.0.174,nw_dst=10.0.0.5,nw_tos=0,icmp_type=8,icmp_code=0,actions=output:5
,cookie=0x0,,duration=143.109s,,table=0,,n_packets=20,,n_bytes=840,,idle_timeout=60,,idle_age=0,,priority=65535,icmp,in_port=1,vlan_tci=0x0000,dl_src=ee:13:d0:af:e6:04,dl_dst=06:fc:ca:e8:78:4c,nw_src=10.0.0.175,nw_dst=10.0.0.5,nw_tos=0,icmp_type=8,icmp_code=0,actions=output:5
,cookie=0x0,,duration=143.078s,,table=0,,n_packets=20,,n_bytes=840,,idle_timeout=60,,idle_age=0,,priority=65535,icmp,in_port=1,vlan_tci=0x0000,dl_src=ee:13:d0:af:e6:04,dl_dst=06:fc:ca:e8:78:4c,nw_src=10.0.0.176,nw_dst=10.0.0.5,nw_tos=0,icmp_type=8,icmp_code=0,actions=output:5
,cookie=0x0,,duration=136.288s,,table=0,,n_packets=19,,n_bytes=798,,idle_timeout=60,,idle_age=0,,priority=65535,icmp,in_port=1,vlan_tci=0x0000,dl_src=ee:13:d0:af:e6:04,dl_dst=06:fc:ca:e8:78:4c,nw_src=10.0.0.177,nw_dst=10.0.0.5,nw_tos=0,icmp_type=8,icmp_code=0,actions=output:5
,cookie=0x0,,duration=136.242s,,table=0,,n_packets=19,,n_bytes=798,,idle_timeout=60,,idle_age=0,,priority=65535,icmp,in_port=1,vlan_tci=0x0000,dl_src=ee:13:d0:af:e6:04,dl_dst=06:fc:ca:e8:78:4c,nw_src=10.0.0.178,nw_dst=10.0.0.5,nw_tos=0,icmp_type=8,icmp_code=0,actions=output:5
,cookie=0x0,,duration=129.232s,,table=0,,n_packets=18,,n_bytes=756,,idle_timeout=60,,idle_age=0,,priority=65535,icmp,in_port=1,vlan_tci=0x0000,dl_src=ee:13:d0:af:e6:04,dl_dst=06:fc:ca:e8:78:4c,nw_src=10.0.0.179,nw_dst=10.0.0.5,nw_tos=0,icmp_type=8,icmp_code=0,actions=output:5
,cookie=0x0,,duration=129.202s,,table=0,,n_packets=18,,n_bytes=756,,idle_timeout=60,,idle_age=0,,priority=65535,icmp,in_port=1,vlan_tci=0x0000,dl_src=ee:13:d0:af:e6:04,dl_dst=06:fc:ca:e8:78:4c,nw_src=10.0.0.180,nw_dst=10.0.0.5,nw_tos=0,icmp_type=8,icmp_code=0,actions=output:5
,cookie=0x0,,duration=122.273s,,table=0,,n_packets=17,,n_bytes=714,,idle_timeout=60,,idle_age=0,,priority=65535,icmp,in_port=1,vlan_tci=0x0000,dl_src=ee:13:d0:af:e6:04,dl_dst=06:fc:ca:e8:78:4c,nw_src=10.0.0.181,nw_dst=10.0.0.5,nw_tos=0,icmp_type=8,icmp_code=0,actions=output:5
,cookie=0x0,,duration=122.241s,,table=0,,n_packets=17,,n_bytes=714,,idle_timeout=60,,idle_age=0,,priority=65535,icmp,in_port=1,vlan_tci=0x0000,dl_src=ee:13:d0:af:e6:04,dl_dst=06:fc:ca:e8:78:4c,nw_src=10.0.0.182,nw_dst=10.0.0.5,nw_tos=0,icmp_type=8,icmp_code=0,actions=output:5
,cookie=0x0,,duration=115.244s,,table=0,,n_packets=15,,n_bytes=630,,idle_timeout=60,,idle_age=8,,priority=65535,icmp,in_port=1,vlan_tci=0x0000,dl_src=ee:13:d0:af:e6:04,dl_dst=06:fc:ca:e8:78:4c,nw_src=10.0.0.183,nw_dst=10.0.0.5,nw_tos=0,icmp_type=8,icmp_code=0,actions=output:5
,cookie=0x0,,duration=115.201s,,table=0,,n_packets=15,,n_bytes=630,,idle_timeout=60,,idle_age=8,,priority=65535,icmp,in_port=1,vlan_tci=0x0000,dl_src=ee:13:d0:af:e6:04,dl_dst=06:fc:ca:e8:78:4c,nw_src=10.0.0.184,nw_dst=10.0.0.5,nw_tos=0,icmp_type=8,icmp_code=0,actions=output:5
,cookie=0x0,,duration=107.881s,,table=0,,n_packets=14,,n_bytes=588,,idle_timeout=60,,idle_age=8,,priority=65535,icmp,in_port=1,vlan_tci=0x0000,dl_src=ee:13:d0:af:e6:04,dl_dst=06:fc:ca:e8:78:4c,nw_src=10.0.0.185,nw_dst=10.0.0.5,nw_tos=0,icmp_type=8,icmp_code=0,actions=output:5
,cookie=0x0,,duration=107.829s,,table=0,,n_packets=14,,n_bytes=588,,idle_timeout=60,,idle_age=8,,priority=65535,icmp,in_port=1,vlan_tci=0x0000,dl_src=ee:13:d0:af:e6:04,dl_dst=06:fc:ca:e8:78:4c,nw_src=10.0.0.186,nw_dst=10.0.0.5,nw_tos=0,icmp_type=8,icmp_code=0,actions=output:5
,cookie=0x0,,duration=100.665s,,table=0,,n_packets=13,,n_bytes=546,,idle_timeout=60,,idle_age=8,,priority=65535,icmp,in_port=1,vlan_tci=0x0000,dl_src=ee:13:d0:af:e6:04,dl_dst=06:fc:ca:e8:78:4c,nw_src=10.0.0.187,nw_dst=10.0.0.5,nw_tos=0,icmp_type=8,icmp_code=0,actions=output:5
,cookie=0x0,,duration=100.615s,,table=0,,n_packets=13,,n_bytes=546,,idle_timeout=60,,idle_age=8,,priority=65535,icmp,in_port=1,vlan_tci=0x0000,dl_src=ee:13:d0:af:e6:04,dl_dst=06:fc:ca:e8:78:4c,nw_src=10.0.0.188,nw_dst=10.0.0.5,nw_tos=0,icmp_type=8,icmp_code=0,actions=output:5
,cookie=0x0,,duration=93.529s,,table=0,,n_packets=12,,n_bytes=504,,idle_timeout=60,,idle_age=7,,priority=65535,icmp,in_port=1,vlan_tci=0x0000,dl_src=ee:13:d0:af:e6:04,dl_dst=06:fc:ca:e8:78:4c,nw_src=10.0.0.189,nw_dst=10.0.0.5,nw_tos=0,icmp_type=8,icmp_code=0,actions=output:5
,cookie=0x0,,duration=93.485s,,table=0,,n_packets=12,,n_bytes=504,,idle_timeout=60,,idle_age=7,,priority=65535,icmp,in_port=1,vlan_tci=0x0000,dl_src=ee:13:d0:af:e6:04,dl_dst=06:fc:ca:e8:78:4c,nw_src=10.0.0.190,nw_dst=10.0.0.5,nw_tos=0,icmp_type=8,icmp_code=0,actions=output:5
,cookie=0x0,,duration=86.141s,,table=0,,n_packets=11,,n_bytes=462,,idle_timeout=60,,idle_age=7,,priority=65535,icmp,in_port=1,vlan_tci=0x0000,dl_src=ee:13:d0:af:e6:04,dl_dst=06:fc:ca:e8:78:4c,nw_src=10.0.0.191,nw_dst=10.0.0.5,nw_tos=0,icmp_type=8,icmp_code=0,actions=output:5
,cookie=0x0,,duration=86.092s,,table=0,,n_packets=11,,n_bytes=462,,idle_timeout=60,,idle_age=7,,priority=65535,icmp,in_port=1,vlan_tci=0x0000,dl_src=ee:13:d0:af:e6:04,dl_dst=06:fc:ca:e8:78:4c,nw_src=10.0.0.192,nw_dst=10.0.0.5,nw_tos=0,icmp_type=8,icmp_code=0,actions=output:5
,cookie=0x0,,duration=78.585s,,table=0,,n_packets=10,,n_bytes=420,,idle_timeout=60,,idle_age=7,,priority=65535,icmp,in_port=1,vlan_tci=0x0000,dl_src=ee:13:d0:af:e6:04,dl_dst=06:fc:ca:e8:78:4c,nw_src=10.0.0.193,nw_dst=10.0.0.5,nw_tos=0,icmp_type=8,icmp_code=0,actions=output:5
,cookie=0x0,,duration=78.537s,,table=0,,n_packets=10,,n_bytes=420,,idle_timeout=60,,idle_age=7,,priority=65535,icmp,in_port=1,vlan_tci=0x0000,dl_src=ee:13:d0:af:e6:04,dl_dst=06:fc:ca:e8:78:4c,nw_src=10.0.0.194,nw_dst=10.0.0.5,nw_tos=0,icmp_type=8,icmp_code=0,actions=output:5
,cookie=0x0,,duration=70.889s,,table=0,,n_packets=9,,n_bytes=378,,idle_timeout=60,,idle_age=7,,priority=65535,icmp,in_port=1,vlan_tci=0x0000,dl_src=ee:13:d0:af:e6:04,dl_dst=06:fc:ca:e8:78:4c,nw_src=10.0.0.195,nw_dst=10.0.0.5,nw_tos=0,icmp_type=8,icmp_code=0,actions=output:5
,cookie=0x0,,duration=70.857s,,table=0,,n_packets=9,,n_bytes=378,,idle_timeout=60,,idle_age=7,,priority=65535,icmp,in_port=1,vlan_tci=0x0000,dl_src=ee:13:d0:af:e6:04,dl_dst=06:fc:ca:e8:78:4c,nw_src=10.0.0.196,nw_dst=10.0.0.5,nw_tos=0,icmp_type=8,icmp_code=0,actions=output:5
,cookie=0x0,,duration=63.226s,,table=0,,n_packets=8,,n_bytes=336,,idle_timeout=60,,idle_age=7,,priority=65535,icmp,in_port=1,vlan_tci=0x0000,dl_src=ee:13:d0:af:e6:04,dl_dst=06:fc:ca:e8:78:4c,nw_src=10.0.0.197,nw_dst=10.0.0.5,nw_tos=0,icmp_type=8,icmp_code=0,actions=output:5
,cookie=0x0,,duration=63.185s,,table=0,,n_packets=8,,n_bytes=336,,idle_timeout=60,,idle_age=7,,priority=65535,icmp,in_port=1,vlan_tci=0x0000,dl_src=ee:13:d0:af:e6:04,dl_dst=06:fc:ca:e8:78:4c,nw_src=10.0.0.198,nw_dst=10.0.0.5,nw_tos=0,icmp_type=8,icmp_code=0,actions=output:5
,cookie=0x0,,duration=55.441s,,table=0,,n_packets=7,,n_bytes=294,,idle_timeout=60,,idle_age=7,,priority=65535,icmp,in_port=1,vlan_tci=0x0000,dl_src=ee:13:d0:af:e6:04,dl_dst=06:fc:ca:e8:78:4c,nw_src=10.0.0.199,nw_dst=10.0.0.5,nw_tos=0,icmp_type=8,icmp_code=0,actions=output:5
,cookie=0x0,,duration=55.401s,,table=0,,n_packets=7,,n_bytes=294,,idle_timeout=60,,idle_age=7,,priority=65535,icmp,in_port=1,vlan_tci=0x0000,dl_src=ee:13:d0:af:e6:04,dl_dst=06:fc:ca:e8:78:4c,nw_src=10.0.0.200,nw_dst=10.0.0.5,nw_tos=0,icmp_type=8,icmp_code=0,actions=output:5
,cookie=0x0,,duration=47.685s,,table=0,,n_packets=6,,n_bytes=252,,idle_timeout=60,,idle_age=7,,priority=65535,icmp,in_port=1,vlan_tci=0x0000,dl_src=ee:13:d0:af:e6:04,dl_dst=06:fc:ca:e8:78:4c,nw_src=10.0.0.201,nw_dst=10.0.0.5,nw_tos=0,icmp_type=8,icmp_code=0,actions=output:5
,cookie=0x0,,duration=47.653s,,table=0,,n_packets=6,,n_bytes=252,,idle_timeout=60,,idle_age=7,,priority=65535,icmp,in_port=1,vlan_tci=0x0000,dl_src=ee:13:d0:af:e6:04,dl_dst=06:fc:ca:e8:78:4c,nw_src=10.0.0.202,nw_dst=10.0.0.5,nw_tos=0,icmp_type=8,icmp_code=0,actions=output:5
,cookie=0x0,,duration=39.729s,,table=0,,n_packets=5,,n_bytes=210,,idle_timeout=60,,idle_age=7,,priority=65535,icmp,in_port=1,vlan_tci=0x0000,dl_src=ee:13:d0:af:e6:04,dl_dst=06:fc:ca:e8:78:4c,nw_src=10.0.0.203,nw_dst=10.0.0.5,nw_tos=0,icmp_type=8,icmp_code=0,actions=output:5
,cookie=0x0,,duration=39.693s,,table=0,,n_packets=5,,n_bytes=210,,idle_timeout=60,,idle_age=7,,priority=65535,icmp,in_port=1,vlan_tci=0x0000,dl_src=ee:13:d0:af:e6:04,dl_dst=06:fc:ca:e8:78:4c,nw_src=10.0.0.204,nw_dst=10.0.0.5,nw_tos=0,icmp_type=8,icmp_code=0,actions=output:5
,cookie=0x0,,duration=31.858s,,table=0,,n_packets=4,,n_bytes=168,,idle_timeout=60,,idle_age=7,,priority=65535,icmp,in_port=1,vlan_tci=0x0000,dl_src=ee:13:d0:af:e6:04,dl_dst=06:fc:ca:e8:78:4c,nw_src=10.0.0.205,nw_dst=10.0.0.5,nw_tos=0,icmp_type=8,icmp_code=0,actions=output:5
,cookie=0x0,,duration=31.812s,,table=0,,n_packets=4,,n_bytes=168,,idle_timeout=60,,idle_age=7,,priority=65535,icmp,in_port=1,vlan_tci=0x0000,dl_src=ee:13:d0:af:e6:04,dl_dst=06:fc:ca:e8:78:4c,nw_src=10.0.0.206,nw_dst=10.0.0.5,nw_tos=0,icmp_type=8,icmp_code=0,actions=output:5
,cookie=0x0,,duration=23.721s,,table=0,,n_packets=3,,n_bytes=126,,idle_timeout=60,,idle_age=7,,priority=65535,icmp,in_port=1,vlan_tci=0x0000,dl_src=ee:13:d0:af:e6:04,dl_dst=06:fc:ca:e8:78:4c,nw_src=10.0.0.207,nw_dst=10.0.0.5,nw_tos=0,icmp_type=8,icmp_code=0,actions=output:5
,cookie=0x0,,duration=23.674s,,table=0,,n_packets=3,,n_bytes=126,,idle_timeout=60,,idle_age=7,,priority=65535,icmp,in_port=1,vlan_tci=0x0000,dl_src=ee:13:d0:af:e6:04,dl_dst=06:fc:ca:e8:78:4c,nw_src=10.0.0.208,nw_dst=10.0.0.5,nw_tos=0,icmp_type=8,icmp_code=0,actions=output:5
,cookie=0x0,,duration=15.341s,,table=0,,n_packets=2,,n_bytes=84,,idle_timeout=60,,idle_age=7,,priority=65535,icmp,in_port=1,vlan_tci=0x0000,dl_src=ee:13:d0:af:e6:04,dl_dst=06:fc:ca:e8:78:4c,nw_src=10.0.0.209,nw_dst=10.0.0.5,nw_tos=0,icmp_type=8,icmp_code=0,actions=output:5
,cookie=0x0,,duration=15.300s,,table=0,,n_packets=2,,n_bytes=84,,idle_timeout=60,,idle_age=7,,priority=65535,icmp,in_port=1,vlan_tci=0x0000,dl_src=ee:13:d0:af:e6:04,dl_dst=06:fc:ca:e8:78:4c,nw_src=10.0.0.210,nw_dst=10.0.0.5,nw_tos=0,icmp_type=8,icmp_code=0,actions=output:5
,cookie=0x0,,duration=7.092s,,table=0,,n_packets=1,,n_bytes=42,,idle_timeout=60,,idle_age=7,,priority=65535,icmp,in_port=1,vlan_tci=0x0000,dl_src=ee:13:d0:af:e6:04,dl_dst=06:fc:ca:e8:78:4c,nw_src=10.0.0.211,nw_dst=10.0.0.5,nw_tos=0,icmp_type=8,icmp_code=0,actions=output:5
,cookie=0x0,,duration=7.057s,,table=0,,n_packets=1,,n_bytes=42,,idle_timeout=60,,idle_age=7,,priority=65535,icmp,in_port=1,vlan_tci=0x0000,dl_src=ee:13:d0:af:e6:04,dl_dst=06:fc:ca:e8:78:4c,nw_src=10.0.0.212,nw_dst=10.0.0.5,nw_tos=0,icmp_type=8,icmp_code=0,actions=output:5
