 cookie=0x0, duration=693.074s, table=0, n_packets=21, n_bytes=882, idle_timeout=60, idle_age=6, priority=65535,arp,in_port=5,vlan_tci=0x0000,dl_src=9e:76:a7:f1:fc:ae,dl_dst=aa:1b:62:bf:a8:49,arp_spa=10.0.0.5,arp_tpa=10.0.0.4,arp_op=1 actions=output:4
 cookie=0x0, duration=693.072s, table=0, n_packets=21, n_bytes=882, idle_timeout=60, idle_age=6, priority=65535,arp,in_port=4,vlan_tci=0x0000,dl_src=aa:1b:62:bf:a8:49,dl_dst=9e:76:a7:f1:fc:ae,arp_spa=10.0.0.4,arp_tpa=10.0.0.5,arp_op=2 actions=output:5
 cookie=0x0, duration=693.072s, table=0, n_packets=21, n_bytes=882, idle_timeout=60, idle_age=6, priority=65535,arp,in_port=3,vlan_tci=0x0000,dl_src=72:2b:2c:d0:30:3e,dl_dst=9e:76:a7:f1:fc:ae,arp_spa=10.0.0.3,arp_tpa=10.0.0.5,arp_op=2 actions=output:5
 cookie=0x0, duration=693.072s, table=0, n_packets=20, n_bytes=840, idle_timeout=60, idle_age=35, priority=65535,arp,in_port=2,vlan_tci=0x0000,dl_src=2e:8f:03:9c:15:59,dl_dst=9e:76:a7:f1:fc:ae,arp_spa=10.0.0.2,arp_tpa=10.0.0.5,arp_op=2 actions=output:5
 cookie=0x0, duration=692.818s, table=0, n_packets=20, n_bytes=840, idle_timeout=60, idle_age=35, priority=65535,arp,in_port=5,vlan_tci=0x0000,dl_src=9e:76:a7:f1:fc:ae,dl_dst=32:6c:da:b3:d3:97,arp_spa=10.0.0.5,arp_tpa=10.0.0.8,arp_op=1 actions=output:8
 cookie=0x0, duration=692.818s, table=0, n_packets=20, n_bytes=840, idle_timeout=60, idle_age=35, priority=65535,arp,in_port=5,vlan_tci=0x0000,dl_src=9e:76:a7:f1:fc:ae,dl_dst=26:03:02:7a:f7:fe,arp_spa=10.0.0.5,arp_tpa=10.0.0.7,arp_op=1 actions=output:7
 cookie=0x0, duration=692.817s, table=0, n_packets=20, n_bytes=840, idle_timeout=60, idle_age=35, priority=65535,arp,in_port=5,vlan_tci=0x0000,dl_src=9e:76:a7:f1:fc:ae,dl_dst=a2:6e:ba:99:8e:0e,arp_spa=10.0.0.5,arp_tpa=10.0.0.6,arp_op=1 actions=output:6
 cookie=0x0, duration=692.817s, table=0, n_packets=20, n_bytes=840, idle_timeout=60, idle_age=35, priority=65535,arp,in_port=10,vlan_tci=0x0000,dl_src=fa:94:ff:39:e9:af,dl_dst=9e:76:a7:f1:fc:ae,arp_spa=10.0.0.10,arp_tpa=10.0.0.5,arp_op=2 actions=output:5
 cookie=0x0, duration=692.817s, table=0, n_packets=20, n_bytes=840, idle_timeout=60, idle_age=35, priority=65535,arp,in_port=9,vlan_tci=0x0000,dl_src=6e:5e:68:d1:02:d5,dl_dst=9e:76:a7:f1:fc:ae,arp_spa=10.0.0.9,arp_tpa=10.0.0.5,arp_op=2 actions=output:5
 cookie=0x0, duration=692.817s, table=0, n_packets=20, n_bytes=840, idle_timeout=60, idle_age=35, priority=65535,arp,in_port=8,vlan_tci=0x0000,dl_src=32:6c:da:b3:d3:97,dl_dst=9e:76:a7:f1:fc:ae,arp_spa=10.0.0.8,arp_tpa=10.0.0.5,arp_op=2 actions=output:5
 cookie=0x0, duration=692.817s, table=0, n_packets=20, n_bytes=840, idle_timeout=60, idle_age=35, priority=65535,arp,in_port=7,vlan_tci=0x0000,dl_src=26:03:02:7a:f7:fe,dl_dst=9e:76:a7:f1:fc:ae,arp_spa=10.0.0.7,arp_tpa=10.0.0.5,arp_op=2 actions=output:5
 cookie=0x0, duration=692.816s, table=0, n_packets=20, n_bytes=840, idle_timeout=60, idle_age=35, priority=65535,arp,in_port=6,vlan_tci=0x0000,dl_src=a2:6e:ba:99:8e:0e,dl_dst=9e:76:a7:f1:fc:ae,arp_spa=10.0.0.6,arp_tpa=10.0.0.5,arp_op=2 actions=output:5
 cookie=0x0, duration=660.818s, table=0, n_packets=19, n_bytes=798, idle_timeout=60, idle_age=35, priority=65535,arp,in_port=5,vlan_tci=0x0000,dl_src=9e:76:a7:f1:fc:ae,dl_dst=6e:5e:68:d1:02:d5,arp_spa=10.0.0.5,arp_tpa=10.0.0.9,arp_op=1 actions=output:9
 cookie=0x0, duration=660.818s, table=0, n_packets=20, n_bytes=840, idle_timeout=60, idle_age=6, priority=65535,arp,in_port=5,vlan_tci=0x0000,dl_src=9e:76:a7:f1:fc:ae,dl_dst=72:2b:2c:d0:30:3e,arp_spa=10.0.0.5,arp_tpa=10.0.0.3,arp_op=1 actions=output:3
 cookie=0x0, duration=660.818s, table=0, n_packets=19, n_bytes=798, idle_timeout=60, idle_age=35, priority=65535,arp,in_port=5,vlan_tci=0x0000,dl_src=9e:76:a7:f1:fc:ae,dl_dst=2e:8f:03:9c:15:59,arp_spa=10.0.0.5,arp_tpa=10.0.0.2,arp_op=1 actions=output:2
 cookie=0x0, duration=660.559s, table=0, n_packets=19, n_bytes=798, idle_timeout=60, idle_age=35, priority=65535,arp,in_port=5,vlan_tci=0x0000,dl_src=9e:76:a7:f1:fc:ae,dl_dst=fa:94:ff:39:e9:af,arp_spa=10.0.0.5,arp_tpa=10.0.0.10,arp_op=1 actions=output:10
 cookie=0x0, duration=698.206s, table=0, n_packets=125, n_bytes=5250, idle_timeout=60, idle_age=1, priority=65535,icmp,in_port=1,vlan_tci=0x0000,dl_src=4e:b6:c1:74:0f:7d,dl_dst=9e:76:a7:f1:fc:ae,nw_src=10.0.0.2,nw_dst=10.0.0.5,nw_tos=0,icmp_type=8,icmp_code=0 actions=output:5
 cookie=0x0, duration=698.169s, table=0, n_packets=124, n_bytes=5208, idle_timeout=60, idle_age=1, priority=65535,icmp,in_port=1,vlan_tci=0x0000,dl_src=4e:b6:c1:74:0f:7d,dl_dst=9e:76:a7:f1:fc:ae,nw_src=10.0.0.3,nw_dst=10.0.0.5,nw_tos=0,icmp_type=8,icmp_code=0 actions=output:5
 cookie=0x0, duration=698.138s, table=0, n_packets=124, n_bytes=5208, idle_timeout=60, idle_age=1, priority=65535,icmp,in_port=1,vlan_tci=0x0000,dl_src=4e:b6:c1:74:0f:7d,dl_dst=9e:76:a7:f1:fc:ae,nw_src=10.0.0.4,nw_dst=10.0.0.5,nw_tos=0,icmp_type=8,icmp_code=0 actions=output:5
 cookie=0x0, duration=698.137s, table=0, n_packets=124, n_bytes=5208, idle_timeout=60, idle_age=1, priority=65535,icmp,in_port=5,vlan_tci=0x0000,dl_src=9e:76:a7:f1:fc:ae,dl_dst=aa:1b:62:bf:a8:49,nw_src=10.0.0.5,nw_dst=10.0.0.4,nw_tos=0,icmp_type=0,icmp_code=0 actions=output:4
 cookie=0x0, duration=698.106s, table=0, n_packets=124, n_bytes=5208, idle_timeout=60, idle_age=1, priority=65535,icmp,in_port=1,vlan_tci=0x0000,dl_src=4e:b6:c1:74:0f:7d,dl_dst=9e:76:a7:f1:fc:ae,nw_src=10.0.0.5,nw_dst=10.0.0.5,nw_tos=0,icmp_type=8,icmp_code=0 actions=output:5
 cookie=0x0, duration=698.061s, table=0, n_packets=124, n_bytes=5208, idle_timeout=60, idle_age=1, priority=65535,icmp,in_port=1,vlan_tci=0x0000,dl_src=4e:b6:c1:74:0f:7d,dl_dst=9e:76:a7:f1:fc:ae,nw_src=10.0.0.6,nw_dst=10.0.0.5,nw_tos=0,icmp_type=8,icmp_code=0 actions=output:5
 cookie=0x0, duration=698.059s, table=0, n_packets=124, n_bytes=5208, idle_timeout=60, idle_age=1, priority=65535,icmp,in_port=5,vlan_tci=0x0000,dl_src=9e:76:a7:f1:fc:ae,dl_dst=a2:6e:ba:99:8e:0e,nw_src=10.0.0.5,nw_dst=10.0.0.6,nw_tos=0,icmp_type=0,icmp_code=0 actions=output:6
 cookie=0x0, duration=698.012s, table=0, n_packets=124, n_bytes=5208, idle_timeout=60, idle_age=1, priority=65535,icmp,in_port=1,vlan_tci=0x0000,dl_src=4e:b6:c1:74:0f:7d,dl_dst=9e:76:a7:f1:fc:ae,nw_src=10.0.0.7,nw_dst=10.0.0.5,nw_tos=0,icmp_type=8,icmp_code=0 actions=output:5
 cookie=0x0, duration=698.011s, table=0, n_packets=124, n_bytes=5208, idle_timeout=60, idle_age=1, priority=65535,icmp,in_port=5,vlan_tci=0x0000,dl_src=9e:76:a7:f1:fc:ae,dl_dst=26:03:02:7a:f7:fe,nw_src=10.0.0.5,nw_dst=10.0.0.7,nw_tos=0,icmp_type=0,icmp_code=0 actions=output:7
 cookie=0x0, duration=697.970s, table=0, n_packets=124, n_bytes=5208, idle_timeout=60, idle_age=1, priority=65535,icmp,in_port=1,vlan_tci=0x0000,dl_src=4e:b6:c1:74:0f:7d,dl_dst=9e:76:a7:f1:fc:ae,nw_src=10.0.0.8,nw_dst=10.0.0.5,nw_tos=0,icmp_type=8,icmp_code=0 actions=output:5
 cookie=0x0, duration=697.967s, table=0, n_packets=124, n_bytes=5208, idle_timeout=60, idle_age=1, priority=65535,icmp,in_port=5,vlan_tci=0x0000,dl_src=9e:76:a7:f1:fc:ae,dl_dst=32:6c:da:b3:d3:97,nw_src=10.0.0.5,nw_dst=10.0.0.8,nw_tos=0,icmp_type=0,icmp_code=0 actions=output:8
 cookie=0x0, duration=697.928s, table=0, n_packets=124, n_bytes=5208, idle_timeout=60, idle_age=1, priority=65535,icmp,in_port=1,vlan_tci=0x0000,dl_src=4e:b6:c1:74:0f:7d,dl_dst=9e:76:a7:f1:fc:ae,nw_src=10.0.0.9,nw_dst=10.0.0.5,nw_tos=0,icmp_type=8,icmp_code=0 actions=output:5
 cookie=0x0, duration=697.893s, table=0, n_packets=124, n_bytes=5208, idle_timeout=60, idle_age=1, priority=65535,icmp,in_port=1,vlan_tci=0x0000,dl_src=4e:b6:c1:74:0f:7d,dl_dst=9e:76:a7:f1:fc:ae,nw_src=10.0.0.10,nw_dst=10.0.0.5,nw_tos=0,icmp_type=8,icmp_code=0 actions=output:5
 cookie=0x0, duration=696.555s, table=0, n_packets=124, n_bytes=5208, idle_timeout=60, idle_age=1, priority=65535,icmp,in_port=1,vlan_tci=0x0000,dl_src=4e:b6:c1:74:0f:7d,dl_dst=9e:76:a7:f1:fc:ae,nw_src=10.0.10.11,nw_dst=10.0.0.5,nw_tos=0,icmp_type=8,icmp_code=0 actions=output:5
 cookie=0x0, duration=696.521s, table=0, n_packets=123, n_bytes=5166, idle_timeout=60, idle_age=1, priority=65535,icmp,in_port=1,vlan_tci=0x0000,dl_src=4e:b6:c1:74:0f:7d,dl_dst=9e:76:a7:f1:fc:ae,nw_src=10.0.10.12,nw_dst=10.0.0.5,nw_tos=0,icmp_type=8,icmp_code=0 actions=output:5
 cookie=0x0, duration=695.089s, table=0, n_packets=123, n_bytes=5166, idle_timeout=60, idle_age=1, priority=65535,icmp,in_port=1,vlan_tci=0x0000,dl_src=4e:b6:c1:74:0f:7d,dl_dst=9e:76:a7:f1:fc:ae,nw_src=10.0.12.13,nw_dst=10.0.0.5,nw_tos=0,icmp_type=8,icmp_code=0 actions=output:5
 cookie=0x0, duration=695.057s, table=0, n_packets=122, n_bytes=5124, idle_timeout=60, idle_age=1, priority=65535,icmp,in_port=1,vlan_tci=0x0000,dl_src=4e:b6:c1:74:0f:7d,dl_dst=9e:76:a7:f1:fc:ae,nw_src=10.0.12.14,nw_dst=10.0.0.5,nw_tos=0,icmp_type=8,icmp_code=0 actions=output:5
 cookie=0x0, duration=693.569s, table=0, n_packets=122, n_bytes=5124, idle_timeout=60, idle_age=1, priority=65535,icmp,in_port=1,vlan_tci=0x0000,dl_src=4e:b6:c1:74:0f:7d,dl_dst=9e:76:a7:f1:fc:ae,nw_src=10.0.14.15,nw_dst=10.0.0.5,nw_tos=0,icmp_type=8,icmp_code=0 actions=output:5
 cookie=0x0, duration=693.537s, table=0, n_packets=121, n_bytes=5082, idle_timeout=60, idle_age=1, priority=65535,icmp,in_port=1,vlan_tci=0x0000,dl_src=4e:b6:c1:74:0f:7d,dl_dst=9e:76:a7:f1:fc:ae,nw_src=10.0.14.16,nw_dst=10.0.0.5,nw_tos=0,icmp_type=8,icmp_code=0 actions=output:5
 cookie=0x0, duration=692.502s, table=0, n_packets=121, n_bytes=5082, idle_timeout=60, idle_age=1, priority=65535,icmp,in_port=5,vlan_tci=0x0000,dl_src=9e:76:a7:f1:fc:ae,dl_dst=2e:8f:03:9c:15:59,nw_src=10.0.0.5,nw_dst=10.0.0.2,nw_tos=0,icmp_type=0,icmp_code=0 actions=output:2
 cookie=0x0, duration=692.469s, table=0, n_packets=121, n_bytes=5082, idle_timeout=60, idle_age=1, priority=65535,icmp,in_port=5,vlan_tci=0x0000,dl_src=9e:76:a7:f1:fc:ae,dl_dst=72:2b:2c:d0:30:3e,nw_src=10.0.0.5,nw_dst=10.0.0.3,nw_tos=0,icmp_type=0,icmp_code=0 actions=output:3
 cookie=0x0, duration=692.265s, table=0, n_packets=121, n_bytes=5082, idle_timeout=60, idle_age=1, priority=65535,icmp,in_port=5,vlan_tci=0x0000,dl_src=9e:76:a7:f1:fc:ae,dl_dst=6e:5e:68:d1:02:d5,nw_src=10.0.0.5,nw_dst=10.0.0.9,nw_tos=0,icmp_type=0,icmp_code=0 actions=output:9
 cookie=0x0, duration=692.228s, table=0, n_packets=121, n_bytes=5082, idle_timeout=60, idle_age=1, priority=65535,icmp,in_port=5,vlan_tci=0x0000,dl_src=9e:76:a7:f1:fc:ae,dl_dst=fa:94:ff:39:e9:af,nw_src=10.0.0.5,nw_dst=10.0.0.10,nw_tos=0,icmp_type=0,icmp_code=0 actions=output:10
 cookie=0x0, duration=691.949s, table=0, n_packets=121, n_bytes=5082, idle_timeout=60, idle_age=0, priority=65535,icmp,in_port=1,vlan_tci=0x0000,dl_src=4e:b6:c1:74:0f:7d,dl_dst=9e:76:a7:f1:fc:ae,nw_src=10.0.16.17,nw_dst=10.0.0.5,nw_tos=0,icmp_type=8,icmp_code=0 actions=output:5
 cookie=0x0, duration=691.912s, table=0, n_packets=120, n_bytes=5040, idle_timeout=60, idle_age=0, priority=65535,icmp,in_port=1,vlan_tci=0x0000,dl_src=4e:b6:c1:74:0f:7d,dl_dst=9e:76:a7:f1:fc:ae,nw_src=10.0.16.18,nw_dst=10.0.0.5,nw_tos=0,icmp_type=8,icmp_code=0 actions=output:5
 cookie=0x0, duration=690.273s, table=0, n_packets=120, n_bytes=5040, idle_timeout=60, idle_age=0, priority=65535,icmp,in_port=1,vlan_tci=0x0000,dl_src=4e:b6:c1:74:0f:7d,dl_dst=9e:76:a7:f1:fc:ae,nw_src=10.0.18.19,nw_dst=10.0.0.5,nw_tos=0,icmp_type=8,icmp_code=0 actions=output:5
 cookie=0x0, duration=690.237s, table=0, n_packets=119, n_bytes=4998, idle_timeout=60, idle_age=0, priority=65535,icmp,in_port=1,vlan_tci=0x0000,dl_src=4e:b6:c1:74:0f:7d,dl_dst=9e:76:a7:f1:fc:ae,nw_src=10.0.18.20,nw_dst=10.0.0.5,nw_tos=0,icmp_type=8,icmp_code=0 actions=output:5
 cookie=0x0, duration=688.520s, table=0, n_packets=119, n_bytes=4998, idle_timeout=60, idle_age=0, priority=65535,icmp,in_port=1,vlan_tci=0x0000,dl_src=4e:b6:c1:74:0f:7d,dl_dst=9e:76:a7:f1:fc:ae,nw_src=10.0.20.21,nw_dst=10.0.0.5,nw_tos=0,icmp_type=8,icmp_code=0 actions=output:5
 cookie=0x0, duration=688.481s, table=0, n_packets=118, n_bytes=4956, idle_timeout=60, idle_age=0, priority=65535,icmp,in_port=1,vlan_tci=0x0000,dl_src=4e:b6:c1:74:0f:7d,dl_dst=9e:76:a7:f1:fc:ae,nw_src=10.0.20.22,nw_dst=10.0.0.5,nw_tos=0,icmp_type=8,icmp_code=0 actions=output:5
 cookie=0x0, duration=686.724s, table=0, n_packets=118, n_bytes=4956, idle_timeout=60, idle_age=0, priority=65535,icmp,in_port=1,vlan_tci=0x0000,dl_src=4e:b6:c1:74:0f:7d,dl_dst=9e:76:a7:f1:fc:ae,nw_src=10.0.22.23,nw_dst=10.0.0.5,nw_tos=0,icmp_type=8,icmp_code=0 actions=output:5
 cookie=0x0, duration=686.691s, table=0, n_packets=117, n_bytes=4914, idle_timeout=60, idle_age=0, priority=65535,icmp,in_port=1,vlan_tci=0x0000,dl_src=4e:b6:c1:74:0f:7d,dl_dst=9e:76:a7:f1:fc:ae,nw_src=10.0.22.24,nw_dst=10.0.0.5,nw_tos=0,icmp_type=8,icmp_code=0 actions=output:5
 cookie=0x0, duration=684.834s, table=0, n_packets=117, n_bytes=4914, idle_timeout=60, idle_age=0, priority=65535,icmp,in_port=1,vlan_tci=0x0000,dl_src=4e:b6:c1:74:0f:7d,dl_dst=9e:76:a7:f1:fc:ae,nw_src=10.0.24.25,nw_dst=10.0.0.5,nw_tos=0,icmp_type=8,icmp_code=0 actions=output:5
 cookie=0x0, duration=684.797s, table=0, n_packets=116, n_bytes=4872, idle_timeout=60, idle_age=0, priority=65535,icmp,in_port=1,vlan_tci=0x0000,dl_src=4e:b6:c1:74:0f:7d,dl_dst=9e:76:a7:f1:fc:ae,nw_src=10.0.24.26,nw_dst=10.0.0.5,nw_tos=0,icmp_type=8,icmp_code=0 actions=output:5
 cookie=0x0, duration=682.858s, table=0, n_packets=116, n_bytes=4872, idle_timeout=60, idle_age=0, priority=65535,icmp,in_port=1,vlan_tci=0x0000,dl_src=4e:b6:c1:74:0f:7d,dl_dst=9e:76:a7:f1:fc:ae,nw_src=10.0.26.27,nw_dst=10.0.0.5,nw_tos=0,icmp_type=8,icmp_code=0 actions=output:5
 cookie=0x0, duration=682.825s, table=0, n_packets=115, n_bytes=4830, idle_timeout=60, idle_age=0, priority=65535,icmp,in_port=1,vlan_tci=0x0000,dl_src=4e:b6:c1:74:0f:7d,dl_dst=9e:76:a7:f1:fc:ae,nw_src=10.0.26.28,nw_dst=10.0.0.5,nw_tos=0,icmp_type=8,icmp_code=0 actions=output:5
 cookie=0x0, duration=680.831s, table=0, n_packets=115, n_bytes=4830, idle_timeout=60, idle_age=0, priority=65535,icmp,in_port=1,vlan_tci=0x0000,dl_src=4e:b6:c1:74:0f:7d,dl_dst=9e:76:a7:f1:fc:ae,nw_src=10.0.28.29,nw_dst=10.0.0.5,nw_tos=0,icmp_type=8,icmp_code=0 actions=output:5
 cookie=0x0, duration=680.796s, table=0, n_packets=114, n_bytes=4788, idle_timeout=60, idle_age=0, priority=65535,icmp,in_port=1,vlan_tci=0x0000,dl_src=4e:b6:c1:74:0f:7d,dl_dst=9e:76:a7:f1:fc:ae,nw_src=10.0.28.30,nw_dst=10.0.0.5,nw_tos=0,icmp_type=8,icmp_code=0 actions=output:5
 cookie=0x0, duration=678.683s, table=0, n_packets=114, n_bytes=4788, idle_timeout=60, idle_age=0, priority=65535,icmp,in_port=1,vlan_tci=0x0000,dl_src=4e:b6:c1:74:0f:7d,dl_dst=9e:76:a7:f1:fc:ae,nw_src=10.0.30.31,nw_dst=10.0.0.5,nw_tos=0,icmp_type=8,icmp_code=0 actions=output:5
 cookie=0x0, duration=678.644s, table=0, n_packets=113, n_bytes=4746, idle_timeout=60, idle_age=0, priority=65535,icmp,in_port=1,vlan_tci=0x0000,dl_src=4e:b6:c1:74:0f:7d,dl_dst=9e:76:a7:f1:fc:ae,nw_src=10.0.30.32,nw_dst=10.0.0.5,nw_tos=0,icmp_type=8,icmp_code=0 actions=output:5
 cookie=0x0, duration=676.467s, table=0, n_packets=113, n_bytes=4746, idle_timeout=60, idle_age=0, priority=65535,icmp,in_port=1,vlan_tci=0x0000,dl_src=4e:b6:c1:74:0f:7d,dl_dst=9e:76:a7:f1:fc:ae,nw_src=10.0.32.33,nw_dst=10.0.0.5,nw_tos=0,icmp_type=8,icmp_code=0 actions=output:5
 cookie=0x0, duration=676.432s, table=0, n_packets=112, n_bytes=4704, idle_timeout=60, idle_age=0, priority=65535,icmp,in_port=1,vlan_tci=0x0000,dl_src=4e:b6:c1:74:0f:7d,dl_dst=9e:76:a7:f1:fc:ae,nw_src=10.0.32.34,nw_dst=10.0.0.5,nw_tos=0,icmp_type=8,icmp_code=0 actions=output:5
 cookie=0x0, duration=674.265s, table=0, n_packets=112, n_bytes=4704, idle_timeout=60, idle_age=0, priority=65535,icmp,in_port=1,vlan_tci=0x0000,dl_src=4e:b6:c1:74:0f:7d,dl_dst=9e:76:a7:f1:fc:ae,nw_src=10.0.34.35,nw_dst=10.0.0.5,nw_tos=0,icmp_type=8,icmp_code=0 actions=output:5
 cookie=0x0, duration=674.231s, table=0, n_packets=111, n_bytes=4662, idle_timeout=60, idle_age=0, priority=65535,icmp,in_port=1,vlan_tci=0x0000,dl_src=4e:b6:c1:74:0f:7d,dl_dst=9e:76:a7:f1:fc:ae,nw_src=10.0.34.36,nw_dst=10.0.0.5,nw_tos=0,icmp_type=8,icmp_code=0 actions=output:5
 cookie=0x0, duration=671.992s, table=0, n_packets=111, n_bytes=4662, idle_timeout=60, idle_age=0, priority=65535,icmp,in_port=1,vlan_tci=0x0000,dl_src=4e:b6:c1:74:0f:7d,dl_dst=9e:76:a7:f1:fc:ae,nw_src=10.0.36.37,nw_dst=10.0.0.5,nw_tos=0,icmp_type=8,icmp_code=0 actions=output:5
 cookie=0x0, duration=671.949s, table=0, n_packets=110, n_bytes=4620, idle_timeout=60, idle_age=0, priority=65535,icmp,in_port=1,vlan_tci=0x0000,dl_src=4e:b6:c1:74:0f:7d,dl_dst=9e:76:a7:f1:fc:ae,nw_src=10.0.36.38,nw_dst=10.0.0.5,nw_tos=0,icmp_type=8,icmp_code=0 actions=output:5
 cookie=0x0, duration=669.567s, table=0, n_packets=110, n_bytes=4620, idle_timeout=60, idle_age=0, priority=65535,icmp,in_port=1,vlan_tci=0x0000,dl_src=4e:b6:c1:74:0f:7d,dl_dst=9e:76:a7:f1:fc:ae,nw_src=10.0.38.39,nw_dst=10.0.0.5,nw_tos=0,icmp_type=8,icmp_code=0 actions=output:5
 cookie=0x0, duration=669.532s, table=0, n_packets=109, n_bytes=4578, idle_timeout=60, idle_age=0, priority=65535,icmp,in_port=1,vlan_tci=0x0000,dl_src=4e:b6:c1:74:0f:7d,dl_dst=9e:76:a7:f1:fc:ae,nw_src=10.0.38.40,nw_dst=10.0.0.5,nw_tos=0,icmp_type=8,icmp_code=0 actions=output:5
 cookie=0x0, duration=667.121s, table=0, n_packets=109, n_bytes=4578, idle_timeout=60, idle_age=0, priority=65535,icmp,in_port=1,vlan_tci=0x0000,dl_src=4e:b6:c1:74:0f:7d,dl_dst=9e:76:a7:f1:fc:ae,nw_src=10.0.40.41,nw_dst=10.0.0.5,nw_tos=0,icmp_type=8,icmp_code=0 actions=output:5
 cookie=0x0, duration=667.085s, table=0, n_packets=108, n_bytes=4536, idle_timeout=60, idle_age=0, priority=65535,icmp,in_port=1,vlan_tci=0x0000,dl_src=4e:b6:c1:74:0f:7d,dl_dst=9e:76:a7:f1:fc:ae,nw_src=10.0.40.42,nw_dst=10.0.0.5,nw_tos=0,icmp_type=8,icmp_code=0 actions=output:5
 cookie=0x0, duration=664.676s, table=0, n_packets=108, n_bytes=4536, idle_timeout=60, idle_age=0, priority=65535,icmp,in_port=1,vlan_tci=0x0000,dl_src=4e:b6:c1:74:0f:7d,dl_dst=9e:76:a7:f1:fc:ae,nw_src=10.0.42.43,nw_dst=10.0.0.5,nw_tos=0,icmp_type=8,icmp_code=0 actions=output:5
 cookie=0x0, duration=664.645s, table=0, n_packets=106, n_bytes=4452, idle_timeout=60, idle_age=9, priority=65535,icmp,in_port=1,vlan_tci=0x0000,dl_src=4e:b6:c1:74:0f:7d,dl_dst=9e:76:a7:f1:fc:ae,nw_src=10.0.42.44,nw_dst=10.0.0.5,nw_tos=0,icmp_type=8,icmp_code=0 actions=output:5
 cookie=0x0, duration=662.121s, table=0, n_packets=106, n_bytes=4452, idle_timeout=60, idle_age=9, priority=65535,icmp,in_port=1,vlan_tci=0x0000,dl_src=4e:b6:c1:74:0f:7d,dl_dst=9e:76:a7:f1:fc:ae,nw_src=10.0.44.45,nw_dst=10.0.0.5,nw_tos=0,icmp_type=8,icmp_code=0 actions=output:5
 cookie=0x0, duration=662.080s, table=0, n_packets=105, n_bytes=4410, idle_timeout=60, idle_age=9, priority=65535,icmp,in_port=1,vlan_tci=0x0000,dl_src=4e:b6:c1:74:0f:7d,dl_dst=9e:76:a7:f1:fc:ae,nw_src=10.0.44.46,nw_dst=10.0.0.5,nw_tos=0,icmp_type=8,icmp_code=0 actions=output:5
 cookie=0x0, duration=659.481s, table=0, n_packets=105, n_bytes=4410, idle_timeout=60, idle_age=9, priority=65535,icmp,in_port=1,vlan_tci=0x0000,dl_src=4e:b6:c1:74:0f:7d,dl_dst=9e:76:a7:f1:fc:ae,nw_src=10.0.46.47,nw_dst=10.0.0.5,nw_tos=0,icmp_type=8,icmp_code=0 actions=output:5
 cookie=0x0, duration=659.445s, table=0, n_packets=104, n_bytes=4368, idle_timeout=60, idle_age=9, priority=65535,icmp,in_port=1,vlan_tci=0x0000,dl_src=4e:b6:c1:74:0f:7d,dl_dst=9e:76:a7:f1:fc:ae,nw_src=10.0.46.48,nw_dst=10.0.0.5,nw_tos=0,icmp_type=8,icmp_code=0 actions=output:5
 cookie=0x0, duration=656.785s, table=0, n_packets=104, n_bytes=4368, idle_timeout=60, idle_age=9, priority=65535,icmp,in_port=1,vlan_tci=0x0000,dl_src=4e:b6:c1:74:0f:7d,dl_dst=9e:76:a7:f1:fc:ae,nw_src=10.0.48.49,nw_dst=10.0.0.5,nw_tos=0,icmp_type=8,icmp_code=0 actions=output:5
 cookie=0x0, duration=656.744s, table=0, n_packets=103, n_bytes=4326, idle_timeout=60, idle_age=9, priority=65535,icmp,in_port=1,vlan_tci=0x0000,dl_src=4e:b6:c1:74:0f:7d,dl_dst=9e:76:a7:f1:fc:ae,nw_src=10.0.48.50,nw_dst=10.0.0.5,nw_tos=0,icmp_type=8,icmp_code=0 actions=output:5
 cookie=0x0, duration=653.942s, table=0, n_packets=103, n_bytes=4326, idle_timeout=60, idle_age=9, priority=65535,icmp,in_port=1,vlan_tci=0x0000,dl_src=4e:b6:c1:74:0f:7d,dl_dst=9e:76:a7:f1:fc:ae,nw_src=10.0.50.51,nw_dst=10.0.0.5,nw_tos=0,icmp_type=8,icmp_code=0 actions=output:5
 cookie=0x0, duration=653.906s, table=0, n_packets=102, n_bytes=4284, idle_timeout=60, idle_age=9, priority=65535,icmp,in_port=1,vlan_tci=0x0000,dl_src=4e:b6:c1:74:0f:7d,dl_dst=9e:76:a7:f1:fc:ae,nw_src=10.0.50.52,nw_dst=10.0.0.5,nw_tos=0,icmp_type=8,icmp_code=0 actions=output:5
 cookie=0x0, duration=651.123s, table=0, n_packets=102, n_bytes=4284, idle_timeout=60, idle_age=9, priority=65535,icmp,in_port=1,vlan_tci=0x0000,dl_src=4e:b6:c1:74:0f:7d,dl_dst=9e:76:a7:f1:fc:ae,nw_src=10.0.52.53,nw_dst=10.0.0.5,nw_tos=0,icmp_type=8,icmp_code=0 actions=output:5
 cookie=0x0, duration=651.091s, table=0, n_packets=101, n_bytes=4242, idle_timeout=60, idle_age=9, priority=65535,icmp,in_port=1,vlan_tci=0x0000,dl_src=4e:b6:c1:74:0f:7d,dl_dst=9e:76:a7:f1:fc:ae,nw_src=10.0.52.54,nw_dst=10.0.0.5,nw_tos=0,icmp_type=8,icmp_code=0 actions=output:5
 cookie=0x0, duration=648.208s, table=0, n_packets=101, n_bytes=4242, idle_timeout=60, idle_age=9, priority=65535,icmp,in_port=1,vlan_tci=0x0000,dl_src=4e:b6:c1:74:0f:7d,dl_dst=9e:76:a7:f1:fc:ae,nw_src=10.0.54.55,nw_dst=10.0.0.5,nw_tos=0,icmp_type=8,icmp_code=0 actions=output:5
 cookie=0x0, duration=648.177s, table=0, n_packets=100, n_bytes=4200, idle_timeout=60, idle_age=9, priority=65535,icmp,in_port=1,vlan_tci=0x0000,dl_src=4e:b6:c1:74:0f:7d,dl_dst=9e:76:a7:f1:fc:ae,nw_src=10.0.54.56,nw_dst=10.0.0.5,nw_tos=0,icmp_type=8,icmp_code=0 actions=output:5
 cookie=0x0, duration=645.248s, table=0, n_packets=100, n_bytes=4200, idle_timeout=60, idle_age=9, priority=65535,icmp,in_port=1,vlan_tci=0x0000,dl_src=4e:b6:c1:74:0f:7d,dl_dst=9e:76:a7:f1:fc:ae,nw_src=10.0.56.57,nw_dst=10.0.0.5,nw_tos=0,icmp_type=8,icmp_code=0 actions=output:5
 cookie=0x0, duration=645.208s, table=0, n_packets=99, n_bytes=4158, idle_timeout=60, idle_age=9, priority=65535,icmp,in_port=1,vlan_tci=0x0000,dl_src=4e:b6:c1:74:0f:7d,dl_dst=9e:76:a7:f1:fc:ae,nw_src=10.0.56.58,nw_dst=10.0.0.5,nw_tos=0,icmp_type=8,icmp_code=0 actions=output:5
 cookie=0x0, duration=642.161s, table=0, n_packets=99, n_bytes=4158, idle_timeout=60, idle_age=9, priority=65535,icmp,in_port=1,vlan_tci=0x0000,dl_src=4e:b6:c1:74:0f:7d,dl_dst=9e:76:a7:f1:fc:ae,nw_src=10.0.58.59,nw_dst=10.0.0.5,nw_tos=0,icmp_type=8,icmp_code=0 actions=output:5
 cookie=0x0, duration=642.116s, table=0, n_packets=98, n_bytes=4116, idle_timeout=60, idle_age=9, priority=65535,icmp,in_port=1,vlan_tci=0x0000,dl_src=4e:b6:c1:74:0f:7d,dl_dst=9e:76:a7:f1:fc:ae,nw_src=10.0.58.60,nw_dst=10.0.0.5,nw_tos=0,icmp_type=8,icmp_code=0 actions=output:5
 cookie=0x0, duration=638.961s, table=0, n_packets=98, n_bytes=4116, idle_timeout=60, idle_age=9, priority=65535,icmp,in_port=1,vlan_tci=0x0000,dl_src=4e:b6:c1:74:0f:7d,dl_dst=9e:76:a7:f1:fc:ae,nw_src=10.0.60.61,nw_dst=10.0.0.5,nw_tos=0,icmp_type=8,icmp_code=0 actions=output:5
 cookie=0x0, duration=638.921s, table=0, n_packets=97, n_bytes=4074, idle_timeout=60, idle_age=9, priority=65535,icmp,in_port=1,vlan_tci=0x0000,dl_src=4e:b6:c1:74:0f:7d,dl_dst=9e:76:a7:f1:fc:ae,nw_src=10.0.60.62,nw_dst=10.0.0.5,nw_tos=0,icmp_type=8,icmp_code=0 actions=output:5
 cookie=0x0, duration=635.726s, table=0, n_packets=97, n_bytes=4074, idle_timeout=60, idle_age=9, priority=65535,icmp,in_port=1,vlan_tci=0x0000,dl_src=4e:b6:c1:74:0f:7d,dl_dst=9e:76:a7:f1:fc:ae,nw_src=10.0.62.63,nw_dst=10.0.0.5,nw_tos=0,icmp_type=8,icmp_code=0 actions=output:5
 cookie=0x0, duration=635.692s, table=0, n_packets=96, n_bytes=4032, idle_timeout=60, idle_age=9, priority=65535,icmp,in_port=1,vlan_tci=0x0000,dl_src=4e:b6:c1:74:0f:7d,dl_dst=9e:76:a7:f1:fc:ae,nw_src=10.0.62.64,nw_dst=10.0.0.5,nw_tos=0,icmp_type=8,icmp_code=0 actions=output:5
 cookie=0x0, duration=632.323s, table=0, n_packets=96, n_bytes=4032, idle_timeout=60, idle_age=9, priority=65535,icmp,in_port=1,vlan_tci=0x0000,dl_src=4e:b6:c1:74:0f:7d,dl_dst=9e:76:a7:f1:fc:ae,nw_src=10.0.64.65,nw_dst=10.0.0.5,nw_tos=0,icmp_type=8,icmp_code=0 actions=output:5
 cookie=0x0, duration=632.285s, table=0, n_packets=95, n_bytes=3990, idle_timeout=60, idle_age=9, priority=65535,icmp,in_port=1,vlan_tci=0x0000,dl_src=4e:b6:c1:74:0f:7d,dl_dst=9e:76:a7:f1:fc:ae,nw_src=10.0.64.66,nw_dst=10.0.0.5,nw_tos=0,icmp_type=8,icmp_code=0 actions=output:5
 cookie=0x0, duration=628.956s, table=0, n_packets=95, n_bytes=3990, idle_timeout=60, idle_age=9, priority=65535,icmp,in_port=1,vlan_tci=0x0000,dl_src=4e:b6:c1:74:0f:7d,dl_dst=9e:76:a7:f1:fc:ae,nw_src=10.0.66.67,nw_dst=10.0.0.5,nw_tos=0,icmp_type=8,icmp_code=0 actions=output:5
 cookie=0x0, duration=628.922s, table=0, n_packets=94, n_bytes=3948, idle_timeout=60, idle_age=8, priority=65535,icmp,in_port=1,vlan_tci=0x0000,dl_src=4e:b6:c1:74:0f:7d,dl_dst=9e:76:a7:f1:fc:ae,nw_src=10.0.66.68,nw_dst=10.0.0.5,nw_tos=0,icmp_type=8,icmp_code=0 actions=output:5
 cookie=0x0, duration=625.600s, table=0, n_packets=94, n_bytes=3948, idle_timeout=60, idle_age=8, priority=65535,icmp,in_port=1,vlan_tci=0x0000,dl_src=4e:b6:c1:74:0f:7d,dl_dst=9e:76:a7:f1:fc:ae,nw_src=10.0.68.69,nw_dst=10.0.0.5,nw_tos=0,icmp_type=8,icmp_code=0 actions=output:5
 cookie=0x0, duration=625.569s, table=0, n_packets=93, n_bytes=3906, idle_timeout=60, idle_age=8, priority=65535,icmp,in_port=1,vlan_tci=0x0000,dl_src=4e:b6:c1:74:0f:7d,dl_dst=9e:76:a7:f1:fc:ae,nw_src=10.0.68.70,nw_dst=10.0.0.5,nw_tos=0,icmp_type=8,icmp_code=0 actions=output:5
 cookie=0x0, duration=622.170s, table=0, n_packets=93, n_bytes=3906, idle_timeout=60, idle_age=8, priority=65535,icmp,in_port=1,vlan_tci=0x0000,dl_src=4e:b6:c1:74:0f:7d,dl_dst=9e:76:a7:f1:fc:ae,nw_src=10.0.70.71,nw_dst=10.0.0.5,nw_tos=0,icmp_type=8,icmp_code=0 actions=output:5
 cookie=0x0, duration=622.141s, table=0, n_packets=92, n_bytes=3864, idle_timeout=60, idle_age=8, priority=65535,icmp,in_port=1,vlan_tci=0x0000,dl_src=4e:b6:c1:74:0f:7d,dl_dst=9e:76:a7:f1:fc:ae,nw_src=10.0.70.72,nw_dst=10.0.0.5,nw_tos=0,icmp_type=8,icmp_code=0 actions=output:5
 cookie=0x0, duration=618.633s, table=0, n_packets=91, n_bytes=3822, idle_timeout=60, idle_age=8, priority=65535,icmp,in_port=1,vlan_tci=0x0000,dl_src=4e:b6:c1:74:0f:7d,dl_dst=9e:76:a7:f1:fc:ae,nw_src=10.0.72.73,nw_dst=10.0.0.5,nw_tos=0,icmp_type=8,icmp_code=0 actions=output:5
 cookie=0x0, duration=618.602s, table=0, n_packets=91, n_bytes=3822, idle_timeout=60, idle_age=8, priority=65535,icmp,in_port=1,vlan_tci=0x0000,dl_src=4e:b6:c1:74:0f:7d,dl_dst=9e:76:a7:f1:fc:ae,nw_src=10.0.72.74,nw_dst=10.0.0.5,nw_tos=0,icmp_type=8,icmp_code=0 actions=output:5
 cookie=0x0, duration=614.989s, table=0, n_packets=91, n_bytes=3822, idle_timeout=60, idle_age=8, priority=65535,icmp,in_port=1,vlan_tci=0x0000,dl_src=4e:b6:c1:74:0f:7d,dl_dst=9e:76:a7:f1:fc:ae,nw_src=10.0.74.75,nw_dst=10.0.0.5,nw_tos=0,icmp_type=8,icmp_code=0 actions=output:5
 cookie=0x0, duration=614.954s, table=0, n_packets=90, n_bytes=3780, idle_timeout=60, idle_age=8, priority=65535,icmp,in_port=1,vlan_tci=0x0000,dl_src=4e:b6:c1:74:0f:7d,dl_dst=9e:76:a7:f1:fc:ae,nw_src=10.0.74.76,nw_dst=10.0.0.5,nw_tos=0,icmp_type=8,icmp_code=0 actions=output:5
 cookie=0x0, duration=611.181s, table=0, n_packets=90, n_bytes=3780, idle_timeout=60, idle_age=8, priority=65535,icmp,in_port=1,vlan_tci=0x0000,dl_src=4e:b6:c1:74:0f:7d,dl_dst=9e:76:a7:f1:fc:ae,nw_src=10.0.76.77,nw_dst=10.0.0.5,nw_tos=0,icmp_type=8,icmp_code=0 actions=output:5
 cookie=0x0, duration=611.145s, table=0, n_packets=89, n_bytes=3738, idle_timeout=60, idle_age=8, priority=65535,icmp,in_port=1,vlan_tci=0x0000,dl_src=4e:b6:c1:74:0f:7d,dl_dst=9e:76:a7:f1:fc:ae,nw_src=10.0.76.78,nw_dst=10.0.0.5,nw_tos=0,icmp_type=8,icmp_code=0 actions=output:5
 cookie=0x0, duration=607.430s, table=0, n_packets=89, n_bytes=3738, idle_timeout=60, idle_age=8, priority=65535,icmp,in_port=1,vlan_tci=0x0000,dl_src=4e:b6:c1:74:0f:7d,dl_dst=9e:76:a7:f1:fc:ae,nw_src=10.0.78.79,nw_dst=10.0.0.5,nw_tos=0,icmp_type=8,icmp_code=0 actions=output:5
 cookie=0x0, duration=607.398s, table=0, n_packets=88, n_bytes=3696, idle_timeout=60, idle_age=8, priority=65535,icmp,in_port=1,vlan_tci=0x0000,dl_src=4e:b6:c1:74:0f:7d,dl_dst=9e:76:a7:f1:fc:ae,nw_src=10.0.78.80,nw_dst=10.0.0.5,nw_tos=0,icmp_type=8,icmp_code=0 actions=output:5
 cookie=0x0, duration=603.607s, table=0, n_packets=88, n_bytes=3696, idle_timeout=60, idle_age=8, priority=65535,icmp,in_port=1,vlan_tci=0x0000,dl_src=4e:b6:c1:74:0f:7d,dl_dst=9e:76:a7:f1:fc:ae,nw_src=10.0.80.81,nw_dst=10.0.0.5,nw_tos=0,icmp_type=8,icmp_code=0 actions=output:5
 cookie=0x0, duration=603.577s, table=0, n_packets=87, n_bytes=3654, idle_timeout=60, idle_age=8, priority=65535,icmp,in_port=1,vlan_tci=0x0000,dl_src=4e:b6:c1:74:0f:7d,dl_dst=9e:76:a7:f1:fc:ae,nw_src=10.0.80.82,nw_dst=10.0.0.5,nw_tos=0,icmp_type=8,icmp_code=0 actions=output:5
 cookie=0x0, duration=599.643s, table=0, n_packets=87, n_bytes=3654, idle_timeout=60, idle_age=8, priority=65535,icmp,in_port=1,vlan_tci=0x0000,dl_src=4e:b6:c1:74:0f:7d,dl_dst=9e:76:a7:f1:fc:ae,nw_src=10.0.82.83,nw_dst=10.0.0.5,nw_tos=0,icmp_type=8,icmp_code=0 actions=output:5
 cookie=0x0, duration=599.612s, table=0, n_packets=86, n_bytes=3612, idle_timeout=60, idle_age=8, priority=65535,icmp,in_port=1,vlan_tci=0x0000,dl_src=4e:b6:c1:74:0f:7d,dl_dst=9e:76:a7:f1:fc:ae,nw_src=10.0.82.84,nw_dst=10.0.0.5,nw_tos=0,icmp_type=8,icmp_code=0 actions=output:5
 cookie=0x0, duration=595.628s, table=0, n_packets=86, n_bytes=3612, idle_timeout=60, idle_age=8, priority=65535,icmp,in_port=1,vlan_tci=0x0000,dl_src=4e:b6:c1:74:0f:7d,dl_dst=9e:76:a7:f1:fc:ae,nw_src=10.0.84.85,nw_dst=10.0.0.5,nw_tos=0,icmp_type=8,icmp_code=0 actions=output:5
 cookie=0x0, duration=595.593s, table=0, n_packets=85, n_bytes=3570, idle_timeout=60, idle_age=8, priority=65535,icmp,in_port=1,vlan_tci=0x0000,dl_src=4e:b6:c1:74:0f:7d,dl_dst=9e:76:a7:f1:fc:ae,nw_src=10.0.84.86,nw_dst=10.0.0.5,nw_tos=0,icmp_type=8,icmp_code=0 actions=output:5
 cookie=0x0, duration=591.576s, table=0, n_packets=85, n_bytes=3570, idle_timeout=60, idle_age=8, priority=65535,icmp,in_port=1,vlan_tci=0x0000,dl_src=4e:b6:c1:74:0f:7d,dl_dst=9e:76:a7:f1:fc:ae,nw_src=10.0.86.87,nw_dst=10.0.0.5,nw_tos=0,icmp_type=8,icmp_code=0 actions=output:5
 cookie=0x0, duration=591.536s, table=0, n_packets=84, n_bytes=3528, idle_timeout=60, idle_age=8, priority=65535,icmp,in_port=1,vlan_tci=0x0000,dl_src=4e:b6:c1:74:0f:7d,dl_dst=9e:76:a7:f1:fc:ae,nw_src=10.0.86.88,nw_dst=10.0.0.5,nw_tos=0,icmp_type=8,icmp_code=0 actions=output:5
 cookie=0x0, duration=587.406s, table=0, n_packets=84, n_bytes=3528, idle_timeout=60, idle_age=8, priority=65535,icmp,in_port=1,vlan_tci=0x0000,dl_src=4e:b6:c1:74:0f:7d,dl_dst=9e:76:a7:f1:fc:ae,nw_src=10.0.88.89,nw_dst=10.0.0.5,nw_tos=0,icmp_type=8,icmp_code=0 actions=output:5
 cookie=0x0, duration=587.374s, table=0, n_packets=83, n_bytes=3486, idle_timeout=60, idle_age=8, priority=65535,icmp,in_port=1,vlan_tci=0x0000,dl_src=4e:b6:c1:74:0f:7d,dl_dst=9e:76:a7:f1:fc:ae,nw_src=10.0.88.90,nw_dst=10.0.0.5,nw_tos=0,icmp_type=8,icmp_code=0 actions=output:5
 cookie=0x0, duration=583.265s, table=0, n_packets=83, n_bytes=3486, idle_timeout=60, idle_age=8, priority=65535,icmp,in_port=1,vlan_tci=0x0000,dl_src=4e:b6:c1:74:0f:7d,dl_dst=9e:76:a7:f1:fc:ae,nw_src=10.0.90.91,nw_dst=10.0.0.5,nw_tos=0,icmp_type=8,icmp_code=0 actions=output:5
 cookie=0x0, duration=583.229s, table=0, n_packets=82, n_bytes=3444, idle_timeout=60, idle_age=8, priority=65535,icmp,in_port=1,vlan_tci=0x0000,dl_src=4e:b6:c1:74:0f:7d,dl_dst=9e:76:a7:f1:fc:ae,nw_src=10.0.90.92,nw_dst=10.0.0.5,nw_tos=0,icmp_type=8,icmp_code=0 actions=output:5
 cookie=0x0, duration=578.921s, table=0, n_packets=82, n_bytes=3444, idle_timeout=60, idle_age=8, priority=65535,icmp,in_port=1,vlan_tci=0x0000,dl_src=4e:b6:c1:74:0f:7d,dl_dst=9e:76:a7:f1:fc:ae,nw_src=10.0.92.93,nw_dst=10.0.0.5,nw_tos=0,icmp_type=8,icmp_code=0 actions=output:5
 cookie=0x0, duration=578.882s, table=0, n_packets=81, n_bytes=3402, idle_timeout=60, idle_age=8, priority=65535,icmp,in_port=1,vlan_tci=0x0000,dl_src=4e:b6:c1:74:0f:7d,dl_dst=9e:76:a7:f1:fc:ae,nw_src=10.0.92.94,nw_dst=10.0.0.5,nw_tos=0,icmp_type=8,icmp_code=0 actions=output:5
 cookie=0x0, duration=574.553s, table=0, n_packets=81, n_bytes=3402, idle_timeout=60, idle_age=8, priority=65535,icmp,in_port=1,vlan_tci=0x0000,dl_src=4e:b6:c1:74:0f:7d,dl_dst=9e:76:a7:f1:fc:ae,nw_src=10.0.94.95,nw_dst=10.0.0.5,nw_tos=0,icmp_type=8,icmp_code=0 actions=output:5
 cookie=0x0, duration=574.511s, table=0, n_packets=80, n_bytes=3360, idle_timeout=60, idle_age=8, priority=65535,icmp,in_port=1,vlan_tci=0x0000,dl_src=4e:b6:c1:74:0f:7d,dl_dst=9e:76:a7:f1:fc:ae,nw_src=10.0.94.96,nw_dst=10.0.0.5,nw_tos=0,icmp_type=8,icmp_code=0 actions=output:5
 cookie=0x0, duration=570.020s, table=0, n_packets=80, n_bytes=3360, idle_timeout=60, idle_age=7, priority=65535,icmp,in_port=1,vlan_tci=0x0000,dl_src=4e:b6:c1:74:0f:7d,dl_dst=9e:76:a7:f1:fc:ae,nw_src=10.0.96.97,nw_dst=10.0.0.5,nw_tos=0,icmp_type=8,icmp_code=0 actions=output:5
 cookie=0x0, duration=569.990s, table=0, n_packets=79, n_bytes=3318, idle_timeout=60, idle_age=7, priority=65535,icmp,in_port=1,vlan_tci=0x0000,dl_src=4e:b6:c1:74:0f:7d,dl_dst=9e:76:a7:f1:fc:ae,nw_src=10.0.96.98,nw_dst=10.0.0.5,nw_tos=0,icmp_type=8,icmp_code=0 actions=output:5
 cookie=0x0, duration=565.517s, table=0, n_packets=79, n_bytes=3318, idle_timeout=60, idle_age=7, priority=65535,icmp,in_port=1,vlan_tci=0x0000,dl_src=4e:b6:c1:74:0f:7d,dl_dst=9e:76:a7:f1:fc:ae,nw_src=10.0.98.99,nw_dst=10.0.0.5,nw_tos=0,icmp_type=8,icmp_code=0 actions=output:5
 cookie=0x0, duration=565.469s, table=0, n_packets=78, n_bytes=3276, idle_timeout=60, idle_age=7, priority=65535,icmp,in_port=1,vlan_tci=0x0000,dl_src=4e:b6:c1:74:0f:7d,dl_dst=9e:76:a7:f1:fc:ae,nw_src=10.0.98.100,nw_dst=10.0.0.5,nw_tos=0,icmp_type=8,icmp_code=0 actions=output:5
 cookie=0x0, duration=560.919s, table=0, n_packets=78, n_bytes=3276, idle_timeout=60, idle_age=7, priority=65535,icmp,in_port=1,vlan_tci=0x0000,dl_src=4e:b6:c1:74:0f:7d,dl_dst=9e:76:a7:f1:fc:ae,nw_src=10.0.100.101,nw_dst=10.0.0.5,nw_tos=0,icmp_type=8,icmp_code=0 actions=output:5
 cookie=0x0, duration=560.889s, table=0, n_packets=77, n_bytes=3234, idle_timeout=60, idle_age=7, priority=65535,icmp,in_port=1,vlan_tci=0x0000,dl_src=4e:b6:c1:74:0f:7d,dl_dst=9e:76:a7:f1:fc:ae,nw_src=10.0.100.102,nw_dst=10.0.0.5,nw_tos=0,icmp_type=8,icmp_code=0 actions=output:5
 cookie=0x0, duration=556.266s, table=0, n_packets=77, n_bytes=3234, idle_timeout=60, idle_age=7, priority=65535,icmp,in_port=1,vlan_tci=0x0000,dl_src=4e:b6:c1:74:0f:7d,dl_dst=9e:76:a7:f1:fc:ae,nw_src=10.0.102.103,nw_dst=10.0.0.5,nw_tos=0,icmp_type=8,icmp_code=0 actions=output:5
 cookie=0x0, duration=556.232s, table=0, n_packets=76, n_bytes=3192, idle_timeout=60, idle_age=7, priority=65535,icmp,in_port=1,vlan_tci=0x0000,dl_src=4e:b6:c1:74:0f:7d,dl_dst=9e:76:a7:f1:fc:ae,nw_src=10.0.102.104,nw_dst=10.0.0.5,nw_tos=0,icmp_type=8,icmp_code=0 actions=output:5
 cookie=0x0, duration=551.481s, table=0, n_packets=76, n_bytes=3192, idle_timeout=60, idle_age=7, priority=65535,icmp,in_port=1,vlan_tci=0x0000,dl_src=4e:b6:c1:74:0f:7d,dl_dst=9e:76:a7:f1:fc:ae,nw_src=10.0.104.105,nw_dst=10.0.0.5,nw_tos=0,icmp_type=8,icmp_code=0 actions=output:5
 cookie=0x0, duration=551.449s, table=0, n_packets=75, n_bytes=3150, idle_timeout=60, idle_age=7, priority=65535,icmp,in_port=1,vlan_tci=0x0000,dl_src=4e:b6:c1:74:0f:7d,dl_dst=9e:76:a7:f1:fc:ae,nw_src=10.0.104.106,nw_dst=10.0.0.5,nw_tos=0,icmp_type=8,icmp_code=0 actions=output:5
 cookie=0x0, duration=546.680s, table=0, n_packets=75, n_bytes=3150, idle_timeout=60, idle_age=7, priority=65535,icmp,in_port=1,vlan_tci=0x0000,dl_src=4e:b6:c1:74:0f:7d,dl_dst=9e:76:a7:f1:fc:ae,nw_src=10.0.106.107,nw_dst=10.0.0.5,nw_tos=0,icmp_type=8,icmp_code=0 actions=output:5
 cookie=0x0, duration=546.645s, table=0, n_packets=74, n_bytes=3108, idle_timeout=60, idle_age=7, priority=65535,icmp,in_port=1,vlan_tci=0x0000,dl_src=4e:b6:c1:74:0f:7d,dl_dst=9e:76:a7:f1:fc:ae,nw_src=10.0.106.108,nw_dst=10.0.0.5,nw_tos=0,icmp_type=8,icmp_code=0 actions=output:5
 cookie=0x0, duration=541.729s, table=0, n_packets=74, n_bytes=3108, idle_timeout=60, idle_age=7, priority=65535,icmp,in_port=1,vlan_tci=0x0000,dl_src=4e:b6:c1:74:0f:7d,dl_dst=9e:76:a7:f1:fc:ae,nw_src=10.0.108.109,nw_dst=10.0.0.5,nw_tos=0,icmp_type=8,icmp_code=0 actions=output:5
 cookie=0x0, duration=541.693s, table=0, n_packets=73, n_bytes=3066, idle_timeout=60, idle_age=7, priority=65535,icmp,in_port=1,vlan_tci=0x0000,dl_src=4e:b6:c1:74:0f:7d,dl_dst=9e:76:a7:f1:fc:ae,nw_src=10.0.108.110,nw_dst=10.0.0.5,nw_tos=0,icmp_type=8,icmp_code=0 actions=output:5
 cookie=0x0, duration=536.833s, table=0, n_packets=73, n_bytes=3066, idle_timeout=60, idle_age=7, priority=65535,icmp,in_port=1,vlan_tci=0x0000,dl_src=4e:b6:c1:74:0f:7d,dl_dst=9e:76:a7:f1:fc:ae,nw_src=10.0.110.111,nw_dst=10.0.0.5,nw_tos=0,icmp_type=8,icmp_code=0 actions=output:5
 cookie=0x0, duration=536.787s, table=0, n_packets=72, n_bytes=3024, idle_timeout=60, idle_age=7, priority=65535,icmp,in_port=1,vlan_tci=0x0000,dl_src=4e:b6:c1:74:0f:7d,dl_dst=9e:76:a7:f1:fc:ae,nw_src=10.0.110.112,nw_dst=10.0.0.5,nw_tos=0,icmp_type=8,icmp_code=0 actions=output:5
 cookie=0x0, duration=531.821s, table=0, n_packets=72, n_bytes=3024, idle_timeout=60, idle_age=7, priority=65535,icmp,in_port=1,vlan_tci=0x0000,dl_src=4e:b6:c1:74:0f:7d,dl_dst=9e:76:a7:f1:fc:ae,nw_src=10.0.112.113,nw_dst=10.0.0.5,nw_tos=0,icmp_type=8,icmp_code=0 actions=output:5
 cookie=0x0, duration=531.785s, table=0, n_packets=71, n_bytes=2982, idle_timeout=60, idle_age=7, priority=65535,icmp,in_port=1,vlan_tci=0x0000,dl_src=4e:b6:c1:74:0f:7d,dl_dst=9e:76:a7:f1:fc:ae,nw_src=10.0.112.114,nw_dst=10.0.0.5,nw_tos=0,icmp_type=8,icmp_code=0 actions=output:5
 cookie=0x0, duration=526.699s, table=0, n_packets=71, n_bytes=2982, idle_timeout=60, idle_age=7, priority=65535,icmp,in_port=1,vlan_tci=0x0000,dl_src=4e:b6:c1:74:0f:7d,dl_dst=9e:76:a7:f1:fc:ae,nw_src=10.0.114.115,nw_dst=10.0.0.5,nw_tos=0,icmp_type=8,icmp_code=0 actions=output:5
 cookie=0x0, duration=526.660s, table=0, n_packets=70, n_bytes=2940, idle_timeout=60, idle_age=7, priority=65535,icmp,in_port=1,vlan_tci=0x0000,dl_src=4e:b6:c1:74:0f:7d,dl_dst=9e:76:a7:f1:fc:ae,nw_src=10.0.114.116,nw_dst=10.0.0.5,nw_tos=0,icmp_type=8,icmp_code=0 actions=output:5
 cookie=0x0, duration=521.552s, table=0, n_packets=70, n_bytes=2940, idle_timeout=60, idle_age=7, priority=65535,icmp,in_port=1,vlan_tci=0x0000,dl_src=4e:b6:c1:74:0f:7d,dl_dst=9e:76:a7:f1:fc:ae,nw_src=10.0.116.117,nw_dst=10.0.0.5,nw_tos=0,icmp_type=8,icmp_code=0 actions=output:5
 cookie=0x0, duration=521.508s, table=0, n_packets=69, n_bytes=2898, idle_timeout=60, idle_age=7, priority=65535,icmp,in_port=1,vlan_tci=0x0000,dl_src=4e:b6:c1:74:0f:7d,dl_dst=9e:76:a7:f1:fc:ae,nw_src=10.0.116.118,nw_dst=10.0.0.5,nw_tos=0,icmp_type=8,icmp_code=0 actions=output:5
 cookie=0x0, duration=516.332s, table=0, n_packets=69, n_bytes=2898, idle_timeout=60, idle_age=7, priority=65535,icmp,in_port=1,vlan_tci=0x0000,dl_src=4e:b6:c1:74:0f:7d,dl_dst=9e:76:a7:f1:fc:ae,nw_src=10.0.118.119,nw_dst=10.0.0.5,nw_tos=0,icmp_type=8,icmp_code=0 actions=output:5
 cookie=0x0, duration=516.292s, table=0, n_packets=68, n_bytes=2856, idle_timeout=60, idle_age=7, priority=65535,icmp,in_port=1,vlan_tci=0x0000,dl_src=4e:b6:c1:74:0f:7d,dl_dst=9e:76:a7:f1:fc:ae,nw_src=10.0.118.120,nw_dst=10.0.0.5,nw_tos=0,icmp_type=8,icmp_code=0 actions=output:5
 cookie=0x0, duration=511.144s, table=0, n_packets=68, n_bytes=2856, idle_timeout=60, idle_age=7, priority=65535,icmp,in_port=1,vlan_tci=0x0000,dl_src=4e:b6:c1:74:0f:7d,dl_dst=9e:76:a7:f1:fc:ae,nw_src=10.0.120.121,nw_dst=10.0.0.5,nw_tos=0,icmp_type=8,icmp_code=0 actions=output:5
 cookie=0x0, duration=511.112s, table=0, n_packets=67, n_bytes=2814, idle_timeout=60, idle_age=7, priority=65535,icmp,in_port=1,vlan_tci=0x0000,dl_src=4e:b6:c1:74:0f:7d,dl_dst=9e:76:a7:f1:fc:ae,nw_src=10.0.120.122,nw_dst=10.0.0.5,nw_tos=0,icmp_type=8,icmp_code=0 actions=output:5
 cookie=0x0, duration=505.713s, table=0, n_packets=67, n_bytes=2814, idle_timeout=60, idle_age=7, priority=65535,icmp,in_port=1,vlan_tci=0x0000,dl_src=4e:b6:c1:74:0f:7d,dl_dst=9e:76:a7:f1:fc:ae,nw_src=10.0.122.123,nw_dst=10.0.0.5,nw_tos=0,icmp_type=8,icmp_code=0 actions=output:5
 cookie=0x0, duration=505.678s, table=0, n_packets=66, n_bytes=2772, idle_timeout=60, idle_age=7, priority=65535,icmp,in_port=1,vlan_tci=0x0000,dl_src=4e:b6:c1:74:0f:7d,dl_dst=9e:76:a7:f1:fc:ae,nw_src=10.0.122.124,nw_dst=10.0.0.5,nw_tos=0,icmp_type=8,icmp_code=0 actions=output:5
 cookie=0x0, duration=500.297s, table=0, n_packets=66, n_bytes=2772, idle_timeout=60, idle_age=7, priority=65535,icmp,in_port=1,vlan_tci=0x0000,dl_src=4e:b6:c1:74:0f:7d,dl_dst=9e:76:a7:f1:fc:ae,nw_src=10.0.124.125,nw_dst=10.0.0.5,nw_tos=0,icmp_type=8,icmp_code=0 actions=output:5
 cookie=0x0, duration=500.261s, table=0, n_packets=65, n_bytes=2730, idle_timeout=60, idle_age=6, priority=65535,icmp,in_port=1,vlan_tci=0x0000,dl_src=4e:b6:c1:74:0f:7d,dl_dst=9e:76:a7:f1:fc:ae,nw_src=10.0.124.126,nw_dst=10.0.0.5,nw_tos=0,icmp_type=8,icmp_code=0 actions=output:5
 cookie=0x0, duration=494.806s, table=0, n_packets=65, n_bytes=2730, idle_timeout=60, idle_age=6, priority=65535,icmp,in_port=1,vlan_tci=0x0000,dl_src=4e:b6:c1:74:0f:7d,dl_dst=9e:76:a7:f1:fc:ae,nw_src=10.0.126.127,nw_dst=10.0.0.5,nw_tos=0,icmp_type=8,icmp_code=0 actions=output:5
 cookie=0x0, duration=494.769s, table=0, n_packets=64, n_bytes=2688, idle_timeout=60, idle_age=6, priority=65535,icmp,in_port=1,vlan_tci=0x0000,dl_src=4e:b6:c1:74:0f:7d,dl_dst=9e:76:a7:f1:fc:ae,nw_src=10.0.126.128,nw_dst=10.0.0.5,nw_tos=0,icmp_type=8,icmp_code=0 actions=output:5
 cookie=0x0, duration=489.236s, table=0, n_packets=64, n_bytes=2688, idle_timeout=60, idle_age=6, priority=65535,icmp,in_port=1,vlan_tci=0x0000,dl_src=4e:b6:c1:74:0f:7d,dl_dst=9e:76:a7:f1:fc:ae,nw_src=10.0.128.129,nw_dst=10.0.0.5,nw_tos=0,icmp_type=8,icmp_code=0 actions=output:5
 cookie=0x0, duration=489.203s, table=0, n_packets=63, n_bytes=2646, idle_timeout=60, idle_age=6, priority=65535,icmp,in_port=1,vlan_tci=0x0000,dl_src=4e:b6:c1:74:0f:7d,dl_dst=9e:76:a7:f1:fc:ae,nw_src=10.0.128.130,nw_dst=10.0.0.5,nw_tos=0,icmp_type=8,icmp_code=0 actions=output:5
 cookie=0x0, duration=483.550s, table=0, n_packets=63, n_bytes=2646, idle_timeout=60, idle_age=6, priority=65535,icmp,in_port=1,vlan_tci=0x0000,dl_src=4e:b6:c1:74:0f:7d,dl_dst=9e:76:a7:f1:fc:ae,nw_src=10.0.130.131,nw_dst=10.0.0.5,nw_tos=0,icmp_type=8,icmp_code=0 actions=output:5
 cookie=0x0, duration=483.517s, table=0, n_packets=62, n_bytes=2604, idle_timeout=60, idle_age=6, priority=65535,icmp,in_port=1,vlan_tci=0x0000,dl_src=4e:b6:c1:74:0f:7d,dl_dst=9e:76:a7:f1:fc:ae,nw_src=10.0.130.132,nw_dst=10.0.0.5,nw_tos=0,icmp_type=8,icmp_code=0 actions=output:5
 cookie=0x0, duration=477.767s, table=0, n_packets=62, n_bytes=2604, idle_timeout=60, idle_age=6, priority=65535,icmp,in_port=1,vlan_tci=0x0000,dl_src=4e:b6:c1:74:0f:7d,dl_dst=9e:76:a7:f1:fc:ae,nw_src=10.0.132.133,nw_dst=10.0.0.5,nw_tos=0,icmp_type=8,icmp_code=0 actions=output:5
 cookie=0x0, duration=477.728s, table=0, n_packets=61, n_bytes=2562, idle_timeout=60, idle_age=6, priority=65535,icmp,in_port=1,vlan_tci=0x0000,dl_src=4e:b6:c1:74:0f:7d,dl_dst=9e:76:a7:f1:fc:ae,nw_src=10.0.132.134,nw_dst=10.0.0.5,nw_tos=0,icmp_type=8,icmp_code=0 actions=output:5
 cookie=0x0, duration=471.893s, table=0, n_packets=61, n_bytes=2562, idle_timeout=60, idle_age=6, priority=65535,icmp,in_port=1,vlan_tci=0x0000,dl_src=4e:b6:c1:74:0f:7d,dl_dst=9e:76:a7:f1:fc:ae,nw_src=10.0.134.135,nw_dst=10.0.0.5,nw_tos=0,icmp_type=8,icmp_code=0 actions=output:5
 cookie=0x0, duration=471.856s, table=0, n_packets=60, n_bytes=2520, idle_timeout=60, idle_age=6, priority=65535,icmp,in_port=1,vlan_tci=0x0000,dl_src=4e:b6:c1:74:0f:7d,dl_dst=9e:76:a7:f1:fc:ae,nw_src=10.0.134.136,nw_dst=10.0.0.5,nw_tos=0,icmp_type=8,icmp_code=0 actions=output:5
 cookie=0x0, duration=465.891s, table=0, n_packets=60, n_bytes=2520, idle_timeout=60, idle_age=6, priority=65535,icmp,in_port=1,vlan_tci=0x0000,dl_src=4e:b6:c1:74:0f:7d,dl_dst=9e:76:a7:f1:fc:ae,nw_src=10.0.136.137,nw_dst=10.0.0.5,nw_tos=0,icmp_type=8,icmp_code=0 actions=output:5
 cookie=0x0, duration=465.853s, table=0, n_packets=59, n_bytes=2478, idle_timeout=60, idle_age=6, priority=65535,icmp,in_port=1,vlan_tci=0x0000,dl_src=4e:b6:c1:74:0f:7d,dl_dst=9e:76:a7:f1:fc:ae,nw_src=10.0.136.138,nw_dst=10.0.0.5,nw_tos=0,icmp_type=8,icmp_code=0 actions=output:5
 cookie=0x0, duration=459.875s, table=0, n_packets=59, n_bytes=2478, idle_timeout=60, idle_age=6, priority=65535,icmp,in_port=1,vlan_tci=0x0000,dl_src=4e:b6:c1:74:0f:7d,dl_dst=9e:76:a7:f1:fc:ae,nw_src=10.0.138.139,nw_dst=10.0.0.5,nw_tos=0,icmp_type=8,icmp_code=0 actions=output:5
 cookie=0x0, duration=459.836s, table=0, n_packets=58, n_bytes=2436, idle_timeout=60, idle_age=6, priority=65535,icmp,in_port=1,vlan_tci=0x0000,dl_src=4e:b6:c1:74:0f:7d,dl_dst=9e:76:a7:f1:fc:ae,nw_src=10.0.138.140,nw_dst=10.0.0.5,nw_tos=0,icmp_type=8,icmp_code=0 actions=output:5
 cookie=0x0, duration=453.781s, table=0, n_packets=58, n_bytes=2436, idle_timeout=60, idle_age=6, priority=65535,icmp,in_port=1,vlan_tci=0x0000,dl_src=4e:b6:c1:74:0f:7d,dl_dst=9e:76:a7:f1:fc:ae,nw_src=10.0.140.141,nw_dst=10.0.0.5,nw_tos=0,icmp_type=8,icmp_code=0 actions=output:5
 cookie=0x0, duration=453.741s, table=0, n_packets=57, n_bytes=2394, idle_timeout=60, idle_age=6, priority=65535,icmp,in_port=1,vlan_tci=0x0000,dl_src=4e:b6:c1:74:0f:7d,dl_dst=9e:76:a7:f1:fc:ae,nw_src=10.0.140.142,nw_dst=10.0.0.5,nw_tos=0,icmp_type=8,icmp_code=0 actions=output:5
 cookie=0x0, duration=447.629s, table=0, n_packets=57, n_bytes=2394, idle_timeout=60, idle_age=6, priority=65535,icmp,in_port=1,vlan_tci=0x0000,dl_src=4e:b6:c1:74:0f:7d,dl_dst=9e:76:a7:f1:fc:ae,nw_src=10.0.142.143,nw_dst=10.0.0.5,nw_tos=0,icmp_type=8,icmp_code=0 actions=output:5
 cookie=0x0, duration=447.597s, table=0, n_packets=56, n_bytes=2352, idle_timeout=60, idle_age=6, priority=65535,icmp,in_port=1,vlan_tci=0x0000,dl_src=4e:b6:c1:74:0f:7d,dl_dst=9e:76:a7:f1:fc:ae,nw_src=10.0.142.144,nw_dst=10.0.0.5,nw_tos=0,icmp_type=8,icmp_code=0 actions=output:5
 cookie=0x0, duration=441.581s, table=0, n_packets=56, n_bytes=2352, idle_timeout=60, idle_age=6, priority=65535,icmp,in_port=1,vlan_tci=0x0000,dl_src=4e:b6:c1:74:0f:7d,dl_dst=9e:76:a7:f1:fc:ae,nw_src=10.0.144.145,nw_dst=10.0.0.5,nw_tos=0,icmp_type=8,icmp_code=0 actions=output:5
 cookie=0x0, duration=441.544s, table=0, n_packets=55, n_bytes=2310, idle_timeout=60, idle_age=6, priority=65535,icmp,in_port=1,vlan_tci=0x0000,dl_src=4e:b6:c1:74:0f:7d,dl_dst=9e:76:a7:f1:fc:ae,nw_src=10.0.144.146,nw_dst=10.0.0.5,nw_tos=0,icmp_type=8,icmp_code=0 actions=output:5
 cookie=0x0, duration=435.284s, table=0, n_packets=55, n_bytes=2310, idle_timeout=60, idle_age=6, priority=65535,icmp,in_port=1,vlan_tci=0x0000,dl_src=4e:b6:c1:74:0f:7d,dl_dst=9e:76:a7:f1:fc:ae,nw_src=10.0.146.147,nw_dst=10.0.0.5,nw_tos=0,icmp_type=8,icmp_code=0 actions=output:5
 cookie=0x0, duration=435.235s, table=0, n_packets=54, n_bytes=2268, idle_timeout=60, idle_age=6, priority=65535,icmp,in_port=1,vlan_tci=0x0000,dl_src=4e:b6:c1:74:0f:7d,dl_dst=9e:76:a7:f1:fc:ae,nw_src=10.0.146.148,nw_dst=10.0.0.5,nw_tos=0,icmp_type=8,icmp_code=0 actions=output:5
 cookie=0x0, duration=429.007s, table=0, n_packets=54, n_bytes=2268, idle_timeout=60, idle_age=6, priority=65535,icmp,in_port=1,vlan_tci=0x0000,dl_src=4e:b6:c1:74:0f:7d,dl_dst=9e:76:a7:f1:fc:ae,nw_src=10.0.148.149,nw_dst=10.0.0.5,nw_tos=0,icmp_type=8,icmp_code=0 actions=output:5
 cookie=0x0, duration=428.973s, table=0, n_packets=53, n_bytes=2226, idle_timeout=60, idle_age=6, priority=65535,icmp,in_port=1,vlan_tci=0x0000,dl_src=4e:b6:c1:74:0f:7d,dl_dst=9e:76:a7:f1:fc:ae,nw_src=10.0.148.150,nw_dst=10.0.0.5,nw_tos=0,icmp_type=8,icmp_code=0 actions=output:5
 cookie=0x0, duration=422.553s, table=0, n_packets=53, n_bytes=2226, idle_timeout=60, idle_age=6, priority=65535,icmp,in_port=1,vlan_tci=0x0000,dl_src=4e:b6:c1:74:0f:7d,dl_dst=9e:76:a7:f1:fc:ae,nw_src=10.0.150.151,nw_dst=10.0.0.5,nw_tos=0,icmp_type=8,icmp_code=0 actions=output:5
 cookie=0x0, duration=422.520s, table=0, n_packets=52, n_bytes=2184, idle_timeout=60, idle_age=6, priority=65535,icmp,in_port=1,vlan_tci=0x0000,dl_src=4e:b6:c1:74:0f:7d,dl_dst=9e:76:a7:f1:fc:ae,nw_src=10.0.150.152,nw_dst=10.0.0.5,nw_tos=0,icmp_type=8,icmp_code=0 actions=output:5
 cookie=0x0, duration=416.022s, table=0, n_packets=52, n_bytes=2184, idle_timeout=60, idle_age=6, priority=65535,icmp,in_port=1,vlan_tci=0x0000,dl_src=4e:b6:c1:74:0f:7d,dl_dst=9e:76:a7:f1:fc:ae,nw_src=10.0.152.153,nw_dst=10.0.0.5,nw_tos=0,icmp_type=8,icmp_code=0 actions=output:5
 cookie=0x0, duration=415.979s, table=0, n_packets=51, n_bytes=2142, idle_timeout=60, idle_age=6, priority=65535,icmp,in_port=1,vlan_tci=0x0000,dl_src=4e:b6:c1:74:0f:7d,dl_dst=9e:76:a7:f1:fc:ae,nw_src=10.0.152.154,nw_dst=10.0.0.5,nw_tos=0,icmp_type=8,icmp_code=0 actions=output:5
 cookie=0x0, duration=409.507s, table=0, n_packets=51, n_bytes=2142, idle_timeout=60, idle_age=5, priority=65535,icmp,in_port=1,vlan_tci=0x0000,dl_src=4e:b6:c1:74:0f:7d,dl_dst=9e:76:a7:f1:fc:ae,nw_src=10.0.154.155,nw_dst=10.0.0.5,nw_tos=0,icmp_type=8,icmp_code=0 actions=output:5
 cookie=0x0, duration=409.469s, table=0, n_packets=50, n_bytes=2100, idle_timeout=60, idle_age=5, priority=65535,icmp,in_port=1,vlan_tci=0x0000,dl_src=4e:b6:c1:74:0f:7d,dl_dst=9e:76:a7:f1:fc:ae,nw_src=10.0.154.156,nw_dst=10.0.0.5,nw_tos=0,icmp_type=8,icmp_code=0 actions=output:5
 cookie=0x0, duration=402.948s, table=0, n_packets=50, n_bytes=2100, idle_timeout=60, idle_age=5, priority=65535,icmp,in_port=1,vlan_tci=0x0000,dl_src=4e:b6:c1:74:0f:7d,dl_dst=9e:76:a7:f1:fc:ae,nw_src=10.0.156.157,nw_dst=10.0.0.5,nw_tos=0,icmp_type=8,icmp_code=0 actions=output:5
 cookie=0x0, duration=402.913s, table=0, n_packets=49, n_bytes=2058, idle_timeout=60, idle_age=5, priority=65535,icmp,in_port=1,vlan_tci=0x0000,dl_src=4e:b6:c1:74:0f:7d,dl_dst=9e:76:a7:f1:fc:ae,nw_src=10.0.156.158,nw_dst=10.0.0.5,nw_tos=0,icmp_type=8,icmp_code=0 actions=output:5
 cookie=0x0, duration=396.321s, table=0, n_packets=49, n_bytes=2058, idle_timeout=60, idle_age=5, priority=65535,icmp,in_port=1,vlan_tci=0x0000,dl_src=4e:b6:c1:74:0f:7d,dl_dst=9e:76:a7:f1:fc:ae,nw_src=10.0.158.159,nw_dst=10.0.0.5,nw_tos=0,icmp_type=8,icmp_code=0 actions=output:5
 cookie=0x0, duration=396.289s, table=0, n_packets=48, n_bytes=2016, idle_timeout=60, idle_age=5, priority=65535,icmp,in_port=1,vlan_tci=0x0000,dl_src=4e:b6:c1:74:0f:7d,dl_dst=9e:76:a7:f1:fc:ae,nw_src=10.0.158.160,nw_dst=10.0.0.5,nw_tos=0,icmp_type=8,icmp_code=0 actions=output:5
 cookie=0x0, duration=389.669s, table=0, n_packets=48, n_bytes=2016, idle_timeout=60, idle_age=5, priority=65535,icmp,in_port=1,vlan_tci=0x0000,dl_src=4e:b6:c1:74:0f:7d,dl_dst=9e:76:a7:f1:fc:ae,nw_src=10.0.160.161,nw_dst=10.0.0.5,nw_tos=0,icmp_type=8,icmp_code=0 actions=output:5
 cookie=0x0, duration=389.632s, table=0, n_packets=47, n_bytes=1974, idle_timeout=60, idle_age=5, priority=65535,icmp,in_port=1,vlan_tci=0x0000,dl_src=4e:b6:c1:74:0f:7d,dl_dst=9e:76:a7:f1:fc:ae,nw_src=10.0.160.162,nw_dst=10.0.0.5,nw_tos=0,icmp_type=8,icmp_code=0 actions=output:5
 cookie=0x0, duration=383.044s, table=0, n_packets=47, n_bytes=1974, idle_timeout=60, idle_age=5, priority=65535,icmp,in_port=1,vlan_tci=0x0000,dl_src=4e:b6:c1:74:0f:7d,dl_dst=9e:76:a7:f1:fc:ae,nw_src=10.0.162.163,nw_dst=10.0.0.5,nw_tos=0,icmp_type=8,icmp_code=0 actions=output:5
 cookie=0x0, duration=383.009s, table=0, n_packets=46, n_bytes=1932, idle_timeout=60, idle_age=5, priority=65535,icmp,in_port=1,vlan_tci=0x0000,dl_src=4e:b6:c1:74:0f:7d,dl_dst=9e:76:a7:f1:fc:ae,nw_src=10.0.162.164,nw_dst=10.0.0.5,nw_tos=0,icmp_type=8,icmp_code=0 actions=output:5
 cookie=0x0, duration=376.273s, table=0, n_packets=46, n_bytes=1932, idle_timeout=60, idle_age=5, priority=65535,icmp,in_port=1,vlan_tci=0x0000,dl_src=4e:b6:c1:74:0f:7d,dl_dst=9e:76:a7:f1:fc:ae,nw_src=10.0.164.165,nw_dst=10.0.0.5,nw_tos=0,icmp_type=8,icmp_code=0 actions=output:5
 cookie=0x0, duration=376.225s, table=0, n_packets=45, n_bytes=1890, idle_timeout=60, idle_age=5, priority=65535,icmp,in_port=1,vlan_tci=0x0000,dl_src=4e:b6:c1:74:0f:7d,dl_dst=9e:76:a7:f1:fc:ae,nw_src=10.0.164.166,nw_dst=10.0.0.5,nw_tos=0,icmp_type=8,icmp_code=0 actions=output:5
 cookie=0x0, duration=369.256s, table=0, n_packets=45, n_bytes=1890, idle_timeout=60, idle_age=5, priority=65535,icmp,in_port=1,vlan_tci=0x0000,dl_src=4e:b6:c1:74:0f:7d,dl_dst=9e:76:a7:f1:fc:ae,nw_src=10.0.166.167,nw_dst=10.0.0.5,nw_tos=0,icmp_type=8,icmp_code=0 actions=output:5
 cookie=0x0, duration=369.223s, table=0, n_packets=44, n_bytes=1848, idle_timeout=60, idle_age=5, priority=65535,icmp,in_port=1,vlan_tci=0x0000,dl_src=4e:b6:c1:74:0f:7d,dl_dst=9e:76:a7:f1:fc:ae,nw_src=10.0.166.168,nw_dst=10.0.0.5,nw_tos=0,icmp_type=8,icmp_code=0 actions=output:5
 cookie=0x0, duration=362.244s, table=0, n_packets=44, n_bytes=1848, idle_timeout=60, idle_age=5, priority=65535,icmp,in_port=1,vlan_tci=0x0000,dl_src=4e:b6:c1:74:0f:7d,dl_dst=9e:76:a7:f1:fc:ae,nw_src=10.0.168.169,nw_dst=10.0.0.5,nw_tos=0,icmp_type=8,icmp_code=0 actions=output:5
 cookie=0x0, duration=362.205s, table=0, n_packets=43, n_bytes=1806, idle_timeout=60, idle_age=5, priority=65535,icmp,in_port=1,vlan_tci=0x0000,dl_src=4e:b6:c1:74:0f:7d,dl_dst=9e:76:a7:f1:fc:ae,nw_src=10.0.168.170,nw_dst=10.0.0.5,nw_tos=0,icmp_type=8,icmp_code=0 actions=output:5
 cookie=0x0, duration=355.174s, table=0, n_packets=43, n_bytes=1806, idle_timeout=60, idle_age=5, priority=65535,icmp,in_port=1,vlan_tci=0x0000,dl_src=4e:b6:c1:74:0f:7d,dl_dst=9e:76:a7:f1:fc:ae,nw_src=10.0.170.171,nw_dst=10.0.0.5,nw_tos=0,icmp_type=8,icmp_code=0 actions=output:5
 cookie=0x0, duration=355.137s, table=0, n_packets=42, n_bytes=1764, idle_timeout=60, idle_age=5, priority=65535,icmp,in_port=1,vlan_tci=0x0000,dl_src=4e:b6:c1:74:0f:7d,dl_dst=9e:76:a7:f1:fc:ae,nw_src=10.0.170.172,nw_dst=10.0.0.5,nw_tos=0,icmp_type=8,icmp_code=0 actions=output:5
 cookie=0x0, duration=347.969s, table=0, n_packets=42, n_bytes=1764, idle_timeout=60, idle_age=5, priority=65535,icmp,in_port=1,vlan_tci=0x0000,dl_src=4e:b6:c1:74:0f:7d,dl_dst=9e:76:a7:f1:fc:ae,nw_src=10.0.172.173,nw_dst=10.0.0.5,nw_tos=0,icmp_type=8,icmp_code=0 actions=output:5
 cookie=0x0, duration=347.933s, table=0, n_packets=41, n_bytes=1722, idle_timeout=60, idle_age=5, priority=65535,icmp,in_port=1,vlan_tci=0x0000,dl_src=4e:b6:c1:74:0f:7d,dl_dst=9e:76:a7:f1:fc:ae,nw_src=10.0.172.174,nw_dst=10.0.0.5,nw_tos=0,icmp_type=8,icmp_code=0 actions=output:5
 cookie=0x0, duration=340.711s, table=0, n_packets=41, n_bytes=1722, idle_timeout=60, idle_age=5, priority=65535,icmp,in_port=1,vlan_tci=0x0000,dl_src=4e:b6:c1:74:0f:7d,dl_dst=9e:76:a7:f1:fc:ae,nw_src=10.0.174.175,nw_dst=10.0.0.5,nw_tos=0,icmp_type=8,icmp_code=0 actions=output:5
 cookie=0x0, duration=340.683s, table=0, n_packets=40, n_bytes=1680, idle_timeout=60, idle_age=5, priority=65535,icmp,in_port=1,vlan_tci=0x0000,dl_src=4e:b6:c1:74:0f:7d,dl_dst=9e:76:a7:f1:fc:ae,nw_src=10.0.174.176,nw_dst=10.0.0.5,nw_tos=0,icmp_type=8,icmp_code=0 actions=output:5
 cookie=0x0, duration=333.335s, table=0, n_packets=40, n_bytes=1680, idle_timeout=60, idle_age=5, priority=65535,icmp,in_port=1,vlan_tci=0x0000,dl_src=4e:b6:c1:74:0f:7d,dl_dst=9e:76:a7:f1:fc:ae,nw_src=10.0.176.177,nw_dst=10.0.0.5,nw_tos=0,icmp_type=8,icmp_code=0 actions=output:5
 cookie=0x0, duration=333.295s, table=0, n_packets=39, n_bytes=1638, idle_timeout=60, idle_age=5, priority=65535,icmp,in_port=1,vlan_tci=0x0000,dl_src=4e:b6:c1:74:0f:7d,dl_dst=9e:76:a7:f1:fc:ae,nw_src=10.0.176.178,nw_dst=10.0.0.5,nw_tos=0,icmp_type=8,icmp_code=0 actions=output:5
 cookie=0x0, duration=325.977s, table=0, n_packets=39, n_bytes=1638, idle_timeout=60, idle_age=5, priority=65535,icmp,in_port=1,vlan_tci=0x0000,dl_src=4e:b6:c1:74:0f:7d,dl_dst=9e:76:a7:f1:fc:ae,nw_src=10.0.178.179,nw_dst=10.0.0.5,nw_tos=0,icmp_type=8,icmp_code=0 actions=output:5
 cookie=0x0, duration=325.945s, table=0, n_packets=38, n_bytes=1596, idle_timeout=60, idle_age=5, priority=65535,icmp,in_port=1,vlan_tci=0x0000,dl_src=4e:b6:c1:74:0f:7d,dl_dst=9e:76:a7:f1:fc:ae,nw_src=10.0.178.180,nw_dst=10.0.0.5,nw_tos=0,icmp_type=8,icmp_code=0 actions=output:5
 cookie=0x0, duration=318.531s, table=0, n_packets=38, n_bytes=1596, idle_timeout=60, idle_age=5, priority=65535,icmp,in_port=1,vlan_tci=0x0000,dl_src=4e:b6:c1:74:0f:7d,dl_dst=9e:76:a7:f1:fc:ae,nw_src=10.0.180.181,nw_dst=10.0.0.5,nw_tos=0,icmp_type=8,icmp_code=0 actions=output:5
 cookie=0x0, duration=318.508s, table=0, n_packets=37, n_bytes=1554, idle_timeout=60, idle_age=4, priority=65535,icmp,in_port=1,vlan_tci=0x0000,dl_src=4e:b6:c1:74:0f:7d,dl_dst=9e:76:a7:f1:fc:ae,nw_src=10.0.180.182,nw_dst=10.0.0.5,nw_tos=0,icmp_type=8,icmp_code=0 actions=output:5
 cookie=0x0, duration=311.011s, table=0, n_packets=37, n_bytes=1554, idle_timeout=60, idle_age=4, priority=65535,icmp,in_port=1,vlan_tci=0x0000,dl_src=4e:b6:c1:74:0f:7d,dl_dst=9e:76:a7:f1:fc:ae,nw_src=10.0.182.183,nw_dst=10.0.0.5,nw_tos=0,icmp_type=8,icmp_code=0 actions=output:5
 cookie=0x0, duration=310.973s, table=0, n_packets=36, n_bytes=1512, idle_timeout=60, idle_age=4, priority=65535,icmp,in_port=1,vlan_tci=0x0000,dl_src=4e:b6:c1:74:0f:7d,dl_dst=9e:76:a7:f1:fc:ae,nw_src=10.0.182.184,nw_dst=10.0.0.5,nw_tos=0,icmp_type=8,icmp_code=0 actions=output:5
 cookie=0x0, duration=303.304s, table=0, n_packets=36, n_bytes=1512, idle_timeout=60, idle_age=4, priority=65535,icmp,in_port=1,vlan_tci=0x0000,dl_src=4e:b6:c1:74:0f:7d,dl_dst=9e:76:a7:f1:fc:ae,nw_src=10.0.184.185,nw_dst=10.0.0.5,nw_tos=0,icmp_type=8,icmp_code=0 actions=output:5
 cookie=0x0, duration=303.270s, table=0, n_packets=35, n_bytes=1470, idle_timeout=60, idle_age=4, priority=65535,icmp,in_port=1,vlan_tci=0x0000,dl_src=4e:b6:c1:74:0f:7d,dl_dst=9e:76:a7:f1:fc:ae,nw_src=10.0.184.186,nw_dst=10.0.0.5,nw_tos=0,icmp_type=8,icmp_code=0 actions=output:5
 cookie=0x0, duration=295.581s, table=0, n_packets=35, n_bytes=1470, idle_timeout=60, idle_age=4, priority=65535,icmp,in_port=1,vlan_tci=0x0000,dl_src=4e:b6:c1:74:0f:7d,dl_dst=9e:76:a7:f1:fc:ae,nw_src=10.0.186.187,nw_dst=10.0.0.5,nw_tos=0,icmp_type=8,icmp_code=0 actions=output:5
 cookie=0x0, duration=295.545s, table=0, n_packets=34, n_bytes=1428, idle_timeout=60, idle_age=4, priority=65535,icmp,in_port=1,vlan_tci=0x0000,dl_src=4e:b6:c1:74:0f:7d,dl_dst=9e:76:a7:f1:fc:ae,nw_src=10.0.186.188,nw_dst=10.0.0.5,nw_tos=0,icmp_type=8,icmp_code=0 actions=output:5
 cookie=0x0, duration=287.736s, table=0, n_packets=34, n_bytes=1428, idle_timeout=60, idle_age=4, priority=65535,icmp,in_port=1,vlan_tci=0x0000,dl_src=4e:b6:c1:74:0f:7d,dl_dst=9e:76:a7:f1:fc:ae,nw_src=10.0.188.189,nw_dst=10.0.0.5,nw_tos=0,icmp_type=8,icmp_code=0 actions=output:5
 cookie=0x0, duration=287.700s, table=0, n_packets=33, n_bytes=1386, idle_timeout=60, idle_age=4, priority=65535,icmp,in_port=1,vlan_tci=0x0000,dl_src=4e:b6:c1:74:0f:7d,dl_dst=9e:76:a7:f1:fc:ae,nw_src=10.0.188.190,nw_dst=10.0.0.5,nw_tos=0,icmp_type=8,icmp_code=0 actions=output:5
 cookie=0x0, duration=279.763s, table=0, n_packets=33, n_bytes=1386, idle_timeout=60, idle_age=4, priority=65535,icmp,in_port=1,vlan_tci=0x0000,dl_src=4e:b6:c1:74:0f:7d,dl_dst=9e:76:a7:f1:fc:ae,nw_src=10.0.190.191,nw_dst=10.0.0.5,nw_tos=0,icmp_type=8,icmp_code=0 actions=output:5
 cookie=0x0, duration=279.736s, table=0, n_packets=32, n_bytes=1344, idle_timeout=60, idle_age=4, priority=65535,icmp,in_port=1,vlan_tci=0x0000,dl_src=4e:b6:c1:74:0f:7d,dl_dst=9e:76:a7:f1:fc:ae,nw_src=10.0.190.192,nw_dst=10.0.0.5,nw_tos=0,icmp_type=8,icmp_code=0 actions=output:5
 cookie=0x0, duration=271.783s, table=0, n_packets=32, n_bytes=1344, idle_timeout=60, idle_age=4, priority=65535,icmp,in_port=1,vlan_tci=0x0000,dl_src=4e:b6:c1:74:0f:7d,dl_dst=9e:76:a7:f1:fc:ae,nw_src=10.0.192.193,nw_dst=10.0.0.5,nw_tos=0,icmp_type=8,icmp_code=0 actions=output:5
 cookie=0x0, duration=271.743s, table=0, n_packets=31, n_bytes=1302, idle_timeout=60, idle_age=4, priority=65535,icmp,in_port=1,vlan_tci=0x0000,dl_src=4e:b6:c1:74:0f:7d,dl_dst=9e:76:a7:f1:fc:ae,nw_src=10.0.192.194,nw_dst=10.0.0.5,nw_tos=0,icmp_type=8,icmp_code=0 actions=output:5
 cookie=0x0, duration=263.726s, table=0, n_packets=31, n_bytes=1302, idle_timeout=60, idle_age=4, priority=65535,icmp,in_port=1,vlan_tci=0x0000,dl_src=4e:b6:c1:74:0f:7d,dl_dst=9e:76:a7:f1:fc:ae,nw_src=10.0.194.195,nw_dst=10.0.0.5,nw_tos=0,icmp_type=8,icmp_code=0 actions=output:5
 cookie=0x0, duration=263.688s, table=0, n_packets=30, n_bytes=1260, idle_timeout=60, idle_age=4, priority=65535,icmp,in_port=1,vlan_tci=0x0000,dl_src=4e:b6:c1:74:0f:7d,dl_dst=9e:76:a7:f1:fc:ae,nw_src=10.0.194.196,nw_dst=10.0.0.5,nw_tos=0,icmp_type=8,icmp_code=0 actions=output:5
 cookie=0x0, duration=255.576s, table=0, n_packets=30, n_bytes=1260, idle_timeout=60, idle_age=4, priority=65535,icmp,in_port=1,vlan_tci=0x0000,dl_src=4e:b6:c1:74:0f:7d,dl_dst=9e:76:a7:f1:fc:ae,nw_src=10.0.196.197,nw_dst=10.0.0.5,nw_tos=0,icmp_type=8,icmp_code=0 actions=output:5
 cookie=0x0, duration=255.535s, table=0, n_packets=29, n_bytes=1218, idle_timeout=60, idle_age=4, priority=65535,icmp,in_port=1,vlan_tci=0x0000,dl_src=4e:b6:c1:74:0f:7d,dl_dst=9e:76:a7:f1:fc:ae,nw_src=10.0.196.198,nw_dst=10.0.0.5,nw_tos=0,icmp_type=8,icmp_code=0 actions=output:5
 cookie=0x0, duration=247.441s, table=0, n_packets=29, n_bytes=1218, idle_timeout=60, idle_age=4, priority=65535,icmp,in_port=1,vlan_tci=0x0000,dl_src=4e:b6:c1:74:0f:7d,dl_dst=9e:76:a7:f1:fc:ae,nw_src=10.0.198.199,nw_dst=10.0.0.5,nw_tos=0,icmp_type=8,icmp_code=0 actions=output:5
 cookie=0x0, duration=247.401s, table=0, n_packets=28, n_bytes=1176, idle_timeout=60, idle_age=4, priority=65535,icmp,in_port=1,vlan_tci=0x0000,dl_src=4e:b6:c1:74:0f:7d,dl_dst=9e:76:a7:f1:fc:ae,nw_src=10.0.198.200,nw_dst=10.0.0.5,nw_tos=0,icmp_type=8,icmp_code=0 actions=output:5
 cookie=0x0, duration=239.180s, table=0, n_packets=28, n_bytes=1176, idle_timeout=60, idle_age=4, priority=65535,icmp,in_port=1,vlan_tci=0x0000,dl_src=4e:b6:c1:74:0f:7d,dl_dst=9e:76:a7:f1:fc:ae,nw_src=10.0.200.201,nw_dst=10.0.0.5,nw_tos=0,icmp_type=8,icmp_code=0 actions=output:5
 cookie=0x0, duration=239.140s, table=0, n_packets=27, n_bytes=1134, idle_timeout=60, idle_age=4, priority=65535,icmp,in_port=1,vlan_tci=0x0000,dl_src=4e:b6:c1:74:0f:7d,dl_dst=9e:76:a7:f1:fc:ae,nw_src=10.0.200.202,nw_dst=10.0.0.5,nw_tos=0,icmp_type=8,icmp_code=0 actions=output:5
 cookie=0x0, duration=230.881s, table=0, n_packets=27, n_bytes=1134, idle_timeout=60, idle_age=4, priority=65535,icmp,in_port=1,vlan_tci=0x0000,dl_src=4e:b6:c1:74:0f:7d,dl_dst=9e:76:a7:f1:fc:ae,nw_src=10.0.202.203,nw_dst=10.0.0.5,nw_tos=0,icmp_type=8,icmp_code=0 actions=output:5
 cookie=0x0, duration=230.840s, table=0, n_packets=26, n_bytes=1092, idle_timeout=60, idle_age=4, priority=65535,icmp,in_port=1,vlan_tci=0x0000,dl_src=4e:b6:c1:74:0f:7d,dl_dst=9e:76:a7:f1:fc:ae,nw_src=10.0.202.204,nw_dst=10.0.0.5,nw_tos=0,icmp_type=8,icmp_code=0 actions=output:5
 cookie=0x0, duration=222.492s, table=0, n_packets=26, n_bytes=1092, idle_timeout=60, idle_age=4, priority=65535,icmp,in_port=1,vlan_tci=0x0000,dl_src=4e:b6:c1:74:0f:7d,dl_dst=9e:76:a7:f1:fc:ae,nw_src=10.0.204.205,nw_dst=10.0.0.5,nw_tos=0,icmp_type=8,icmp_code=0 actions=output:5
 cookie=0x0, duration=222.452s, table=0, n_packets=25, n_bytes=1050, idle_timeout=60, idle_age=4, priority=65535,icmp,in_port=1,vlan_tci=0x0000,dl_src=4e:b6:c1:74:0f:7d,dl_dst=9e:76:a7:f1:fc:ae,nw_src=10.0.204.206,nw_dst=10.0.0.5,nw_tos=0,icmp_type=8,icmp_code=0 actions=output:5
 cookie=0x0, duration=214.080s, table=0, n_packets=25, n_bytes=1050, idle_timeout=60, idle_age=4, priority=65535,icmp,in_port=1,vlan_tci=0x0000,dl_src=4e:b6:c1:74:0f:7d,dl_dst=9e:76:a7:f1:fc:ae,nw_src=10.0.206.207,nw_dst=10.0.0.5,nw_tos=0,icmp_type=8,icmp_code=0 actions=output:5
 cookie=0x0, duration=214.049s, table=0, n_packets=24, n_bytes=1008, idle_timeout=60, idle_age=4, priority=65535,icmp,in_port=1,vlan_tci=0x0000,dl_src=4e:b6:c1:74:0f:7d,dl_dst=9e:76:a7:f1:fc:ae,nw_src=10.0.206.208,nw_dst=10.0.0.5,nw_tos=0,icmp_type=8,icmp_code=0 actions=output:5
 cookie=0x0, duration=205.545s, table=0, n_packets=24, n_bytes=1008, idle_timeout=60, idle_age=4, priority=65535,icmp,in_port=1,vlan_tci=0x0000,dl_src=4e:b6:c1:74:0f:7d,dl_dst=9e:76:a7:f1:fc:ae,nw_src=10.0.208.209,nw_dst=10.0.0.5,nw_tos=0,icmp_type=8,icmp_code=0 actions=output:5
 cookie=0x0, duration=205.513s, table=0, n_packets=23, n_bytes=966, idle_timeout=60, idle_age=4, priority=65535,icmp,in_port=1,vlan_tci=0x0000,dl_src=4e:b6:c1:74:0f:7d,dl_dst=9e:76:a7:f1:fc:ae,nw_src=10.0.208.210,nw_dst=10.0.0.5,nw_tos=0,icmp_type=8,icmp_code=0 actions=output:5
 cookie=0x0, duration=196.992s, table=0, n_packets=23, n_bytes=966, idle_timeout=60, idle_age=4, priority=65535,icmp,in_port=1,vlan_tci=0x0000,dl_src=4e:b6:c1:74:0f:7d,dl_dst=9e:76:a7:f1:fc:ae,nw_src=10.0.210.211,nw_dst=10.0.0.5,nw_tos=0,icmp_type=8,icmp_code=0 actions=output:5
 cookie=0x0, duration=196.963s, table=0, n_packets=22, n_bytes=924, idle_timeout=60, idle_age=3, priority=65535,icmp,in_port=1,vlan_tci=0x0000,dl_src=4e:b6:c1:74:0f:7d,dl_dst=9e:76:a7:f1:fc:ae,nw_src=10.0.210.212,nw_dst=10.0.0.5,nw_tos=0,icmp_type=8,icmp_code=0 actions=output:5
 cookie=0x0, duration=188.256s, table=0, n_packets=22, n_bytes=924, idle_timeout=60, idle_age=3, priority=65535,icmp,in_port=1,vlan_tci=0x0000,dl_src=4e:b6:c1:74:0f:7d,dl_dst=9e:76:a7:f1:fc:ae,nw_src=10.0.212.213,nw_dst=10.0.0.5,nw_tos=0,icmp_type=8,icmp_code=0 actions=output:5
 cookie=0x0, duration=188.219s, table=0, n_packets=21, n_bytes=882, idle_timeout=60, idle_age=3, priority=65535,icmp,in_port=1,vlan_tci=0x0000,dl_src=4e:b6:c1:74:0f:7d,dl_dst=9e:76:a7:f1:fc:ae,nw_src=10.0.212.214,nw_dst=10.0.0.5,nw_tos=0,icmp_type=8,icmp_code=0 actions=output:5
 cookie=0x0, duration=179.667s, table=0, n_packets=21, n_bytes=882, idle_timeout=60, idle_age=3, priority=65535,icmp,in_port=1,vlan_tci=0x0000,dl_src=4e:b6:c1:74:0f:7d,dl_dst=9e:76:a7:f1:fc:ae,nw_src=10.0.214.215,nw_dst=10.0.0.5,nw_tos=0,icmp_type=8,icmp_code=0 actions=output:5
 cookie=0x0, duration=179.634s, table=0, n_packets=20, n_bytes=840, idle_timeout=60, idle_age=3, priority=65535,icmp,in_port=1,vlan_tci=0x0000,dl_src=4e:b6:c1:74:0f:7d,dl_dst=9e:76:a7:f1:fc:ae,nw_src=10.0.214.216,nw_dst=10.0.0.5,nw_tos=0,icmp_type=8,icmp_code=0 actions=output:5
 cookie=0x0, duration=171.126s, table=0, n_packets=20, n_bytes=840, idle_timeout=60, idle_age=3, priority=65535,icmp,in_port=1,vlan_tci=0x0000,dl_src=4e:b6:c1:74:0f:7d,dl_dst=9e:76:a7:f1:fc:ae,nw_src=10.0.216.217,nw_dst=10.0.0.5,nw_tos=0,icmp_type=8,icmp_code=0 actions=output:5
 cookie=0x0, duration=171.093s, table=0, n_packets=19, n_bytes=798, idle_timeout=60, idle_age=3, priority=65535,icmp,in_port=1,vlan_tci=0x0000,dl_src=4e:b6:c1:74:0f:7d,dl_dst=9e:76:a7:f1:fc:ae,nw_src=10.0.216.218,nw_dst=10.0.0.5,nw_tos=0,icmp_type=8,icmp_code=0 actions=output:5
 cookie=0x0, duration=162.321s, table=0, n_packets=19, n_bytes=798, idle_timeout=60, idle_age=3, priority=65535,icmp,in_port=1,vlan_tci=0x0000,dl_src=4e:b6:c1:74:0f:7d,dl_dst=9e:76:a7:f1:fc:ae,nw_src=10.0.218.219,nw_dst=10.0.0.5,nw_tos=0,icmp_type=8,icmp_code=0 actions=output:5
 cookie=0x0, duration=162.286s, table=0, n_packets=18, n_bytes=756, idle_timeout=60, idle_age=3, priority=65535,icmp,in_port=1,vlan_tci=0x0000,dl_src=4e:b6:c1:74:0f:7d,dl_dst=9e:76:a7:f1:fc:ae,nw_src=10.0.218.220,nw_dst=10.0.0.5,nw_tos=0,icmp_type=8,icmp_code=0 actions=output:5
 cookie=0x0, duration=153.612s, table=0, n_packets=18, n_bytes=756, idle_timeout=60, idle_age=3, priority=65535,icmp,in_port=1,vlan_tci=0x0000,dl_src=4e:b6:c1:74:0f:7d,dl_dst=9e:76:a7:f1:fc:ae,nw_src=10.0.220.221,nw_dst=10.0.0.5,nw_tos=0,icmp_type=8,icmp_code=0 actions=output:5
 cookie=0x0, duration=153.573s, table=0, n_packets=17, n_bytes=714, idle_timeout=60, idle_age=3, priority=65535,icmp,in_port=1,vlan_tci=0x0000,dl_src=4e:b6:c1:74:0f:7d,dl_dst=9e:76:a7:f1:fc:ae,nw_src=10.0.220.222,nw_dst=10.0.0.5,nw_tos=0,icmp_type=8,icmp_code=0 actions=output:5
 cookie=0x0, duration=144.673s, table=0, n_packets=17, n_bytes=714, idle_timeout=60, idle_age=3, priority=65535,icmp,in_port=1,vlan_tci=0x0000,dl_src=4e:b6:c1:74:0f:7d,dl_dst=9e:76:a7:f1:fc:ae,nw_src=10.0.222.223,nw_dst=10.0.0.5,nw_tos=0,icmp_type=8,icmp_code=0 actions=output:5
 cookie=0x0, duration=144.639s, table=0, n_packets=16, n_bytes=672, idle_timeout=60, idle_age=3, priority=65535,icmp,in_port=1,vlan_tci=0x0000,dl_src=4e:b6:c1:74:0f:7d,dl_dst=9e:76:a7:f1:fc:ae,nw_src=10.0.222.224,nw_dst=10.0.0.5,nw_tos=0,icmp_type=8,icmp_code=0 actions=output:5
 cookie=0x0, duration=135.669s, table=0, n_packets=16, n_bytes=672, idle_timeout=60, idle_age=3, priority=65535,icmp,in_port=1,vlan_tci=0x0000,dl_src=4e:b6:c1:74:0f:7d,dl_dst=9e:76:a7:f1:fc:ae,nw_src=10.0.224.225,nw_dst=10.0.0.5,nw_tos=0,icmp_type=8,icmp_code=0 actions=output:5
 cookie=0x0, duration=135.637s, table=0, n_packets=15, n_bytes=630, idle_timeout=60, idle_age=3, priority=65535,icmp,in_port=1,vlan_tci=0x0000,dl_src=4e:b6:c1:74:0f:7d,dl_dst=9e:76:a7:f1:fc:ae,nw_src=10.0.224.226,nw_dst=10.0.0.5,nw_tos=0,icmp_type=8,icmp_code=0 actions=output:5
 cookie=0x0, duration=126.437s, table=0, n_packets=15, n_bytes=630, idle_timeout=60, idle_age=3, priority=65535,icmp,in_port=1,vlan_tci=0x0000,dl_src=4e:b6:c1:74:0f:7d,dl_dst=9e:76:a7:f1:fc:ae,nw_src=10.0.226.227,nw_dst=10.0.0.5,nw_tos=0,icmp_type=8,icmp_code=0 actions=output:5
 cookie=0x0, duration=126.405s, table=0, n_packets=14, n_bytes=588, idle_timeout=60, idle_age=3, priority=65535,icmp,in_port=1,vlan_tci=0x0000,dl_src=4e:b6:c1:74:0f:7d,dl_dst=9e:76:a7:f1:fc:ae,nw_src=10.0.226.228,nw_dst=10.0.0.5,nw_tos=0,icmp_type=8,icmp_code=0 actions=output:5
 cookie=0x0, duration=117.141s, table=0, n_packets=14, n_bytes=588, idle_timeout=60, idle_age=3, priority=65535,icmp,in_port=1,vlan_tci=0x0000,dl_src=4e:b6:c1:74:0f:7d,dl_dst=9e:76:a7:f1:fc:ae,nw_src=10.0.228.229,nw_dst=10.0.0.5,nw_tos=0,icmp_type=8,icmp_code=0 actions=output:5
 cookie=0x0, duration=117.094s, table=0, n_packets=13, n_bytes=546, idle_timeout=60, idle_age=3, priority=65535,icmp,in_port=1,vlan_tci=0x0000,dl_src=4e:b6:c1:74:0f:7d,dl_dst=9e:76:a7:f1:fc:ae,nw_src=10.0.228.230,nw_dst=10.0.0.5,nw_tos=0,icmp_type=8,icmp_code=0 actions=output:5
 cookie=0x0, duration=107.951s, table=0, n_packets=13, n_bytes=546, idle_timeout=60, idle_age=3, priority=65535,icmp,in_port=1,vlan_tci=0x0000,dl_src=4e:b6:c1:74:0f:7d,dl_dst=9e:76:a7:f1:fc:ae,nw_src=10.0.230.231,nw_dst=10.0.0.5,nw_tos=0,icmp_type=8,icmp_code=0 actions=output:5
 cookie=0x0, duration=107.924s, table=0, n_packets=12, n_bytes=504, idle_timeout=60, idle_age=3, priority=65535,icmp,in_port=1,vlan_tci=0x0000,dl_src=4e:b6:c1:74:0f:7d,dl_dst=9e:76:a7:f1:fc:ae,nw_src=10.0.230.232,nw_dst=10.0.0.5,nw_tos=0,icmp_type=8,icmp_code=0 actions=output:5
 cookie=0x0, duration=98.572s, table=0, n_packets=12, n_bytes=504, idle_timeout=60, idle_age=3, priority=65535,icmp,in_port=1,vlan_tci=0x0000,dl_src=4e:b6:c1:74:0f:7d,dl_dst=9e:76:a7:f1:fc:ae,nw_src=10.0.232.233,nw_dst=10.0.0.5,nw_tos=0,icmp_type=8,icmp_code=0 actions=output:5
 cookie=0x0, duration=98.541s, table=0, n_packets=11, n_bytes=462, idle_timeout=60, idle_age=3, priority=65535,icmp,in_port=1,vlan_tci=0x0000,dl_src=4e:b6:c1:74:0f:7d,dl_dst=9e:76:a7:f1:fc:ae,nw_src=10.0.232.234,nw_dst=10.0.0.5,nw_tos=0,icmp_type=8,icmp_code=0 actions=output:5
 cookie=0x0, duration=89.173s, table=0, n_packets=11, n_bytes=462, idle_timeout=60, idle_age=3, priority=65535,icmp,in_port=1,vlan_tci=0x0000,dl_src=4e:b6:c1:74:0f:7d,dl_dst=9e:76:a7:f1:fc:ae,nw_src=10.0.234.235,nw_dst=10.0.0.5,nw_tos=0,icmp_type=8,icmp_code=0 actions=output:5
 cookie=0x0, duration=89.132s, table=0, n_packets=10, n_bytes=420, idle_timeout=60, idle_age=3, priority=65535,icmp,in_port=1,vlan_tci=0x0000,dl_src=4e:b6:c1:74:0f:7d,dl_dst=9e:76:a7:f1:fc:ae,nw_src=10.0.234.236,nw_dst=10.0.0.5,nw_tos=0,icmp_type=8,icmp_code=0 actions=output:5
 cookie=0x0, duration=79.658s, table=0, n_packets=10, n_bytes=420, idle_timeout=60, idle_age=3, priority=65535,icmp,in_port=1,vlan_tci=0x0000,dl_src=4e:b6:c1:74:0f:7d,dl_dst=9e:76:a7:f1:fc:ae,nw_src=10.0.236.237,nw_dst=10.0.0.5,nw_tos=0,icmp_type=8,icmp_code=0 actions=output:5
 cookie=0x0, duration=79.625s, table=0, n_packets=9, n_bytes=378, idle_timeout=60, idle_age=3, priority=65535,icmp,in_port=1,vlan_tci=0x0000,dl_src=4e:b6:c1:74:0f:7d,dl_dst=9e:76:a7:f1:fc:ae,nw_src=10.0.236.238,nw_dst=10.0.0.5,nw_tos=0,icmp_type=8,icmp_code=0 actions=output:5
 cookie=0x0, duration=70.084s, table=0, n_packets=9, n_bytes=378, idle_timeout=60, idle_age=3, priority=65535,icmp,in_port=1,vlan_tci=0x0000,dl_src=4e:b6:c1:74:0f:7d,dl_dst=9e:76:a7:f1:fc:ae,nw_src=10.0.238.239,nw_dst=10.0.0.5,nw_tos=0,icmp_type=8,icmp_code=0 actions=output:5
 cookie=0x0, duration=70.047s, table=0, n_packets=8, n_bytes=336, idle_timeout=60, idle_age=3, priority=65535,icmp,in_port=1,vlan_tci=0x0000,dl_src=4e:b6:c1:74:0f:7d,dl_dst=9e:76:a7:f1:fc:ae,nw_src=10.0.238.240,nw_dst=10.0.0.5,nw_tos=0,icmp_type=8,icmp_code=0 actions=output:5
 cookie=0x0, duration=60.636s, table=0, n_packets=8, n_bytes=336, idle_timeout=60, idle_age=2, priority=65535,icmp,in_port=1,vlan_tci=0x0000,dl_src=4e:b6:c1:74:0f:7d,dl_dst=9e:76:a7:f1:fc:ae,nw_src=10.0.240.241,nw_dst=10.0.0.5,nw_tos=0,icmp_type=8,icmp_code=0 actions=output:5
 cookie=0x0, duration=60.605s, table=0, n_packets=7, n_bytes=294, idle_timeout=60, idle_age=2, priority=65535,icmp,in_port=1,vlan_tci=0x0000,dl_src=4e:b6:c1:74:0f:7d,dl_dst=9e:76:a7:f1:fc:ae,nw_src=10.0.240.242,nw_dst=10.0.0.5,nw_tos=0,icmp_type=8,icmp_code=0 actions=output:5
 cookie=0x0, duration=51.128s, table=0, n_packets=7, n_bytes=294, idle_timeout=60, idle_age=2, priority=65535,icmp,in_port=1,vlan_tci=0x0000,dl_src=4e:b6:c1:74:0f:7d,dl_dst=9e:76:a7:f1:fc:ae,nw_src=10.0.242.243,nw_dst=10.0.0.5,nw_tos=0,icmp_type=8,icmp_code=0 actions=output:5
 cookie=0x0, duration=51.097s, table=0, n_packets=6, n_bytes=252, idle_timeout=60, idle_age=2, priority=65535,icmp,in_port=1,vlan_tci=0x0000,dl_src=4e:b6:c1:74:0f:7d,dl_dst=9e:76:a7:f1:fc:ae,nw_src=10.0.242.244,nw_dst=10.0.0.5,nw_tos=0,icmp_type=8,icmp_code=0 actions=output:5
 cookie=0x0, duration=41.575s, table=0, n_packets=6, n_bytes=252, idle_timeout=60, idle_age=2, priority=65535,icmp,in_port=1,vlan_tci=0x0000,dl_src=4e:b6:c1:74:0f:7d,dl_dst=9e:76:a7:f1:fc:ae,nw_src=10.0.244.245,nw_dst=10.0.0.5,nw_tos=0,icmp_type=8,icmp_code=0 actions=output:5
 cookie=0x0, duration=41.537s, table=0, n_packets=5, n_bytes=210, idle_timeout=60, idle_age=2, priority=65535,icmp,in_port=1,vlan_tci=0x0000,dl_src=4e:b6:c1:74:0f:7d,dl_dst=9e:76:a7:f1:fc:ae,nw_src=10.0.244.246,nw_dst=10.0.0.5,nw_tos=0,icmp_type=8,icmp_code=0 actions=output:5
 cookie=0x0, duration=31.945s, table=0, n_packets=5, n_bytes=210, idle_timeout=60, idle_age=2, priority=65535,icmp,in_port=1,vlan_tci=0x0000,dl_src=4e:b6:c1:74:0f:7d,dl_dst=9e:76:a7:f1:fc:ae,nw_src=10.0.246.247,nw_dst=10.0.0.5,nw_tos=0,icmp_type=8,icmp_code=0 actions=output:5
 cookie=0x0, duration=31.913s, table=0, n_packets=4, n_bytes=168, idle_timeout=60, idle_age=2, priority=65535,icmp,in_port=1,vlan_tci=0x0000,dl_src=4e:b6:c1:74:0f:7d,dl_dst=9e:76:a7:f1:fc:ae,nw_src=10.0.246.248,nw_dst=10.0.0.5,nw_tos=0,icmp_type=8,icmp_code=0 actions=output:5
 cookie=0x0, duration=22.213s, table=0, n_packets=4, n_bytes=168, idle_timeout=60, idle_age=2, priority=65535,icmp,in_port=1,vlan_tci=0x0000,dl_src=4e:b6:c1:74:0f:7d,dl_dst=9e:76:a7:f1:fc:ae,nw_src=10.0.248.249,nw_dst=10.0.0.5,nw_tos=0,icmp_type=8,icmp_code=0 actions=output:5
 cookie=0x0, duration=22.176s, table=0, n_packets=3, n_bytes=126, idle_timeout=60, idle_age=2, priority=65535,icmp,in_port=1,vlan_tci=0x0000,dl_src=4e:b6:c1:74:0f:7d,dl_dst=9e:76:a7:f1:fc:ae,nw_src=10.0.248.250,nw_dst=10.0.0.5,nw_tos=0,icmp_type=8,icmp_code=0 actions=output:5
 cookie=0x0, duration=12.440s, table=0, n_packets=3, n_bytes=126, idle_timeout=60, idle_age=2, priority=65535,icmp,in_port=1,vlan_tci=0x0000,dl_src=4e:b6:c1:74:0f:7d,dl_dst=9e:76:a7:f1:fc:ae,nw_src=10.0.250.251,nw_dst=10.0.0.5,nw_tos=0,icmp_type=8,icmp_code=0 actions=output:5
 cookie=0x0, duration=12.400s, table=0, n_packets=2, n_bytes=84, idle_timeout=60, idle_age=2, priority=65535,icmp,in_port=1,vlan_tci=0x0000,dl_src=4e:b6:c1:74:0f:7d,dl_dst=9e:76:a7:f1:fc:ae,nw_src=10.0.250.252,nw_dst=10.0.0.5,nw_tos=0,icmp_type=8,icmp_code=0 actions=output:5
 cookie=0x0, duration=2.577s, table=0, n_packets=2, n_bytes=84, idle_timeout=60, idle_age=2, priority=65535,icmp,in_port=1,vlan_tci=0x0000,dl_src=4e:b6:c1:74:0f:7d,dl_dst=9e:76:a7:f1:fc:ae,nw_src=10.0.252.253,nw_dst=10.0.0.5,nw_tos=0,icmp_type=8,icmp_code=0 actions=output:5
 cookie=0x0, duration=2.538s, table=0, n_packets=1, n_bytes=42, idle_timeout=60, idle_age=2, priority=65535,icmp,in_port=1,vlan_tci=0x0000,dl_src=4e:b6:c1:74:0f:7d,dl_dst=9e:76:a7:f1:fc:ae,nw_src=10.0.252.254,nw_dst=10.0.0.5,nw_tos=0,icmp_type=8,icmp_code=0 actions=output:5
