 cookie=0x0, duration=213.757s, table=0, n_packets=5, n_bytes=210, idle_timeout=60, idle_age=39, priority=65535,arp,in_port=4,vlan_tci=0x0000,dl_src=26:0e:69:57:be:a3,dl_dst=f2:4e:b8:a8:87:00,arp_spa=10.0.0.4,arp_tpa=10.0.0.5,arp_op=2 actions=output:5
 cookie=0x0, duration=213.757s, table=0, n_packets=5, n_bytes=210, idle_timeout=60, idle_age=39, priority=65535,arp,in_port=7,vlan_tci=0x0000,dl_src=e6:04:f5:83:05:19,dl_dst=f2:4e:b8:a8:87:00,arp_spa=10.0.0.7,arp_tpa=10.0.0.5,arp_op=2 actions=output:5
 cookie=0x0, duration=213.757s, table=0, n_packets=5, n_bytes=210, idle_timeout=60, idle_age=39, priority=65535,arp,in_port=3,vlan_tci=0x0000,dl_src=76:88:a1:d9:9e:91,dl_dst=f2:4e:b8:a8:87:00,arp_spa=10.0.0.3,arp_tpa=10.0.0.5,arp_op=2 actions=output:5
 cookie=0x0, duration=213.757s, table=0, n_packets=5, n_bytes=210, idle_timeout=60, idle_age=39, priority=65535,arp,in_port=2,vlan_tci=0x0000,dl_src=1a:cf:3f:95:cb:f2,dl_dst=f2:4e:b8:a8:87:00,arp_spa=10.0.0.2,arp_tpa=10.0.0.5,arp_op=2 actions=output:5
 cookie=0x0, duration=213.757s, table=0, n_packets=5, n_bytes=210, idle_timeout=60, idle_age=39, priority=65535,arp,in_port=6,vlan_tci=0x0000,dl_src=26:7b:d3:3b:c9:ff,dl_dst=f2:4e:b8:a8:87:00,arp_spa=10.0.0.6,arp_tpa=10.0.0.5,arp_op=2 actions=output:5
 cookie=0x0, duration=213.500s, table=0, n_packets=5, n_bytes=210, idle_timeout=60, idle_age=39, priority=65535,arp,in_port=10,vlan_tci=0x0000,dl_src=9a:e2:36:43:67:5b,dl_dst=f2:4e:b8:a8:87:00,arp_spa=10.0.0.10,arp_tpa=10.0.0.5,arp_op=2 actions=output:5
 cookie=0x0, duration=213.500s, table=0, n_packets=5, n_bytes=210, idle_timeout=60, idle_age=39, priority=65535,arp,in_port=9,vlan_tci=0x0000,dl_src=3a:96:37:e3:f3:98,dl_dst=f2:4e:b8:a8:87:00,arp_spa=10.0.0.9,arp_tpa=10.0.0.5,arp_op=2 actions=output:5
 cookie=0x0, duration=213.500s, table=0, n_packets=5, n_bytes=210, idle_timeout=60, idle_age=39, priority=65535,arp,in_port=8,vlan_tci=0x0000,dl_src=2a:53:ef:ad:89:f6,dl_dst=f2:4e:b8:a8:87:00,arp_spa=10.0.0.8,arp_tpa=10.0.0.5,arp_op=2 actions=output:5
 cookie=0x0, duration=167.678s, table=0, n_packets=4, n_bytes=168, idle_timeout=60, idle_age=39, priority=65535,arp,in_port=5,vlan_tci=0x0000,dl_src=f2:4e:b8:a8:87:00,dl_dst=76:88:a1:d9:9e:91,arp_spa=10.0.0.5,arp_tpa=10.0.0.3,arp_op=1 actions=output:3
 cookie=0x0, duration=167.677s, table=0, n_packets=4, n_bytes=168, idle_timeout=60, idle_age=39, priority=65535,arp,in_port=5,vlan_tci=0x0000,dl_src=f2:4e:b8:a8:87:00,dl_dst=1a:cf:3f:95:cb:f2,arp_spa=10.0.0.5,arp_tpa=10.0.0.2,arp_op=1 actions=output:2
 cookie=0x0, duration=167.421s, table=0, n_packets=4, n_bytes=168, idle_timeout=60, idle_age=39, priority=65535,arp,in_port=5,vlan_tci=0x0000,dl_src=f2:4e:b8:a8:87:00,dl_dst=26:0e:69:57:be:a3,arp_spa=10.0.0.5,arp_tpa=10.0.0.4,arp_op=1 actions=output:4
 cookie=0x0, duration=167.421s, table=0, n_packets=4, n_bytes=168, idle_timeout=60, idle_age=39, priority=65535,arp,in_port=5,vlan_tci=0x0000,dl_src=f2:4e:b8:a8:87:00,dl_dst=9a:e2:36:43:67:5b,arp_spa=10.0.0.5,arp_tpa=10.0.0.10,arp_op=1 actions=output:10
 cookie=0x0, duration=167.420s, table=0, n_packets=4, n_bytes=168, idle_timeout=60, idle_age=39, priority=65535,arp,in_port=5,vlan_tci=0x0000,dl_src=f2:4e:b8:a8:87:00,dl_dst=3a:96:37:e3:f3:98,arp_spa=10.0.0.5,arp_tpa=10.0.0.9,arp_op=1 actions=output:9
 cookie=0x0, duration=167.420s, table=0, n_packets=4, n_bytes=168, idle_timeout=60, idle_age=39, priority=65535,arp,in_port=5,vlan_tci=0x0000,dl_src=f2:4e:b8:a8:87:00,dl_dst=2a:53:ef:ad:89:f6,arp_spa=10.0.0.5,arp_tpa=10.0.0.8,arp_op=1 actions=output:8
 cookie=0x0, duration=167.420s, table=0, n_packets=4, n_bytes=168, idle_timeout=60, idle_age=39, priority=65535,arp,in_port=5,vlan_tci=0x0000,dl_src=f2:4e:b8:a8:87:00,dl_dst=e6:04:f5:83:05:19,arp_spa=10.0.0.5,arp_tpa=10.0.0.7,arp_op=1 actions=output:7
 cookie=0x0, duration=167.420s, table=0, n_packets=4, n_bytes=168, idle_timeout=60, idle_age=39, priority=65535,arp,in_port=5,vlan_tci=0x0000,dl_src=f2:4e:b8:a8:87:00,dl_dst=26:7b:d3:3b:c9:ff,arp_spa=10.0.0.5,arp_tpa=10.0.0.6,arp_op=1 actions=output:6
 cookie=0x0, duration=218.948s, table=0, n_packets=19, n_bytes=798, idle_timeout=60, idle_age=13, priority=65535,icmp,in_port=1,vlan_tci=0x0000,dl_src=3e:37:ae:1e:ea:60,dl_dst=f2:4e:b8:a8:87:00,nw_src=10.0.0.2,nw_dst=10.0.0.5,nw_tos=0,icmp_type=8,icmp_code=0 actions=output:5
 cookie=0x0, duration=218.917s, table=0, n_packets=18, n_bytes=756, idle_timeout=60, idle_age=13, priority=65535,icmp,in_port=1,vlan_tci=0x0000,dl_src=3e:37:ae:1e:ea:60,dl_dst=f2:4e:b8:a8:87:00,nw_src=10.0.0.3,nw_dst=10.0.0.5,nw_tos=0,icmp_type=8,icmp_code=0 actions=output:5
 cookie=0x0, duration=218.878s, table=0, n_packets=18, n_bytes=756, idle_timeout=60, idle_age=13, priority=65535,icmp,in_port=1,vlan_tci=0x0000,dl_src=3e:37:ae:1e:ea:60,dl_dst=f2:4e:b8:a8:87:00,nw_src=10.0.0.4,nw_dst=10.0.0.5,nw_tos=0,icmp_type=8,icmp_code=0 actions=output:5
 cookie=0x0, duration=218.838s, table=0, n_packets=18, n_bytes=756, idle_timeout=60, idle_age=13, priority=65535,icmp,in_port=1,vlan_tci=0x0000,dl_src=3e:37:ae:1e:ea:60,dl_dst=f2:4e:b8:a8:87:00,nw_src=10.0.0.5,nw_dst=10.0.0.5,nw_tos=0,icmp_type=8,icmp_code=0 actions=output:5
 cookie=0x0, duration=218.799s, table=0, n_packets=19, n_bytes=798, idle_timeout=60, idle_age=13, priority=65535,icmp,in_port=1,vlan_tci=0x0000,dl_src=3e:37:ae:1e:ea:60,dl_dst=f2:4e:b8:a8:87:00,nw_src=10.0.0.6,nw_dst=10.0.0.5,nw_tos=0,icmp_type=8,icmp_code=0 actions=output:5
 cookie=0x0, duration=218.771s, table=0, n_packets=18, n_bytes=756, idle_timeout=60, idle_age=13, priority=65535,icmp,in_port=1,vlan_tci=0x0000,dl_src=3e:37:ae:1e:ea:60,dl_dst=f2:4e:b8:a8:87:00,nw_src=10.0.0.7,nw_dst=10.0.0.5,nw_tos=0,icmp_type=8,icmp_code=0 actions=output:5
 cookie=0x0, duration=218.736s, table=0, n_packets=19, n_bytes=798, idle_timeout=60, idle_age=13, priority=65535,icmp,in_port=1,vlan_tci=0x0000,dl_src=3e:37:ae:1e:ea:60,dl_dst=f2:4e:b8:a8:87:00,nw_src=10.0.0.8,nw_dst=10.0.0.5,nw_tos=0,icmp_type=8,icmp_code=0 actions=output:5
 cookie=0x0, duration=218.704s, table=0, n_packets=18, n_bytes=756, idle_timeout=60, idle_age=12, priority=65535,icmp,in_port=1,vlan_tci=0x0000,dl_src=3e:37:ae:1e:ea:60,dl_dst=f2:4e:b8:a8:87:00,nw_src=10.0.0.9,nw_dst=10.0.0.5,nw_tos=0,icmp_type=8,icmp_code=0 actions=output:5
 cookie=0x0, duration=218.664s, table=0, n_packets=18, n_bytes=756, idle_timeout=60, idle_age=12, priority=65535,icmp,in_port=1,vlan_tci=0x0000,dl_src=3e:37:ae:1e:ea:60,dl_dst=f2:4e:b8:a8:87:00,nw_src=10.0.0.10,nw_dst=10.0.0.5,nw_tos=0,icmp_type=8,icmp_code=0 actions=output:5
 cookie=0x0, duration=210.622s, table=0, n_packets=18, n_bytes=756, idle_timeout=60, idle_age=13, priority=65535,icmp,in_port=5,vlan_tci=0x0000,dl_src=f2:4e:b8:a8:87:00,dl_dst=1a:cf:3f:95:cb:f2,nw_src=10.0.0.5,nw_dst=10.0.0.2,nw_tos=0,icmp_type=0,icmp_code=0 actions=output:2
 cookie=0x0, duration=210.584s, table=0, n_packets=18, n_bytes=756, idle_timeout=60, idle_age=13, priority=65535,icmp,in_port=5,vlan_tci=0x0000,dl_src=f2:4e:b8:a8:87:00,dl_dst=76:88:a1:d9:9e:91,nw_src=10.0.0.5,nw_dst=10.0.0.3,nw_tos=0,icmp_type=0,icmp_code=0 actions=output:3
 cookie=0x0, duration=210.544s, table=0, n_packets=17, n_bytes=714, idle_timeout=60, idle_age=13, priority=65535,icmp,in_port=5,vlan_tci=0x0000,dl_src=f2:4e:b8:a8:87:00,dl_dst=26:0e:69:57:be:a3,nw_src=10.0.0.5,nw_dst=10.0.0.4,nw_tos=0,icmp_type=0,icmp_code=0 actions=output:4
 cookie=0x0, duration=210.478s, table=0, n_packets=17, n_bytes=714, idle_timeout=60, idle_age=13, priority=65535,icmp,in_port=5,vlan_tci=0x0000,dl_src=f2:4e:b8:a8:87:00,dl_dst=26:7b:d3:3b:c9:ff,nw_src=10.0.0.5,nw_dst=10.0.0.6,nw_tos=0,icmp_type=0,icmp_code=0 actions=output:6
 cookie=0x0, duration=210.447s, table=0, n_packets=17, n_bytes=714, idle_timeout=60, idle_age=13, priority=65535,icmp,in_port=5,vlan_tci=0x0000,dl_src=f2:4e:b8:a8:87:00,dl_dst=e6:04:f5:83:05:19,nw_src=10.0.0.5,nw_dst=10.0.0.7,nw_tos=0,icmp_type=0,icmp_code=0 actions=output:7
 cookie=0x0, duration=210.414s, table=0, n_packets=17, n_bytes=714, idle_timeout=60, idle_age=13, priority=65535,icmp,in_port=5,vlan_tci=0x0000,dl_src=f2:4e:b8:a8:87:00,dl_dst=2a:53:ef:ad:89:f6,nw_src=10.0.0.5,nw_dst=10.0.0.8,nw_tos=0,icmp_type=0,icmp_code=0 actions=output:8
 cookie=0x0, duration=210.378s, table=0, n_packets=17, n_bytes=714, idle_timeout=60, idle_age=12, priority=65535,icmp,in_port=5,vlan_tci=0x0000,dl_src=f2:4e:b8:a8:87:00,dl_dst=3a:96:37:e3:f3:98,nw_src=10.0.0.5,nw_dst=10.0.0.9,nw_tos=0,icmp_type=0,icmp_code=0 actions=output:9
 cookie=0x0, duration=210.337s, table=0, n_packets=17, n_bytes=714, idle_timeout=60, idle_age=12, priority=65535,icmp,in_port=5,vlan_tci=0x0000,dl_src=f2:4e:b8:a8:87:00,dl_dst=9a:e2:36:43:67:5b,nw_src=10.0.0.5,nw_dst=10.0.0.10,nw_tos=0,icmp_type=0,icmp_code=0 actions=output:10
 cookie=0x0, duration=210.293s, table=0, n_packets=18, n_bytes=756, idle_timeout=60, idle_age=12, priority=65535,icmp,in_port=1,vlan_tci=0x0000,dl_src=3e:37:ae:1e:ea:60,dl_dst=f2:4e:b8:a8:87:00,nw_src=10.1.0.11,nw_dst=10.0.0.5,nw_tos=0,icmp_type=8,icmp_code=0 actions=output:5
 cookie=0x0, duration=210.250s, table=0, n_packets=17, n_bytes=714, idle_timeout=60, idle_age=12, priority=65535,icmp,in_port=1,vlan_tci=0x0000,dl_src=3e:37:ae:1e:ea:60,dl_dst=f2:4e:b8:a8:87:00,nw_src=10.1.10.1,nw_dst=10.0.0.5,nw_tos=0,icmp_type=8,icmp_code=0 actions=output:5
 cookie=0x0, duration=210.208s, table=0, n_packets=17, n_bytes=714, idle_timeout=60, idle_age=12, priority=65535,icmp,in_port=1,vlan_tci=0x0000,dl_src=3e:37:ae:1e:ea:60,dl_dst=f2:4e:b8:a8:87:00,nw_src=10.10.11.11,nw_dst=10.0.0.5,nw_tos=0,icmp_type=8,icmp_code=0 actions=output:5
 cookie=0x0, duration=210.173s, table=0, n_packets=17, n_bytes=714, idle_timeout=60, idle_age=12, priority=65535,icmp,in_port=1,vlan_tci=0x0000,dl_src=3e:37:ae:1e:ea:60,dl_dst=f2:4e:b8:a8:87:00,nw_src=10.1.10.12,nw_dst=10.0.0.5,nw_tos=0,icmp_type=8,icmp_code=0 actions=output:5
 cookie=0x0, duration=210.140s, table=0, n_packets=18, n_bytes=756, idle_timeout=60, idle_age=12, priority=65535,icmp,in_port=1,vlan_tci=0x0000,dl_src=3e:37:ae:1e:ea:60,dl_dst=f2:4e:b8:a8:87:00,nw_src=10.2.1.11,nw_dst=10.0.0.5,nw_tos=0,icmp_type=8,icmp_code=0 actions=output:5
 cookie=0x0, duration=210.101s, table=0, n_packets=17, n_bytes=714, idle_timeout=60, idle_age=12, priority=65535,icmp,in_port=1,vlan_tci=0x0000,dl_src=3e:37:ae:1e:ea:60,dl_dst=f2:4e:b8:a8:87:00,nw_src=10.2.10.2,nw_dst=10.0.0.5,nw_tos=0,icmp_type=8,icmp_code=0 actions=output:5
 cookie=0x0, duration=210.072s, table=0, n_packets=17, n_bytes=714, idle_timeout=60, idle_age=12, priority=65535,icmp,in_port=1,vlan_tci=0x0000,dl_src=3e:37:ae:1e:ea:60,dl_dst=f2:4e:b8:a8:87:00,nw_src=10.10.2.11,nw_dst=10.0.0.5,nw_tos=0,icmp_type=8,icmp_code=0 actions=output:5
 cookie=0x0, duration=210.029s, table=0, n_packets=34, n_bytes=1428, idle_timeout=60, idle_age=12, priority=65535,icmp,in_port=1,vlan_tci=0x0000,dl_src=3e:37:ae:1e:ea:60,dl_dst=f2:4e:b8:a8:87:00,nw_src=10.11.10.12,nw_dst=10.0.0.5,nw_tos=0,icmp_type=8,icmp_code=0 actions=output:5
 cookie=0x0, duration=210s, table=0, n_packets=18, n_bytes=756, idle_timeout=60, idle_age=12, priority=65535,icmp,in_port=1,vlan_tci=0x0000,dl_src=3e:37:ae:1e:ea:60,dl_dst=f2:4e:b8:a8:87:00,nw_src=10.0.10.11,nw_dst=10.0.0.5,nw_tos=0,icmp_type=8,icmp_code=0 actions=output:5
 cookie=0x0, duration=209.960s, table=0, n_packets=17, n_bytes=714, idle_timeout=60, idle_age=12, priority=65535,icmp,in_port=1,vlan_tci=0x0000,dl_src=3e:37:ae:1e:ea:60,dl_dst=f2:4e:b8:a8:87:00,nw_src=10.0.10.20,nw_dst=10.0.0.5,nw_tos=0,icmp_type=8,icmp_code=0 actions=output:5
 cookie=0x0, duration=209.933s, table=0, n_packets=17, n_bytes=714, idle_timeout=60, idle_age=12, priority=65535,icmp,in_port=1,vlan_tci=0x0000,dl_src=3e:37:ae:1e:ea:60,dl_dst=f2:4e:b8:a8:87:00,nw_src=10.10.10.11,nw_dst=10.0.0.5,nw_tos=0,icmp_type=8,icmp_code=0 actions=output:5
 cookie=0x0, duration=201.046s, table=0, n_packets=16, n_bytes=672, idle_timeout=60, idle_age=12, priority=65535,icmp,in_port=1,vlan_tci=0x0000,dl_src=3e:37:ae:1e:ea:60,dl_dst=f2:4e:b8:a8:87:00,nw_src=10.1.0.23,nw_dst=10.0.0.5,nw_tos=0,icmp_type=8,icmp_code=0 actions=output:5
 cookie=0x0, duration=201.007s, table=0, n_packets=16, n_bytes=672, idle_timeout=60, idle_age=12, priority=65535,icmp,in_port=1,vlan_tci=0x0000,dl_src=3e:37:ae:1e:ea:60,dl_dst=f2:4e:b8:a8:87:00,nw_src=10.1.22.1,nw_dst=10.0.0.5,nw_tos=0,icmp_type=8,icmp_code=0 actions=output:5
 cookie=0x0, duration=200.961s, table=0, n_packets=16, n_bytes=672, idle_timeout=60, idle_age=12, priority=65535,icmp,in_port=1,vlan_tci=0x0000,dl_src=3e:37:ae:1e:ea:60,dl_dst=f2:4e:b8:a8:87:00,nw_src=10.22.11.23,nw_dst=10.0.0.5,nw_tos=0,icmp_type=8,icmp_code=0 actions=output:5
 cookie=0x0, duration=200.932s, table=0, n_packets=16, n_bytes=672, idle_timeout=60, idle_age=12, priority=65535,icmp,in_port=1,vlan_tci=0x0000,dl_src=3e:37:ae:1e:ea:60,dl_dst=f2:4e:b8:a8:87:00,nw_src=10.1.22.24,nw_dst=10.0.0.5,nw_tos=0,icmp_type=8,icmp_code=0 actions=output:5
 cookie=0x0, duration=200.897s, table=0, n_packets=16, n_bytes=672, idle_timeout=60, idle_age=12, priority=65535,icmp,in_port=1,vlan_tci=0x0000,dl_src=3e:37:ae:1e:ea:60,dl_dst=f2:4e:b8:a8:87:00,nw_src=10.2.1.23,nw_dst=10.0.0.5,nw_tos=0,icmp_type=8,icmp_code=0 actions=output:5
 cookie=0x0, duration=200.860s, table=0, n_packets=16, n_bytes=672, idle_timeout=60, idle_age=12, priority=65535,icmp,in_port=1,vlan_tci=0x0000,dl_src=3e:37:ae:1e:ea:60,dl_dst=f2:4e:b8:a8:87:00,nw_src=10.2.22.2,nw_dst=10.0.0.5,nw_tos=0,icmp_type=8,icmp_code=0 actions=output:5
 cookie=0x0, duration=200.828s, table=0, n_packets=16, n_bytes=672, idle_timeout=60, idle_age=12, priority=65535,icmp,in_port=1,vlan_tci=0x0000,dl_src=3e:37:ae:1e:ea:60,dl_dst=f2:4e:b8:a8:87:00,nw_src=10.22.2.23,nw_dst=10.0.0.5,nw_tos=0,icmp_type=8,icmp_code=0 actions=output:5
 cookie=0x0, duration=200.785s, table=0, n_packets=32, n_bytes=1344, idle_timeout=60, idle_age=12, priority=65535,icmp,in_port=1,vlan_tci=0x0000,dl_src=3e:37:ae:1e:ea:60,dl_dst=f2:4e:b8:a8:87:00,nw_src=10.11.22.24,nw_dst=10.0.0.5,nw_tos=0,icmp_type=8,icmp_code=0 actions=output:5
 cookie=0x0, duration=200.747s, table=0, n_packets=16, n_bytes=672, idle_timeout=60, idle_age=12, priority=65535,icmp,in_port=1,vlan_tci=0x0000,dl_src=3e:37:ae:1e:ea:60,dl_dst=f2:4e:b8:a8:87:00,nw_src=10.0.10.23,nw_dst=10.0.0.5,nw_tos=0,icmp_type=8,icmp_code=0 actions=output:5
 cookie=0x0, duration=200.710s, table=0, n_packets=16, n_bytes=672, idle_timeout=60, idle_age=12, priority=65535,icmp,in_port=1,vlan_tci=0x0000,dl_src=3e:37:ae:1e:ea:60,dl_dst=f2:4e:b8:a8:87:00,nw_src=10.0.22.20,nw_dst=10.0.0.5,nw_tos=0,icmp_type=8,icmp_code=0 actions=output:5
 cookie=0x0, duration=200.667s, table=0, n_packets=16, n_bytes=672, idle_timeout=60, idle_age=12, priority=65535,icmp,in_port=1,vlan_tci=0x0000,dl_src=3e:37:ae:1e:ea:60,dl_dst=f2:4e:b8:a8:87:00,nw_src=10.22.10.23,nw_dst=10.0.0.5,nw_tos=0,icmp_type=8,icmp_code=0 actions=output:5
 cookie=0x0, duration=191.371s, table=0, n_packets=15, n_bytes=630, idle_timeout=60, idle_age=11, priority=65535,icmp,in_port=1,vlan_tci=0x0000,dl_src=3e:37:ae:1e:ea:60,dl_dst=f2:4e:b8:a8:87:00,nw_src=10.1.0.35,nw_dst=10.0.0.5,nw_tos=0,icmp_type=8,icmp_code=0 actions=output:5
 cookie=0x0, duration=191.322s, table=0, n_packets=15, n_bytes=630, idle_timeout=60, idle_age=11, priority=65535,icmp,in_port=1,vlan_tci=0x0000,dl_src=3e:37:ae:1e:ea:60,dl_dst=f2:4e:b8:a8:87:00,nw_src=10.1.34.1,nw_dst=10.0.0.5,nw_tos=0,icmp_type=8,icmp_code=0 actions=output:5
 cookie=0x0, duration=191.282s, table=0, n_packets=15, n_bytes=630, idle_timeout=60, idle_age=11, priority=65535,icmp,in_port=1,vlan_tci=0x0000,dl_src=3e:37:ae:1e:ea:60,dl_dst=f2:4e:b8:a8:87:00,nw_src=10.34.11.35,nw_dst=10.0.0.5,nw_tos=0,icmp_type=8,icmp_code=0 actions=output:5
 cookie=0x0, duration=191.238s, table=0, n_packets=15, n_bytes=630, idle_timeout=60, idle_age=11, priority=65535,icmp,in_port=1,vlan_tci=0x0000,dl_src=3e:37:ae:1e:ea:60,dl_dst=f2:4e:b8:a8:87:00,nw_src=10.1.34.36,nw_dst=10.0.0.5,nw_tos=0,icmp_type=8,icmp_code=0 actions=output:5
 cookie=0x0, duration=191.197s, table=0, n_packets=15, n_bytes=630, idle_timeout=60, idle_age=11, priority=65535,icmp,in_port=1,vlan_tci=0x0000,dl_src=3e:37:ae:1e:ea:60,dl_dst=f2:4e:b8:a8:87:00,nw_src=10.2.1.35,nw_dst=10.0.0.5,nw_tos=0,icmp_type=8,icmp_code=0 actions=output:5
 cookie=0x0, duration=191.163s, table=0, n_packets=15, n_bytes=630, idle_timeout=60, idle_age=11, priority=65535,icmp,in_port=1,vlan_tci=0x0000,dl_src=3e:37:ae:1e:ea:60,dl_dst=f2:4e:b8:a8:87:00,nw_src=10.2.34.2,nw_dst=10.0.0.5,nw_tos=0,icmp_type=8,icmp_code=0 actions=output:5
 cookie=0x0, duration=191.123s, table=0, n_packets=15, n_bytes=630, idle_timeout=60, idle_age=11, priority=65535,icmp,in_port=1,vlan_tci=0x0000,dl_src=3e:37:ae:1e:ea:60,dl_dst=f2:4e:b8:a8:87:00,nw_src=10.34.2.35,nw_dst=10.0.0.5,nw_tos=0,icmp_type=8,icmp_code=0 actions=output:5
 cookie=0x0, duration=191.080s, table=0, n_packets=30, n_bytes=1260, idle_timeout=60, idle_age=11, priority=65535,icmp,in_port=1,vlan_tci=0x0000,dl_src=3e:37:ae:1e:ea:60,dl_dst=f2:4e:b8:a8:87:00,nw_src=10.11.34.36,nw_dst=10.0.0.5,nw_tos=0,icmp_type=8,icmp_code=0 actions=output:5
 cookie=0x0, duration=191.043s, table=0, n_packets=15, n_bytes=630, idle_timeout=60, idle_age=11, priority=65535,icmp,in_port=1,vlan_tci=0x0000,dl_src=3e:37:ae:1e:ea:60,dl_dst=f2:4e:b8:a8:87:00,nw_src=10.0.10.35,nw_dst=10.0.0.5,nw_tos=0,icmp_type=8,icmp_code=0 actions=output:5
 cookie=0x0, duration=190.993s, table=0, n_packets=15, n_bytes=630, idle_timeout=60, idle_age=11, priority=65535,icmp,in_port=1,vlan_tci=0x0000,dl_src=3e:37:ae:1e:ea:60,dl_dst=f2:4e:b8:a8:87:00,nw_src=10.0.34.20,nw_dst=10.0.0.5,nw_tos=0,icmp_type=8,icmp_code=0 actions=output:5
 cookie=0x0, duration=190.955s, table=0, n_packets=15, n_bytes=630, idle_timeout=60, idle_age=11, priority=65535,icmp,in_port=1,vlan_tci=0x0000,dl_src=3e:37:ae:1e:ea:60,dl_dst=f2:4e:b8:a8:87:00,nw_src=10.34.10.35,nw_dst=10.0.0.5,nw_tos=0,icmp_type=8,icmp_code=0 actions=output:5
 cookie=0x0, duration=181.199s, table=0, n_packets=14, n_bytes=588, idle_timeout=60, idle_age=11, priority=65535,icmp,in_port=1,vlan_tci=0x0000,dl_src=3e:37:ae:1e:ea:60,dl_dst=f2:4e:b8:a8:87:00,nw_src=10.1.0.47,nw_dst=10.0.0.5,nw_tos=0,icmp_type=8,icmp_code=0 actions=output:5
 cookie=0x0, duration=181.161s, table=0, n_packets=14, n_bytes=588, idle_timeout=60, idle_age=11, priority=65535,icmp,in_port=1,vlan_tci=0x0000,dl_src=3e:37:ae:1e:ea:60,dl_dst=f2:4e:b8:a8:87:00,nw_src=10.1.46.1,nw_dst=10.0.0.5,nw_tos=0,icmp_type=8,icmp_code=0 actions=output:5
 cookie=0x0, duration=181.121s, table=0, n_packets=14, n_bytes=588, idle_timeout=60, idle_age=11, priority=65535,icmp,in_port=1,vlan_tci=0x0000,dl_src=3e:37:ae:1e:ea:60,dl_dst=f2:4e:b8:a8:87:00,nw_src=10.46.11.47,nw_dst=10.0.0.5,nw_tos=0,icmp_type=8,icmp_code=0 actions=output:5
 cookie=0x0, duration=181.082s, table=0, n_packets=14, n_bytes=588, idle_timeout=60, idle_age=11, priority=65535,icmp,in_port=1,vlan_tci=0x0000,dl_src=3e:37:ae:1e:ea:60,dl_dst=f2:4e:b8:a8:87:00,nw_src=10.1.46.48,nw_dst=10.0.0.5,nw_tos=0,icmp_type=8,icmp_code=0 actions=output:5
 cookie=0x0, duration=181.038s, table=0, n_packets=14, n_bytes=588, idle_timeout=60, idle_age=11, priority=65535,icmp,in_port=1,vlan_tci=0x0000,dl_src=3e:37:ae:1e:ea:60,dl_dst=f2:4e:b8:a8:87:00,nw_src=10.2.1.47,nw_dst=10.0.0.5,nw_tos=0,icmp_type=8,icmp_code=0 actions=output:5
 cookie=0x0, duration=181.002s, table=0, n_packets=14, n_bytes=588, idle_timeout=60, idle_age=11, priority=65535,icmp,in_port=1,vlan_tci=0x0000,dl_src=3e:37:ae:1e:ea:60,dl_dst=f2:4e:b8:a8:87:00,nw_src=10.2.46.2,nw_dst=10.0.0.5,nw_tos=0,icmp_type=8,icmp_code=0 actions=output:5
 cookie=0x0, duration=180.962s, table=0, n_packets=14, n_bytes=588, idle_timeout=60, idle_age=11, priority=65535,icmp,in_port=1,vlan_tci=0x0000,dl_src=3e:37:ae:1e:ea:60,dl_dst=f2:4e:b8:a8:87:00,nw_src=10.46.2.47,nw_dst=10.0.0.5,nw_tos=0,icmp_type=8,icmp_code=0 actions=output:5
 cookie=0x0, duration=180.934s, table=0, n_packets=28, n_bytes=1176, idle_timeout=60, idle_age=11, priority=65535,icmp,in_port=1,vlan_tci=0x0000,dl_src=3e:37:ae:1e:ea:60,dl_dst=f2:4e:b8:a8:87:00,nw_src=10.11.46.48,nw_dst=10.0.0.5,nw_tos=0,icmp_type=8,icmp_code=0 actions=output:5
 cookie=0x0, duration=180.897s, table=0, n_packets=14, n_bytes=588, idle_timeout=60, idle_age=11, priority=65535,icmp,in_port=1,vlan_tci=0x0000,dl_src=3e:37:ae:1e:ea:60,dl_dst=f2:4e:b8:a8:87:00,nw_src=10.0.10.47,nw_dst=10.0.0.5,nw_tos=0,icmp_type=8,icmp_code=0 actions=output:5
 cookie=0x0, duration=180.862s, table=0, n_packets=14, n_bytes=588, idle_timeout=60, idle_age=11, priority=65535,icmp,in_port=1,vlan_tci=0x0000,dl_src=3e:37:ae:1e:ea:60,dl_dst=f2:4e:b8:a8:87:00,nw_src=10.0.46.20,nw_dst=10.0.0.5,nw_tos=0,icmp_type=8,icmp_code=0 actions=output:5
 cookie=0x0, duration=180.823s, table=0, n_packets=14, n_bytes=588, idle_timeout=60, idle_age=11, priority=65535,icmp,in_port=1,vlan_tci=0x0000,dl_src=3e:37:ae:1e:ea:60,dl_dst=f2:4e:b8:a8:87:00,nw_src=10.46.10.47,nw_dst=10.0.0.5,nw_tos=0,icmp_type=8,icmp_code=0 actions=output:5
 cookie=0x0, duration=170.545s, table=0, n_packets=13, n_bytes=546, idle_timeout=60, idle_age=11, priority=65535,icmp,in_port=1,vlan_tci=0x0000,dl_src=3e:37:ae:1e:ea:60,dl_dst=f2:4e:b8:a8:87:00,nw_src=10.1.0.59,nw_dst=10.0.0.5,nw_tos=0,icmp_type=8,icmp_code=0 actions=output:5
 cookie=0x0, duration=170.508s, table=0, n_packets=13, n_bytes=546, idle_timeout=60, idle_age=11, priority=65535,icmp,in_port=1,vlan_tci=0x0000,dl_src=3e:37:ae:1e:ea:60,dl_dst=f2:4e:b8:a8:87:00,nw_src=10.1.58.1,nw_dst=10.0.0.5,nw_tos=0,icmp_type=8,icmp_code=0 actions=output:5
 cookie=0x0, duration=170.472s, table=0, n_packets=13, n_bytes=546, idle_timeout=60, idle_age=11, priority=65535,icmp,in_port=1,vlan_tci=0x0000,dl_src=3e:37:ae:1e:ea:60,dl_dst=f2:4e:b8:a8:87:00,nw_src=10.58.11.59,nw_dst=10.0.0.5,nw_tos=0,icmp_type=8,icmp_code=0 actions=output:5
 cookie=0x0, duration=170.436s, table=0, n_packets=13, n_bytes=546, idle_timeout=60, idle_age=10, priority=65535,icmp,in_port=1,vlan_tci=0x0000,dl_src=3e:37:ae:1e:ea:60,dl_dst=f2:4e:b8:a8:87:00,nw_src=10.1.58.60,nw_dst=10.0.0.5,nw_tos=0,icmp_type=8,icmp_code=0 actions=output:5
 cookie=0x0, duration=170.388s, table=0, n_packets=13, n_bytes=546, idle_timeout=60, idle_age=10, priority=65535,icmp,in_port=1,vlan_tci=0x0000,dl_src=3e:37:ae:1e:ea:60,dl_dst=f2:4e:b8:a8:87:00,nw_src=10.2.1.59,nw_dst=10.0.0.5,nw_tos=0,icmp_type=8,icmp_code=0 actions=output:5
 cookie=0x0, duration=170.352s, table=0, n_packets=13, n_bytes=546, idle_timeout=60, idle_age=10, priority=65535,icmp,in_port=1,vlan_tci=0x0000,dl_src=3e:37:ae:1e:ea:60,dl_dst=f2:4e:b8:a8:87:00,nw_src=10.2.58.2,nw_dst=10.0.0.5,nw_tos=0,icmp_type=8,icmp_code=0 actions=output:5
 cookie=0x0, duration=170.325s, table=0, n_packets=13, n_bytes=546, idle_timeout=60, idle_age=10, priority=65535,icmp,in_port=1,vlan_tci=0x0000,dl_src=3e:37:ae:1e:ea:60,dl_dst=f2:4e:b8:a8:87:00,nw_src=10.58.2.59,nw_dst=10.0.0.5,nw_tos=0,icmp_type=8,icmp_code=0 actions=output:5
 cookie=0x0, duration=170.285s, table=0, n_packets=26, n_bytes=1092, idle_timeout=60, idle_age=10, priority=65535,icmp,in_port=1,vlan_tci=0x0000,dl_src=3e:37:ae:1e:ea:60,dl_dst=f2:4e:b8:a8:87:00,nw_src=10.11.58.60,nw_dst=10.0.0.5,nw_tos=0,icmp_type=8,icmp_code=0 actions=output:5
 cookie=0x0, duration=170.231s, table=0, n_packets=13, n_bytes=546, idle_timeout=60, idle_age=10, priority=65535,icmp,in_port=1,vlan_tci=0x0000,dl_src=3e:37:ae:1e:ea:60,dl_dst=f2:4e:b8:a8:87:00,nw_src=10.0.10.59,nw_dst=10.0.0.5,nw_tos=0,icmp_type=8,icmp_code=0 actions=output:5
 cookie=0x0, duration=170.194s, table=0, n_packets=13, n_bytes=546, idle_timeout=60, idle_age=10, priority=65535,icmp,in_port=1,vlan_tci=0x0000,dl_src=3e:37:ae:1e:ea:60,dl_dst=f2:4e:b8:a8:87:00,nw_src=10.0.58.20,nw_dst=10.0.0.5,nw_tos=0,icmp_type=8,icmp_code=0 actions=output:5
 cookie=0x0, duration=170.155s, table=0, n_packets=13, n_bytes=546, idle_timeout=60, idle_age=10, priority=65535,icmp,in_port=1,vlan_tci=0x0000,dl_src=3e:37:ae:1e:ea:60,dl_dst=f2:4e:b8:a8:87:00,nw_src=10.58.10.59,nw_dst=10.0.0.5,nw_tos=0,icmp_type=8,icmp_code=0 actions=output:5
 cookie=0x0, duration=159.546s, table=0, n_packets=12, n_bytes=504, idle_timeout=60, idle_age=10, priority=65535,icmp,in_port=1,vlan_tci=0x0000,dl_src=3e:37:ae:1e:ea:60,dl_dst=f2:4e:b8:a8:87:00,nw_src=10.1.0.71,nw_dst=10.0.0.5,nw_tos=0,icmp_type=8,icmp_code=0 actions=output:5
 cookie=0x0, duration=159.514s, table=0, n_packets=12, n_bytes=504, idle_timeout=60, idle_age=10, priority=65535,icmp,in_port=1,vlan_tci=0x0000,dl_src=3e:37:ae:1e:ea:60,dl_dst=f2:4e:b8:a8:87:00,nw_src=10.1.70.1,nw_dst=10.0.0.5,nw_tos=0,icmp_type=8,icmp_code=0 actions=output:5
 cookie=0x0, duration=159.477s, table=0, n_packets=12, n_bytes=504, idle_timeout=60, idle_age=10, priority=65535,icmp,in_port=1,vlan_tci=0x0000,dl_src=3e:37:ae:1e:ea:60,dl_dst=f2:4e:b8:a8:87:00,nw_src=10.70.11.71,nw_dst=10.0.0.5,nw_tos=0,icmp_type=8,icmp_code=0 actions=output:5
 cookie=0x0, duration=159.438s, table=0, n_packets=12, n_bytes=504, idle_timeout=60, idle_age=10, priority=65535,icmp,in_port=1,vlan_tci=0x0000,dl_src=3e:37:ae:1e:ea:60,dl_dst=f2:4e:b8:a8:87:00,nw_src=10.1.70.72,nw_dst=10.0.0.5,nw_tos=0,icmp_type=8,icmp_code=0 actions=output:5
 cookie=0x0, duration=159.400s, table=0, n_packets=12, n_bytes=504, idle_timeout=60, idle_age=10, priority=65535,icmp,in_port=1,vlan_tci=0x0000,dl_src=3e:37:ae:1e:ea:60,dl_dst=f2:4e:b8:a8:87:00,nw_src=10.2.1.71,nw_dst=10.0.0.5,nw_tos=0,icmp_type=8,icmp_code=0 actions=output:5
 cookie=0x0, duration=159.364s, table=0, n_packets=12, n_bytes=504, idle_timeout=60, idle_age=10, priority=65535,icmp,in_port=1,vlan_tci=0x0000,dl_src=3e:37:ae:1e:ea:60,dl_dst=f2:4e:b8:a8:87:00,nw_src=10.2.70.2,nw_dst=10.0.0.5,nw_tos=0,icmp_type=8,icmp_code=0 actions=output:5
 cookie=0x0, duration=159.311s, table=0, n_packets=12, n_bytes=504, idle_timeout=60, idle_age=10, priority=65535,icmp,in_port=1,vlan_tci=0x0000,dl_src=3e:37:ae:1e:ea:60,dl_dst=f2:4e:b8:a8:87:00,nw_src=10.70.2.71,nw_dst=10.0.0.5,nw_tos=0,icmp_type=8,icmp_code=0 actions=output:5
 cookie=0x0, duration=159.269s, table=0, n_packets=24, n_bytes=1008, idle_timeout=60, idle_age=10, priority=65535,icmp,in_port=1,vlan_tci=0x0000,dl_src=3e:37:ae:1e:ea:60,dl_dst=f2:4e:b8:a8:87:00,nw_src=10.11.70.72,nw_dst=10.0.0.5,nw_tos=0,icmp_type=8,icmp_code=0 actions=output:5
 cookie=0x0, duration=159.236s, table=0, n_packets=12, n_bytes=504, idle_timeout=60, idle_age=10, priority=65535,icmp,in_port=1,vlan_tci=0x0000,dl_src=3e:37:ae:1e:ea:60,dl_dst=f2:4e:b8:a8:87:00,nw_src=10.0.10.71,nw_dst=10.0.0.5,nw_tos=0,icmp_type=8,icmp_code=0 actions=output:5
 cookie=0x0, duration=159.199s, table=0, n_packets=12, n_bytes=504, idle_timeout=60, idle_age=10, priority=65535,icmp,in_port=1,vlan_tci=0x0000,dl_src=3e:37:ae:1e:ea:60,dl_dst=f2:4e:b8:a8:87:00,nw_src=10.0.70.20,nw_dst=10.0.0.5,nw_tos=0,icmp_type=8,icmp_code=0 actions=output:5
 cookie=0x0, duration=159.161s, table=0, n_packets=12, n_bytes=504, idle_timeout=60, idle_age=10, priority=65535,icmp,in_port=1,vlan_tci=0x0000,dl_src=3e:37:ae:1e:ea:60,dl_dst=f2:4e:b8:a8:87:00,nw_src=10.70.10.71,nw_dst=10.0.0.5,nw_tos=0,icmp_type=8,icmp_code=0 actions=output:5
 cookie=0x0, duration=148.051s, table=0, n_packets=11, n_bytes=462, idle_timeout=60, idle_age=10, priority=65535,icmp,in_port=1,vlan_tci=0x0000,dl_src=3e:37:ae:1e:ea:60,dl_dst=f2:4e:b8:a8:87:00,nw_src=10.1.0.83,nw_dst=10.0.0.5,nw_tos=0,icmp_type=8,icmp_code=0 actions=output:5
 cookie=0x0, duration=148.015s, table=0, n_packets=11, n_bytes=462, idle_timeout=60, idle_age=10, priority=65535,icmp,in_port=1,vlan_tci=0x0000,dl_src=3e:37:ae:1e:ea:60,dl_dst=f2:4e:b8:a8:87:00,nw_src=10.1.82.1,nw_dst=10.0.0.5,nw_tos=0,icmp_type=8,icmp_code=0 actions=output:5
 cookie=0x0, duration=147.989s, table=0, n_packets=11, n_bytes=462, idle_timeout=60, idle_age=10, priority=65535,icmp,in_port=1,vlan_tci=0x0000,dl_src=3e:37:ae:1e:ea:60,dl_dst=f2:4e:b8:a8:87:00,nw_src=10.82.11.83,nw_dst=10.0.0.5,nw_tos=0,icmp_type=8,icmp_code=0 actions=output:5
 cookie=0x0, duration=147.953s, table=0, n_packets=11, n_bytes=462, idle_timeout=60, idle_age=10, priority=65535,icmp,in_port=1,vlan_tci=0x0000,dl_src=3e:37:ae:1e:ea:60,dl_dst=f2:4e:b8:a8:87:00,nw_src=10.1.82.84,nw_dst=10.0.0.5,nw_tos=0,icmp_type=8,icmp_code=0 actions=output:5
 cookie=0x0, duration=147.907s, table=0, n_packets=11, n_bytes=462, idle_timeout=60, idle_age=9, priority=65535,icmp,in_port=1,vlan_tci=0x0000,dl_src=3e:37:ae:1e:ea:60,dl_dst=f2:4e:b8:a8:87:00,nw_src=10.2.1.83,nw_dst=10.0.0.5,nw_tos=0,icmp_type=8,icmp_code=0 actions=output:5
 cookie=0x0, duration=147.868s, table=0, n_packets=11, n_bytes=462, idle_timeout=60, idle_age=9, priority=65535,icmp,in_port=1,vlan_tci=0x0000,dl_src=3e:37:ae:1e:ea:60,dl_dst=f2:4e:b8:a8:87:00,nw_src=10.2.82.2,nw_dst=10.0.0.5,nw_tos=0,icmp_type=8,icmp_code=0 actions=output:5
 cookie=0x0, duration=147.827s, table=0, n_packets=11, n_bytes=462, idle_timeout=60, idle_age=9, priority=65535,icmp,in_port=1,vlan_tci=0x0000,dl_src=3e:37:ae:1e:ea:60,dl_dst=f2:4e:b8:a8:87:00,nw_src=10.82.2.83,nw_dst=10.0.0.5,nw_tos=0,icmp_type=8,icmp_code=0 actions=output:5
 cookie=0x0, duration=147.792s, table=0, n_packets=22, n_bytes=924, idle_timeout=60, idle_age=9, priority=65535,icmp,in_port=1,vlan_tci=0x0000,dl_src=3e:37:ae:1e:ea:60,dl_dst=f2:4e:b8:a8:87:00,nw_src=10.11.82.84,nw_dst=10.0.0.5,nw_tos=0,icmp_type=8,icmp_code=0 actions=output:5
 cookie=0x0, duration=147.737s, table=0, n_packets=11, n_bytes=462, idle_timeout=60, idle_age=9, priority=65535,icmp,in_port=1,vlan_tci=0x0000,dl_src=3e:37:ae:1e:ea:60,dl_dst=f2:4e:b8:a8:87:00,nw_src=10.0.10.83,nw_dst=10.0.0.5,nw_tos=0,icmp_type=8,icmp_code=0 actions=output:5
 cookie=0x0, duration=147.698s, table=0, n_packets=11, n_bytes=462, idle_timeout=60, idle_age=9, priority=65535,icmp,in_port=1,vlan_tci=0x0000,dl_src=3e:37:ae:1e:ea:60,dl_dst=f2:4e:b8:a8:87:00,nw_src=10.0.82.20,nw_dst=10.0.0.5,nw_tos=0,icmp_type=8,icmp_code=0 actions=output:5
 cookie=0x0, duration=147.654s, table=0, n_packets=11, n_bytes=462, idle_timeout=60, idle_age=9, priority=65535,icmp,in_port=1,vlan_tci=0x0000,dl_src=3e:37:ae:1e:ea:60,dl_dst=f2:4e:b8:a8:87:00,nw_src=10.82.10.83,nw_dst=10.0.0.5,nw_tos=0,icmp_type=8,icmp_code=0 actions=output:5
 cookie=0x0, duration=136.121s, table=0, n_packets=10, n_bytes=420, idle_timeout=60, idle_age=9, priority=65535,icmp,in_port=1,vlan_tci=0x0000,dl_src=3e:37:ae:1e:ea:60,dl_dst=f2:4e:b8:a8:87:00,nw_src=10.1.0.95,nw_dst=10.0.0.5,nw_tos=0,icmp_type=8,icmp_code=0 actions=output:5
 cookie=0x0, duration=136.083s, table=0, n_packets=10, n_bytes=420, idle_timeout=60, idle_age=9, priority=65535,icmp,in_port=1,vlan_tci=0x0000,dl_src=3e:37:ae:1e:ea:60,dl_dst=f2:4e:b8:a8:87:00,nw_src=10.1.94.1,nw_dst=10.0.0.5,nw_tos=0,icmp_type=8,icmp_code=0 actions=output:5
 cookie=0x0, duration=136.049s, table=0, n_packets=10, n_bytes=420, idle_timeout=60, idle_age=9, priority=65535,icmp,in_port=1,vlan_tci=0x0000,dl_src=3e:37:ae:1e:ea:60,dl_dst=f2:4e:b8:a8:87:00,nw_src=10.94.11.95,nw_dst=10.0.0.5,nw_tos=0,icmp_type=8,icmp_code=0 actions=output:5
 cookie=0x0, duration=136.015s, table=0, n_packets=10, n_bytes=420, idle_timeout=60, idle_age=9, priority=65535,icmp,in_port=1,vlan_tci=0x0000,dl_src=3e:37:ae:1e:ea:60,dl_dst=f2:4e:b8:a8:87:00,nw_src=10.1.94.96,nw_dst=10.0.0.5,nw_tos=0,icmp_type=8,icmp_code=0 actions=output:5
 cookie=0x0, duration=135.979s, table=0, n_packets=10, n_bytes=420, idle_timeout=60, idle_age=9, priority=65535,icmp,in_port=1,vlan_tci=0x0000,dl_src=3e:37:ae:1e:ea:60,dl_dst=f2:4e:b8:a8:87:00,nw_src=10.2.1.95,nw_dst=10.0.0.5,nw_tos=0,icmp_type=8,icmp_code=0 actions=output:5
 cookie=0x0, duration=135.953s, table=0, n_packets=10, n_bytes=420, idle_timeout=60, idle_age=9, priority=65535,icmp,in_port=1,vlan_tci=0x0000,dl_src=3e:37:ae:1e:ea:60,dl_dst=f2:4e:b8:a8:87:00,nw_src=10.2.94.2,nw_dst=10.0.0.5,nw_tos=0,icmp_type=8,icmp_code=0 actions=output:5
 cookie=0x0, duration=135.918s, table=0, n_packets=10, n_bytes=420, idle_timeout=60, idle_age=9, priority=65535,icmp,in_port=1,vlan_tci=0x0000,dl_src=3e:37:ae:1e:ea:60,dl_dst=f2:4e:b8:a8:87:00,nw_src=10.94.2.95,nw_dst=10.0.0.5,nw_tos=0,icmp_type=8,icmp_code=0 actions=output:5
 cookie=0x0, duration=135.876s, table=0, n_packets=20, n_bytes=840, idle_timeout=60, idle_age=9, priority=65535,icmp,in_port=1,vlan_tci=0x0000,dl_src=3e:37:ae:1e:ea:60,dl_dst=f2:4e:b8:a8:87:00,nw_src=10.11.94.96,nw_dst=10.0.0.5,nw_tos=0,icmp_type=8,icmp_code=0 actions=output:5
 cookie=0x0, duration=135.845s, table=0, n_packets=10, n_bytes=420, idle_timeout=60, idle_age=9, priority=65535,icmp,in_port=1,vlan_tci=0x0000,dl_src=3e:37:ae:1e:ea:60,dl_dst=f2:4e:b8:a8:87:00,nw_src=10.0.10.95,nw_dst=10.0.0.5,nw_tos=0,icmp_type=8,icmp_code=0 actions=output:5
 cookie=0x0, duration=135.814s, table=0, n_packets=10, n_bytes=420, idle_timeout=60, idle_age=9, priority=65535,icmp,in_port=1,vlan_tci=0x0000,dl_src=3e:37:ae:1e:ea:60,dl_dst=f2:4e:b8:a8:87:00,nw_src=10.0.94.20,nw_dst=10.0.0.5,nw_tos=0,icmp_type=8,icmp_code=0 actions=output:5
 cookie=0x0, duration=135.779s, table=0, n_packets=10, n_bytes=420, idle_timeout=60, idle_age=9, priority=65535,icmp,in_port=1,vlan_tci=0x0000,dl_src=3e:37:ae:1e:ea:60,dl_dst=f2:4e:b8:a8:87:00,nw_src=10.94.10.95,nw_dst=10.0.0.5,nw_tos=0,icmp_type=8,icmp_code=0 actions=output:5
 cookie=0x0, duration=123.723s, table=0, n_packets=9, n_bytes=378, idle_timeout=60, idle_age=9, priority=65535,icmp,in_port=1,vlan_tci=0x0000,dl_src=3e:37:ae:1e:ea:60,dl_dst=f2:4e:b8:a8:87:00,nw_src=10.1.0.107,nw_dst=10.0.0.5,nw_tos=0,icmp_type=8,icmp_code=0 actions=output:5
 cookie=0x0, duration=123.683s, table=0, n_packets=9, n_bytes=378, idle_timeout=60, idle_age=9, priority=65535,icmp,in_port=1,vlan_tci=0x0000,dl_src=3e:37:ae:1e:ea:60,dl_dst=f2:4e:b8:a8:87:00,nw_src=10.1.106.1,nw_dst=10.0.0.5,nw_tos=0,icmp_type=8,icmp_code=0 actions=output:5
 cookie=0x0, duration=123.644s, table=0, n_packets=9, n_bytes=378, idle_timeout=60, idle_age=9, priority=65535,icmp,in_port=1,vlan_tci=0x0000,dl_src=3e:37:ae:1e:ea:60,dl_dst=f2:4e:b8:a8:87:00,nw_src=10.106.11.107,nw_dst=10.0.0.5,nw_tos=0,icmp_type=8,icmp_code=0 actions=output:5
 cookie=0x0, duration=123.611s, table=0, n_packets=9, n_bytes=378, idle_timeout=60, idle_age=9, priority=65535,icmp,in_port=1,vlan_tci=0x0000,dl_src=3e:37:ae:1e:ea:60,dl_dst=f2:4e:b8:a8:87:00,nw_src=10.1.106.108,nw_dst=10.0.0.5,nw_tos=0,icmp_type=8,icmp_code=0 actions=output:5
 cookie=0x0, duration=123.558s, table=0, n_packets=9, n_bytes=378, idle_timeout=60, idle_age=9, priority=65535,icmp,in_port=1,vlan_tci=0x0000,dl_src=3e:37:ae:1e:ea:60,dl_dst=f2:4e:b8:a8:87:00,nw_src=10.2.1.107,nw_dst=10.0.0.5,nw_tos=0,icmp_type=8,icmp_code=0 actions=output:5
 cookie=0x0, duration=123.521s, table=0, n_packets=9, n_bytes=378, idle_timeout=60, idle_age=9, priority=65535,icmp,in_port=1,vlan_tci=0x0000,dl_src=3e:37:ae:1e:ea:60,dl_dst=f2:4e:b8:a8:87:00,nw_src=10.2.106.2,nw_dst=10.0.0.5,nw_tos=0,icmp_type=8,icmp_code=0 actions=output:5
 cookie=0x0, duration=123.482s, table=0, n_packets=9, n_bytes=378, idle_timeout=60, idle_age=9, priority=65535,icmp,in_port=1,vlan_tci=0x0000,dl_src=3e:37:ae:1e:ea:60,dl_dst=f2:4e:b8:a8:87:00,nw_src=10.106.2.107,nw_dst=10.0.0.5,nw_tos=0,icmp_type=8,icmp_code=0 actions=output:5
 cookie=0x0, duration=123.434s, table=0, n_packets=18, n_bytes=756, idle_timeout=60, idle_age=8, priority=65535,icmp,in_port=1,vlan_tci=0x0000,dl_src=3e:37:ae:1e:ea:60,dl_dst=f2:4e:b8:a8:87:00,nw_src=10.11.106.108,nw_dst=10.0.0.5,nw_tos=0,icmp_type=8,icmp_code=0 actions=output:5
 cookie=0x0, duration=123.395s, table=0, n_packets=9, n_bytes=378, idle_timeout=60, idle_age=8, priority=65535,icmp,in_port=1,vlan_tci=0x0000,dl_src=3e:37:ae:1e:ea:60,dl_dst=f2:4e:b8:a8:87:00,nw_src=10.0.10.107,nw_dst=10.0.0.5,nw_tos=0,icmp_type=8,icmp_code=0 actions=output:5
 cookie=0x0, duration=123.363s, table=0, n_packets=9, n_bytes=378, idle_timeout=60, idle_age=8, priority=65535,icmp,in_port=1,vlan_tci=0x0000,dl_src=3e:37:ae:1e:ea:60,dl_dst=f2:4e:b8:a8:87:00,nw_src=10.0.106.20,nw_dst=10.0.0.5,nw_tos=0,icmp_type=8,icmp_code=0 actions=output:5
 cookie=0x0, duration=123.329s, table=0, n_packets=9, n_bytes=378, idle_timeout=60, idle_age=8, priority=65535,icmp,in_port=1,vlan_tci=0x0000,dl_src=3e:37:ae:1e:ea:60,dl_dst=f2:4e:b8:a8:87:00,nw_src=10.106.10.107,nw_dst=10.0.0.5,nw_tos=0,icmp_type=8,icmp_code=0 actions=output:5
 cookie=0x0, duration=110.563s, table=0, n_packets=8, n_bytes=336, idle_timeout=60, idle_age=8, priority=65535,icmp,in_port=1,vlan_tci=0x0000,dl_src=3e:37:ae:1e:ea:60,dl_dst=f2:4e:b8:a8:87:00,nw_src=10.1.0.119,nw_dst=10.0.0.5,nw_tos=0,icmp_type=8,icmp_code=0 actions=output:5
 cookie=0x0, duration=110.515s, table=0, n_packets=8, n_bytes=336, idle_timeout=60, idle_age=8, priority=65535,icmp,in_port=1,vlan_tci=0x0000,dl_src=3e:37:ae:1e:ea:60,dl_dst=f2:4e:b8:a8:87:00,nw_src=10.1.118.1,nw_dst=10.0.0.5,nw_tos=0,icmp_type=8,icmp_code=0 actions=output:5
 cookie=0x0, duration=110.480s, table=0, n_packets=8, n_bytes=336, idle_timeout=60, idle_age=8, priority=65535,icmp,in_port=1,vlan_tci=0x0000,dl_src=3e:37:ae:1e:ea:60,dl_dst=f2:4e:b8:a8:87:00,nw_src=10.118.11.119,nw_dst=10.0.0.5,nw_tos=0,icmp_type=8,icmp_code=0 actions=output:5
 cookie=0x0, duration=110.451s, table=0, n_packets=8, n_bytes=336, idle_timeout=60, idle_age=8, priority=65535,icmp,in_port=1,vlan_tci=0x0000,dl_src=3e:37:ae:1e:ea:60,dl_dst=f2:4e:b8:a8:87:00,nw_src=10.1.118.120,nw_dst=10.0.0.5,nw_tos=0,icmp_type=8,icmp_code=0 actions=output:5
 cookie=0x0, duration=110.403s, table=0, n_packets=8, n_bytes=336, idle_timeout=60, idle_age=8, priority=65535,icmp,in_port=1,vlan_tci=0x0000,dl_src=3e:37:ae:1e:ea:60,dl_dst=f2:4e:b8:a8:87:00,nw_src=10.2.1.119,nw_dst=10.0.0.5,nw_tos=0,icmp_type=8,icmp_code=0 actions=output:5
 cookie=0x0, duration=110.368s, table=0, n_packets=8, n_bytes=336, idle_timeout=60, idle_age=8, priority=65535,icmp,in_port=1,vlan_tci=0x0000,dl_src=3e:37:ae:1e:ea:60,dl_dst=f2:4e:b8:a8:87:00,nw_src=10.2.118.2,nw_dst=10.0.0.5,nw_tos=0,icmp_type=8,icmp_code=0 actions=output:5
 cookie=0x0, duration=110.324s, table=0, n_packets=8, n_bytes=336, idle_timeout=60, idle_age=8, priority=65535,icmp,in_port=1,vlan_tci=0x0000,dl_src=3e:37:ae:1e:ea:60,dl_dst=f2:4e:b8:a8:87:00,nw_src=10.118.2.119,nw_dst=10.0.0.5,nw_tos=0,icmp_type=8,icmp_code=0 actions=output:5
 cookie=0x0, duration=110.273s, table=0, n_packets=16, n_bytes=672, idle_timeout=60, idle_age=8, priority=65535,icmp,in_port=1,vlan_tci=0x0000,dl_src=3e:37:ae:1e:ea:60,dl_dst=f2:4e:b8:a8:87:00,nw_src=10.11.118.120,nw_dst=10.0.0.5,nw_tos=0,icmp_type=8,icmp_code=0 actions=output:5
 cookie=0x0, duration=110.240s, table=0, n_packets=8, n_bytes=336, idle_timeout=60, idle_age=8, priority=65535,icmp,in_port=1,vlan_tci=0x0000,dl_src=3e:37:ae:1e:ea:60,dl_dst=f2:4e:b8:a8:87:00,nw_src=10.0.10.119,nw_dst=10.0.0.5,nw_tos=0,icmp_type=8,icmp_code=0 actions=output:5
 cookie=0x0, duration=110.200s, table=0, n_packets=8, n_bytes=336, idle_timeout=60, idle_age=8, priority=65535,icmp,in_port=1,vlan_tci=0x0000,dl_src=3e:37:ae:1e:ea:60,dl_dst=f2:4e:b8:a8:87:00,nw_src=10.0.118.20,nw_dst=10.0.0.5,nw_tos=0,icmp_type=8,icmp_code=0 actions=output:5
 cookie=0x0, duration=110.160s, table=0, n_packets=8, n_bytes=336, idle_timeout=60, idle_age=8, priority=65535,icmp,in_port=1,vlan_tci=0x0000,dl_src=3e:37:ae:1e:ea:60,dl_dst=f2:4e:b8:a8:87:00,nw_src=10.118.10.119,nw_dst=10.0.0.5,nw_tos=0,icmp_type=8,icmp_code=0 actions=output:5
 cookie=0x0, duration=96.946s, table=0, n_packets=7, n_bytes=294, idle_timeout=60, idle_age=8, priority=65535,icmp,in_port=1,vlan_tci=0x0000,dl_src=3e:37:ae:1e:ea:60,dl_dst=f2:4e:b8:a8:87:00,nw_src=10.1.0.131,nw_dst=10.0.0.5,nw_tos=0,icmp_type=8,icmp_code=0 actions=output:5
 cookie=0x0, duration=96.907s, table=0, n_packets=7, n_bytes=294, idle_timeout=60, idle_age=8, priority=65535,icmp,in_port=1,vlan_tci=0x0000,dl_src=3e:37:ae:1e:ea:60,dl_dst=f2:4e:b8:a8:87:00,nw_src=10.1.130.1,nw_dst=10.0.0.5,nw_tos=0,icmp_type=8,icmp_code=0 actions=output:5
 cookie=0x0, duration=96.863s, table=0, n_packets=7, n_bytes=294, idle_timeout=60, idle_age=8, priority=65535,icmp,in_port=1,vlan_tci=0x0000,dl_src=3e:37:ae:1e:ea:60,dl_dst=f2:4e:b8:a8:87:00,nw_src=10.130.11.131,nw_dst=10.0.0.5,nw_tos=0,icmp_type=8,icmp_code=0 actions=output:5
 cookie=0x0, duration=96.827s, table=0, n_packets=7, n_bytes=294, idle_timeout=60, idle_age=8, priority=65535,icmp,in_port=1,vlan_tci=0x0000,dl_src=3e:37:ae:1e:ea:60,dl_dst=f2:4e:b8:a8:87:00,nw_src=10.1.130.132,nw_dst=10.0.0.5,nw_tos=0,icmp_type=8,icmp_code=0 actions=output:5
 cookie=0x0, duration=96.787s, table=0, n_packets=7, n_bytes=294, idle_timeout=60, idle_age=8, priority=65535,icmp,in_port=1,vlan_tci=0x0000,dl_src=3e:37:ae:1e:ea:60,dl_dst=f2:4e:b8:a8:87:00,nw_src=10.2.1.131,nw_dst=10.0.0.5,nw_tos=0,icmp_type=8,icmp_code=0 actions=output:5
 cookie=0x0, duration=96.735s, table=0, n_packets=7, n_bytes=294, idle_timeout=60, idle_age=8, priority=65535,icmp,in_port=1,vlan_tci=0x0000,dl_src=3e:37:ae:1e:ea:60,dl_dst=f2:4e:b8:a8:87:00,nw_src=10.2.130.2,nw_dst=10.0.0.5,nw_tos=0,icmp_type=8,icmp_code=0 actions=output:5
 cookie=0x0, duration=96.695s, table=0, n_packets=7, n_bytes=294, idle_timeout=60, idle_age=8, priority=65535,icmp,in_port=1,vlan_tci=0x0000,dl_src=3e:37:ae:1e:ea:60,dl_dst=f2:4e:b8:a8:87:00,nw_src=10.130.2.131,nw_dst=10.0.0.5,nw_tos=0,icmp_type=8,icmp_code=0 actions=output:5
 cookie=0x0, duration=96.655s, table=0, n_packets=14, n_bytes=588, idle_timeout=60, idle_age=7, priority=65535,icmp,in_port=1,vlan_tci=0x0000,dl_src=3e:37:ae:1e:ea:60,dl_dst=f2:4e:b8:a8:87:00,nw_src=10.11.130.132,nw_dst=10.0.0.5,nw_tos=0,icmp_type=8,icmp_code=0 actions=output:5
 cookie=0x0, duration=96.611s, table=0, n_packets=7, n_bytes=294, idle_timeout=60, idle_age=8, priority=65535,icmp,in_port=1,vlan_tci=0x0000,dl_src=3e:37:ae:1e:ea:60,dl_dst=f2:4e:b8:a8:87:00,nw_src=10.0.10.131,nw_dst=10.0.0.5,nw_tos=0,icmp_type=8,icmp_code=0 actions=output:5
 cookie=0x0, duration=96.565s, table=0, n_packets=7, n_bytes=294, idle_timeout=60, idle_age=7, priority=65535,icmp,in_port=1,vlan_tci=0x0000,dl_src=3e:37:ae:1e:ea:60,dl_dst=f2:4e:b8:a8:87:00,nw_src=10.0.130.20,nw_dst=10.0.0.5,nw_tos=0,icmp_type=8,icmp_code=0 actions=output:5
 cookie=0x0, duration=96.527s, table=0, n_packets=7, n_bytes=294, idle_timeout=60, idle_age=7, priority=65535,icmp,in_port=1,vlan_tci=0x0000,dl_src=3e:37:ae:1e:ea:60,dl_dst=f2:4e:b8:a8:87:00,nw_src=10.130.10.131,nw_dst=10.0.0.5,nw_tos=0,icmp_type=8,icmp_code=0 actions=output:5
 cookie=0x0, duration=82.800s, table=0, n_packets=6, n_bytes=252, idle_timeout=60, idle_age=7, priority=65535,icmp,in_port=1,vlan_tci=0x0000,dl_src=3e:37:ae:1e:ea:60,dl_dst=f2:4e:b8:a8:87:00,nw_src=10.1.0.143,nw_dst=10.0.0.5,nw_tos=0,icmp_type=8,icmp_code=0 actions=output:5
 cookie=0x0, duration=82.773s, table=0, n_packets=6, n_bytes=252, idle_timeout=60, idle_age=7, priority=65535,icmp,in_port=1,vlan_tci=0x0000,dl_src=3e:37:ae:1e:ea:60,dl_dst=f2:4e:b8:a8:87:00,nw_src=10.1.142.1,nw_dst=10.0.0.5,nw_tos=0,icmp_type=8,icmp_code=0 actions=output:5
 cookie=0x0, duration=82.731s, table=0, n_packets=6, n_bytes=252, idle_timeout=60, idle_age=7, priority=65535,icmp,in_port=1,vlan_tci=0x0000,dl_src=3e:37:ae:1e:ea:60,dl_dst=f2:4e:b8:a8:87:00,nw_src=10.142.11.143,nw_dst=10.0.0.5,nw_tos=0,icmp_type=8,icmp_code=0 actions=output:5
 cookie=0x0, duration=82.691s, table=0, n_packets=6, n_bytes=252, idle_timeout=60, idle_age=7, priority=65535,icmp,in_port=1,vlan_tci=0x0000,dl_src=3e:37:ae:1e:ea:60,dl_dst=f2:4e:b8:a8:87:00,nw_src=10.1.142.144,nw_dst=10.0.0.5,nw_tos=0,icmp_type=8,icmp_code=0 actions=output:5
 cookie=0x0, duration=82.654s, table=0, n_packets=6, n_bytes=252, idle_timeout=60, idle_age=7, priority=65535,icmp,in_port=1,vlan_tci=0x0000,dl_src=3e:37:ae:1e:ea:60,dl_dst=f2:4e:b8:a8:87:00,nw_src=10.2.1.143,nw_dst=10.0.0.5,nw_tos=0,icmp_type=8,icmp_code=0 actions=output:5
 cookie=0x0, duration=82.607s, table=0, n_packets=6, n_bytes=252, idle_timeout=60, idle_age=7, priority=65535,icmp,in_port=1,vlan_tci=0x0000,dl_src=3e:37:ae:1e:ea:60,dl_dst=f2:4e:b8:a8:87:00,nw_src=10.2.142.2,nw_dst=10.0.0.5,nw_tos=0,icmp_type=8,icmp_code=0 actions=output:5
 cookie=0x0, duration=82.570s, table=0, n_packets=6, n_bytes=252, idle_timeout=60, idle_age=7, priority=65535,icmp,in_port=1,vlan_tci=0x0000,dl_src=3e:37:ae:1e:ea:60,dl_dst=f2:4e:b8:a8:87:00,nw_src=10.142.2.143,nw_dst=10.0.0.5,nw_tos=0,icmp_type=8,icmp_code=0 actions=output:5
 cookie=0x0, duration=82.519s, table=0, n_packets=12, n_bytes=504, idle_timeout=60, idle_age=7, priority=65535,icmp,in_port=1,vlan_tci=0x0000,dl_src=3e:37:ae:1e:ea:60,dl_dst=f2:4e:b8:a8:87:00,nw_src=10.11.142.144,nw_dst=10.0.0.5,nw_tos=0,icmp_type=8,icmp_code=0 actions=output:5
 cookie=0x0, duration=82.479s, table=0, n_packets=6, n_bytes=252, idle_timeout=60, idle_age=7, priority=65535,icmp,in_port=1,vlan_tci=0x0000,dl_src=3e:37:ae:1e:ea:60,dl_dst=f2:4e:b8:a8:87:00,nw_src=10.0.10.143,nw_dst=10.0.0.5,nw_tos=0,icmp_type=8,icmp_code=0 actions=output:5
 cookie=0x0, duration=82.438s, table=0, n_packets=6, n_bytes=252, idle_timeout=60, idle_age=7, priority=65535,icmp,in_port=1,vlan_tci=0x0000,dl_src=3e:37:ae:1e:ea:60,dl_dst=f2:4e:b8:a8:87:00,nw_src=10.0.142.20,nw_dst=10.0.0.5,nw_tos=0,icmp_type=8,icmp_code=0 actions=output:5
 cookie=0x0, duration=82.398s, table=0, n_packets=6, n_bytes=252, idle_timeout=60, idle_age=7, priority=65535,icmp,in_port=1,vlan_tci=0x0000,dl_src=3e:37:ae:1e:ea:60,dl_dst=f2:4e:b8:a8:87:00,nw_src=10.142.10.143,nw_dst=10.0.0.5,nw_tos=0,icmp_type=8,icmp_code=0 actions=output:5
 cookie=0x0, duration=68.203s, table=0, n_packets=5, n_bytes=210, idle_timeout=60, idle_age=7, priority=65535,icmp,in_port=1,vlan_tci=0x0000,dl_src=3e:37:ae:1e:ea:60,dl_dst=f2:4e:b8:a8:87:00,nw_src=10.1.0.155,nw_dst=10.0.0.5,nw_tos=0,icmp_type=8,icmp_code=0 actions=output:5
 cookie=0x0, duration=68.158s, table=0, n_packets=5, n_bytes=210, idle_timeout=60, idle_age=7, priority=65535,icmp,in_port=1,vlan_tci=0x0000,dl_src=3e:37:ae:1e:ea:60,dl_dst=f2:4e:b8:a8:87:00,nw_src=10.1.154.1,nw_dst=10.0.0.5,nw_tos=0,icmp_type=8,icmp_code=0 actions=output:5
 cookie=0x0, duration=68.111s, table=0, n_packets=5, n_bytes=210, idle_timeout=60, idle_age=7, priority=65535,icmp,in_port=1,vlan_tci=0x0000,dl_src=3e:37:ae:1e:ea:60,dl_dst=f2:4e:b8:a8:87:00,nw_src=10.154.11.155,nw_dst=10.0.0.5,nw_tos=0,icmp_type=8,icmp_code=0 actions=output:5
 cookie=0x0, duration=68.065s, table=0, n_packets=5, n_bytes=210, idle_timeout=60, idle_age=7, priority=65535,icmp,in_port=1,vlan_tci=0x0000,dl_src=3e:37:ae:1e:ea:60,dl_dst=f2:4e:b8:a8:87:00,nw_src=10.1.154.156,nw_dst=10.0.0.5,nw_tos=0,icmp_type=8,icmp_code=0 actions=output:5
 cookie=0x0, duration=68.021s, table=0, n_packets=5, n_bytes=210, idle_timeout=60, idle_age=7, priority=65535,icmp,in_port=1,vlan_tci=0x0000,dl_src=3e:37:ae:1e:ea:60,dl_dst=f2:4e:b8:a8:87:00,nw_src=10.2.1.155,nw_dst=10.0.0.5,nw_tos=0,icmp_type=8,icmp_code=0 actions=output:5
 cookie=0x0, duration=67.986s, table=0, n_packets=5, n_bytes=210, idle_timeout=60, idle_age=7, priority=65535,icmp,in_port=1,vlan_tci=0x0000,dl_src=3e:37:ae:1e:ea:60,dl_dst=f2:4e:b8:a8:87:00,nw_src=10.2.154.2,nw_dst=10.0.0.5,nw_tos=0,icmp_type=8,icmp_code=0 actions=output:5
 cookie=0x0, duration=67.946s, table=0, n_packets=5, n_bytes=210, idle_timeout=60, idle_age=7, priority=65535,icmp,in_port=1,vlan_tci=0x0000,dl_src=3e:37:ae:1e:ea:60,dl_dst=f2:4e:b8:a8:87:00,nw_src=10.154.2.155,nw_dst=10.0.0.5,nw_tos=0,icmp_type=8,icmp_code=0 actions=output:5
 cookie=0x0, duration=67.902s, table=0, n_packets=10, n_bytes=420, idle_timeout=60, idle_age=7, priority=65535,icmp,in_port=1,vlan_tci=0x0000,dl_src=3e:37:ae:1e:ea:60,dl_dst=f2:4e:b8:a8:87:00,nw_src=10.11.154.156,nw_dst=10.0.0.5,nw_tos=0,icmp_type=8,icmp_code=0 actions=output:5
 cookie=0x0, duration=67.863s, table=0, n_packets=5, n_bytes=210, idle_timeout=60, idle_age=7, priority=65535,icmp,in_port=1,vlan_tci=0x0000,dl_src=3e:37:ae:1e:ea:60,dl_dst=f2:4e:b8:a8:87:00,nw_src=10.0.10.155,nw_dst=10.0.0.5,nw_tos=0,icmp_type=8,icmp_code=0 actions=output:5
 cookie=0x0, duration=67.822s, table=0, n_packets=5, n_bytes=210, idle_timeout=60, idle_age=7, priority=65535,icmp,in_port=1,vlan_tci=0x0000,dl_src=3e:37:ae:1e:ea:60,dl_dst=f2:4e:b8:a8:87:00,nw_src=10.0.154.20,nw_dst=10.0.0.5,nw_tos=0,icmp_type=8,icmp_code=0 actions=output:5
 cookie=0x0, duration=67.777s, table=0, n_packets=5, n_bytes=210, idle_timeout=60, idle_age=7, priority=65535,icmp,in_port=1,vlan_tci=0x0000,dl_src=3e:37:ae:1e:ea:60,dl_dst=f2:4e:b8:a8:87:00,nw_src=10.154.10.155,nw_dst=10.0.0.5,nw_tos=0,icmp_type=8,icmp_code=0 actions=output:5
 cookie=0x0, duration=53.082s, table=0, n_packets=4, n_bytes=168, idle_timeout=60, idle_age=6, priority=65535,icmp,in_port=1,vlan_tci=0x0000,dl_src=3e:37:ae:1e:ea:60,dl_dst=f2:4e:b8:a8:87:00,nw_src=10.1.0.167,nw_dst=10.0.0.5,nw_tos=0,icmp_type=8,icmp_code=0 actions=output:5
 cookie=0x0, duration=53.043s, table=0, n_packets=4, n_bytes=168, idle_timeout=60, idle_age=6, priority=65535,icmp,in_port=1,vlan_tci=0x0000,dl_src=3e:37:ae:1e:ea:60,dl_dst=f2:4e:b8:a8:87:00,nw_src=10.1.166.1,nw_dst=10.0.0.5,nw_tos=0,icmp_type=8,icmp_code=0 actions=output:5
 cookie=0x0, duration=53.003s, table=0, n_packets=4, n_bytes=168, idle_timeout=60, idle_age=6, priority=65535,icmp,in_port=1,vlan_tci=0x0000,dl_src=3e:37:ae:1e:ea:60,dl_dst=f2:4e:b8:a8:87:00,nw_src=10.166.11.167,nw_dst=10.0.0.5,nw_tos=0,icmp_type=8,icmp_code=0 actions=output:5
 cookie=0x0, duration=52.968s, table=0, n_packets=4, n_bytes=168, idle_timeout=60, idle_age=6, priority=65535,icmp,in_port=1,vlan_tci=0x0000,dl_src=3e:37:ae:1e:ea:60,dl_dst=f2:4e:b8:a8:87:00,nw_src=10.1.166.168,nw_dst=10.0.0.5,nw_tos=0,icmp_type=8,icmp_code=0 actions=output:5
 cookie=0x0, duration=52.921s, table=0, n_packets=4, n_bytes=168, idle_timeout=60, idle_age=6, priority=65535,icmp,in_port=1,vlan_tci=0x0000,dl_src=3e:37:ae:1e:ea:60,dl_dst=f2:4e:b8:a8:87:00,nw_src=10.2.1.167,nw_dst=10.0.0.5,nw_tos=0,icmp_type=8,icmp_code=0 actions=output:5
 cookie=0x0, duration=52.870s, table=0, n_packets=4, n_bytes=168, idle_timeout=60, idle_age=6, priority=65535,icmp,in_port=1,vlan_tci=0x0000,dl_src=3e:37:ae:1e:ea:60,dl_dst=f2:4e:b8:a8:87:00,nw_src=10.2.166.2,nw_dst=10.0.0.5,nw_tos=0,icmp_type=8,icmp_code=0 actions=output:5
 cookie=0x0, duration=52.835s, table=0, n_packets=4, n_bytes=168, idle_timeout=60, idle_age=6, priority=65535,icmp,in_port=1,vlan_tci=0x0000,dl_src=3e:37:ae:1e:ea:60,dl_dst=f2:4e:b8:a8:87:00,nw_src=10.166.2.167,nw_dst=10.0.0.5,nw_tos=0,icmp_type=8,icmp_code=0 actions=output:5
 cookie=0x0, duration=52.803s, table=0, n_packets=8, n_bytes=336, idle_timeout=60, idle_age=6, priority=65535,icmp,in_port=1,vlan_tci=0x0000,dl_src=3e:37:ae:1e:ea:60,dl_dst=f2:4e:b8:a8:87:00,nw_src=10.11.166.168,nw_dst=10.0.0.5,nw_tos=0,icmp_type=8,icmp_code=0 actions=output:5
 cookie=0x0, duration=52.767s, table=0, n_packets=4, n_bytes=168, idle_timeout=60, idle_age=6, priority=65535,icmp,in_port=1,vlan_tci=0x0000,dl_src=3e:37:ae:1e:ea:60,dl_dst=f2:4e:b8:a8:87:00,nw_src=10.0.10.167,nw_dst=10.0.0.5,nw_tos=0,icmp_type=8,icmp_code=0 actions=output:5
 cookie=0x0, duration=52.731s, table=0, n_packets=4, n_bytes=168, idle_timeout=60, idle_age=6, priority=65535,icmp,in_port=1,vlan_tci=0x0000,dl_src=3e:37:ae:1e:ea:60,dl_dst=f2:4e:b8:a8:87:00,nw_src=10.0.166.20,nw_dst=10.0.0.5,nw_tos=0,icmp_type=8,icmp_code=0 actions=output:5
 cookie=0x0, duration=52.691s, table=0, n_packets=4, n_bytes=168, idle_timeout=60, idle_age=6, priority=65535,icmp,in_port=1,vlan_tci=0x0000,dl_src=3e:37:ae:1e:ea:60,dl_dst=f2:4e:b8:a8:87:00,nw_src=10.166.10.167,nw_dst=10.0.0.5,nw_tos=0,icmp_type=8,icmp_code=0 actions=output:5
 cookie=0x0, duration=37.614s, table=0, n_packets=3, n_bytes=126, idle_timeout=60, idle_age=6, priority=65535,icmp,in_port=1,vlan_tci=0x0000,dl_src=3e:37:ae:1e:ea:60,dl_dst=f2:4e:b8:a8:87:00,nw_src=10.1.0.179,nw_dst=10.0.0.5,nw_tos=0,icmp_type=8,icmp_code=0 actions=output:5
 cookie=0x0, duration=37.580s, table=0, n_packets=3, n_bytes=126, idle_timeout=60, idle_age=6, priority=65535,icmp,in_port=1,vlan_tci=0x0000,dl_src=3e:37:ae:1e:ea:60,dl_dst=f2:4e:b8:a8:87:00,nw_src=10.1.178.1,nw_dst=10.0.0.5,nw_tos=0,icmp_type=8,icmp_code=0 actions=output:5
 cookie=0x0, duration=37.551s, table=0, n_packets=3, n_bytes=126, idle_timeout=60, idle_age=6, priority=65535,icmp,in_port=1,vlan_tci=0x0000,dl_src=3e:37:ae:1e:ea:60,dl_dst=f2:4e:b8:a8:87:00,nw_src=10.178.11.179,nw_dst=10.0.0.5,nw_tos=0,icmp_type=8,icmp_code=0 actions=output:5
 cookie=0x0, duration=37.499s, table=0, n_packets=3, n_bytes=126, idle_timeout=60, idle_age=6, priority=65535,icmp,in_port=1,vlan_tci=0x0000,dl_src=3e:37:ae:1e:ea:60,dl_dst=f2:4e:b8:a8:87:00,nw_src=10.1.178.180,nw_dst=10.0.0.5,nw_tos=0,icmp_type=8,icmp_code=0 actions=output:5
 cookie=0x0, duration=37.450s, table=0, n_packets=3, n_bytes=126, idle_timeout=60, idle_age=6, priority=65535,icmp,in_port=1,vlan_tci=0x0000,dl_src=3e:37:ae:1e:ea:60,dl_dst=f2:4e:b8:a8:87:00,nw_src=10.2.1.179,nw_dst=10.0.0.5,nw_tos=0,icmp_type=8,icmp_code=0 actions=output:5
 cookie=0x0, duration=37.419s, table=0, n_packets=3, n_bytes=126, idle_timeout=60, idle_age=6, priority=65535,icmp,in_port=1,vlan_tci=0x0000,dl_src=3e:37:ae:1e:ea:60,dl_dst=f2:4e:b8:a8:87:00,nw_src=10.2.178.2,nw_dst=10.0.0.5,nw_tos=0,icmp_type=8,icmp_code=0 actions=output:5
 cookie=0x0, duration=37.383s, table=0, n_packets=3, n_bytes=126, idle_timeout=60, idle_age=6, priority=65535,icmp,in_port=1,vlan_tci=0x0000,dl_src=3e:37:ae:1e:ea:60,dl_dst=f2:4e:b8:a8:87:00,nw_src=10.178.2.179,nw_dst=10.0.0.5,nw_tos=0,icmp_type=8,icmp_code=0 actions=output:5
 cookie=0x0, duration=37.347s, table=0, n_packets=6, n_bytes=252, idle_timeout=60, idle_age=6, priority=65535,icmp,in_port=1,vlan_tci=0x0000,dl_src=3e:37:ae:1e:ea:60,dl_dst=f2:4e:b8:a8:87:00,nw_src=10.11.178.180,nw_dst=10.0.0.5,nw_tos=0,icmp_type=8,icmp_code=0 actions=output:5
 cookie=0x0, duration=37.310s, table=0, n_packets=3, n_bytes=126, idle_timeout=60, idle_age=6, priority=65535,icmp,in_port=1,vlan_tci=0x0000,dl_src=3e:37:ae:1e:ea:60,dl_dst=f2:4e:b8:a8:87:00,nw_src=10.0.10.179,nw_dst=10.0.0.5,nw_tos=0,icmp_type=8,icmp_code=0 actions=output:5
 cookie=0x0, duration=37.279s, table=0, n_packets=3, n_bytes=126, idle_timeout=60, idle_age=6, priority=65535,icmp,in_port=1,vlan_tci=0x0000,dl_src=3e:37:ae:1e:ea:60,dl_dst=f2:4e:b8:a8:87:00,nw_src=10.0.178.20,nw_dst=10.0.0.5,nw_tos=0,icmp_type=8,icmp_code=0 actions=output:5
 cookie=0x0, duration=37.243s, table=0, n_packets=3, n_bytes=126, idle_timeout=60, idle_age=6, priority=65535,icmp,in_port=1,vlan_tci=0x0000,dl_src=3e:37:ae:1e:ea:60,dl_dst=f2:4e:b8:a8:87:00,nw_src=10.178.10.179,nw_dst=10.0.0.5,nw_tos=0,icmp_type=8,icmp_code=0 actions=output:5
 cookie=0x0, duration=21.702s, table=0, n_packets=2, n_bytes=84, idle_timeout=60, idle_age=6, priority=65535,icmp,in_port=1,vlan_tci=0x0000,dl_src=3e:37:ae:1e:ea:60,dl_dst=f2:4e:b8:a8:87:00,nw_src=10.1.0.191,nw_dst=10.0.0.5,nw_tos=0,icmp_type=8,icmp_code=0 actions=output:5
 cookie=0x0, duration=21.668s, table=0, n_packets=2, n_bytes=84, idle_timeout=60, idle_age=5, priority=65535,icmp,in_port=1,vlan_tci=0x0000,dl_src=3e:37:ae:1e:ea:60,dl_dst=f2:4e:b8:a8:87:00,nw_src=10.1.190.1,nw_dst=10.0.0.5,nw_tos=0,icmp_type=8,icmp_code=0 actions=output:5
 cookie=0x0, duration=21.632s, table=0, n_packets=2, n_bytes=84, idle_timeout=60, idle_age=5, priority=65535,icmp,in_port=1,vlan_tci=0x0000,dl_src=3e:37:ae:1e:ea:60,dl_dst=f2:4e:b8:a8:87:00,nw_src=10.190.11.191,nw_dst=10.0.0.5,nw_tos=0,icmp_type=8,icmp_code=0 actions=output:5
 cookie=0x0, duration=21.588s, table=0, n_packets=2, n_bytes=84, idle_timeout=60, idle_age=5, priority=65535,icmp,in_port=1,vlan_tci=0x0000,dl_src=3e:37:ae:1e:ea:60,dl_dst=f2:4e:b8:a8:87:00,nw_src=10.1.190.192,nw_dst=10.0.0.5,nw_tos=0,icmp_type=8,icmp_code=0 actions=output:5
 cookie=0x0, duration=21.554s, table=0, n_packets=2, n_bytes=84, idle_timeout=60, idle_age=5, priority=65535,icmp,in_port=1,vlan_tci=0x0000,dl_src=3e:37:ae:1e:ea:60,dl_dst=f2:4e:b8:a8:87:00,nw_src=10.2.1.191,nw_dst=10.0.0.5,nw_tos=0,icmp_type=8,icmp_code=0 actions=output:5
 cookie=0x0, duration=21.524s, table=0, n_packets=2, n_bytes=84, idle_timeout=60, idle_age=5, priority=65535,icmp,in_port=1,vlan_tci=0x0000,dl_src=3e:37:ae:1e:ea:60,dl_dst=f2:4e:b8:a8:87:00,nw_src=10.2.190.2,nw_dst=10.0.0.5,nw_tos=0,icmp_type=8,icmp_code=0 actions=output:5
 cookie=0x0, duration=21.485s, table=0, n_packets=2, n_bytes=84, idle_timeout=60, idle_age=5, priority=65535,icmp,in_port=1,vlan_tci=0x0000,dl_src=3e:37:ae:1e:ea:60,dl_dst=f2:4e:b8:a8:87:00,nw_src=10.190.2.191,nw_dst=10.0.0.5,nw_tos=0,icmp_type=8,icmp_code=0 actions=output:5
 cookie=0x0, duration=21.452s, table=0, n_packets=4, n_bytes=168, idle_timeout=60, idle_age=5, priority=65535,icmp,in_port=1,vlan_tci=0x0000,dl_src=3e:37:ae:1e:ea:60,dl_dst=f2:4e:b8:a8:87:00,nw_src=10.11.190.192,nw_dst=10.0.0.5,nw_tos=0,icmp_type=8,icmp_code=0 actions=output:5
 cookie=0x0, duration=21.404s, table=0, n_packets=2, n_bytes=84, idle_timeout=60, idle_age=5, priority=65535,icmp,in_port=1,vlan_tci=0x0000,dl_src=3e:37:ae:1e:ea:60,dl_dst=f2:4e:b8:a8:87:00,nw_src=10.0.10.191,nw_dst=10.0.0.5,nw_tos=0,icmp_type=8,icmp_code=0 actions=output:5
 cookie=0x0, duration=21.376s, table=0, n_packets=2, n_bytes=84, idle_timeout=60, idle_age=5, priority=65535,icmp,in_port=1,vlan_tci=0x0000,dl_src=3e:37:ae:1e:ea:60,dl_dst=f2:4e:b8:a8:87:00,nw_src=10.0.190.20,nw_dst=10.0.0.5,nw_tos=0,icmp_type=8,icmp_code=0 actions=output:5
 cookie=0x0, duration=21.343s, table=0, n_packets=2, n_bytes=84, idle_timeout=60, idle_age=5, priority=65535,icmp,in_port=1,vlan_tci=0x0000,dl_src=3e:37:ae:1e:ea:60,dl_dst=f2:4e:b8:a8:87:00,nw_src=10.190.10.191,nw_dst=10.0.0.5,nw_tos=0,icmp_type=8,icmp_code=0 actions=output:5
 cookie=0x0, duration=5.551s, table=0, n_packets=1, n_bytes=42, idle_timeout=60, idle_age=5, priority=65535,icmp,in_port=1,vlan_tci=0x0000,dl_src=3e:37:ae:1e:ea:60,dl_dst=f2:4e:b8:a8:87:00,nw_src=10.1.0.203,nw_dst=10.0.0.5,nw_tos=0,icmp_type=8,icmp_code=0 actions=output:5
 cookie=0x0, duration=5.511s, table=0, n_packets=1, n_bytes=42, idle_timeout=60, idle_age=5, priority=65535,icmp,in_port=1,vlan_tci=0x0000,dl_src=3e:37:ae:1e:ea:60,dl_dst=f2:4e:b8:a8:87:00,nw_src=10.1.202.1,nw_dst=10.0.0.5,nw_tos=0,icmp_type=8,icmp_code=0 actions=output:5
 cookie=0x0, duration=5.470s, table=0, n_packets=1, n_bytes=42, idle_timeout=60, idle_age=5, priority=65535,icmp,in_port=1,vlan_tci=0x0000,dl_src=3e:37:ae:1e:ea:60,dl_dst=f2:4e:b8:a8:87:00,nw_src=10.202.11.203,nw_dst=10.0.0.5,nw_tos=0,icmp_type=8,icmp_code=0 actions=output:5
 cookie=0x0, duration=5.424s, table=0, n_packets=1, n_bytes=42, idle_timeout=60, idle_age=5, priority=65535,icmp,in_port=1,vlan_tci=0x0000,dl_src=3e:37:ae:1e:ea:60,dl_dst=f2:4e:b8:a8:87:00,nw_src=10.1.202.204,nw_dst=10.0.0.5,nw_tos=0,icmp_type=8,icmp_code=0 actions=output:5
 cookie=0x0, duration=5.379s, table=0, n_packets=1, n_bytes=42, idle_timeout=60, idle_age=5, priority=65535,icmp,in_port=1,vlan_tci=0x0000,dl_src=3e:37:ae:1e:ea:60,dl_dst=f2:4e:b8:a8:87:00,nw_src=10.2.1.203,nw_dst=10.0.0.5,nw_tos=0,icmp_type=8,icmp_code=0 actions=output:5
 cookie=0x0, duration=5.331s, table=0, n_packets=1, n_bytes=42, idle_timeout=60, idle_age=5, priority=65535,icmp,in_port=1,vlan_tci=0x0000,dl_src=3e:37:ae:1e:ea:60,dl_dst=f2:4e:b8:a8:87:00,nw_src=10.2.202.2,nw_dst=10.0.0.5,nw_tos=0,icmp_type=8,icmp_code=0 actions=output:5
 cookie=0x0, duration=5.295s, table=0, n_packets=1, n_bytes=42, idle_timeout=60, idle_age=5, priority=65535,icmp,in_port=1,vlan_tci=0x0000,dl_src=3e:37:ae:1e:ea:60,dl_dst=f2:4e:b8:a8:87:00,nw_src=10.202.2.203,nw_dst=10.0.0.5,nw_tos=0,icmp_type=8,icmp_code=0 actions=output:5
 cookie=0x0, duration=5.250s, table=0, n_packets=2, n_bytes=84, idle_timeout=60, idle_age=5, priority=65535,icmp,in_port=1,vlan_tci=0x0000,dl_src=3e:37:ae:1e:ea:60,dl_dst=f2:4e:b8:a8:87:00,nw_src=10.11.202.204,nw_dst=10.0.0.5,nw_tos=0,icmp_type=8,icmp_code=0 actions=output:5
 cookie=0x0, duration=5.222s, table=0, n_packets=1, n_bytes=42, idle_timeout=60, idle_age=5, priority=65535,icmp,in_port=1,vlan_tci=0x0000,dl_src=3e:37:ae:1e:ea:60,dl_dst=f2:4e:b8:a8:87:00,nw_src=10.0.10.203,nw_dst=10.0.0.5,nw_tos=0,icmp_type=8,icmp_code=0 actions=output:5
 cookie=0x0, duration=5.189s, table=0, n_packets=1, n_bytes=42, idle_timeout=60, idle_age=5, priority=65535,icmp,in_port=1,vlan_tci=0x0000,dl_src=3e:37:ae:1e:ea:60,dl_dst=f2:4e:b8:a8:87:00,nw_src=10.0.202.20,nw_dst=10.0.0.5,nw_tos=0,icmp_type=8,icmp_code=0 actions=output:5
 cookie=0x0, duration=5.142s, table=0, n_packets=1, n_bytes=42, idle_timeout=60, idle_age=5, priority=65535,icmp,in_port=1,vlan_tci=0x0000,dl_src=3e:37:ae:1e:ea:60,dl_dst=f2:4e:b8:a8:87:00,nw_src=10.202.10.203,nw_dst=10.0.0.5,nw_tos=0,icmp_type=8,icmp_code=0 actions=output:5
