"No.","Time","Source","Destination","Protocol","Length","Info"
"1","0.000000000","10.0.0.1","10.0.0.3","ICMP","98","Echo (ping) request  id=0x0e04, seq=8/2048, ttl=64 (reply in 2)"
"2","0.000045274","10.0.0.3","10.0.0.1","ICMP","98","Echo (ping) reply    id=0x0e04, seq=8/2048, ttl=64 (request in 1)"
"3","1.023948135","10.0.0.1","10.0.0.3","ICMP","98","Echo (ping) request  id=0x0e04, seq=9/2304, ttl=64 (reply in 4)"
"4","1.023986525","10.0.0.3","10.0.0.1","ICMP","98","Echo (ping) reply    id=0x0e04, seq=9/2304, ttl=64 (request in 3)"
"5","2.048315239","10.0.0.1","10.0.0.3","ICMP","98","Echo (ping) request  id=0x0e04, seq=10/2560, ttl=64 (reply in 6)"
"6","2.048366588","10.0.0.3","10.0.0.1","ICMP","98","Echo (ping) reply    id=0x0e04, seq=10/2560, ttl=64 (request in 5)"
"7","3.072044724","10.0.0.1","10.0.0.3","ICMP","98","Echo (ping) request  id=0x0e04, seq=11/2816, ttl=64 (reply in 8)"
"8","3.072082021","10.0.0.3","10.0.0.1","ICMP","98","Echo (ping) reply    id=0x0e04, seq=11/2816, ttl=64 (request in 7)"
"9","4.095991555","10.0.0.1","10.0.0.3","ICMP","98","Echo (ping) request  id=0x0e04, seq=12/3072, ttl=64 (reply in 10)"
"10","4.096034669","10.0.0.3","10.0.0.1","ICMP","98","Echo (ping) reply    id=0x0e04, seq=12/3072, ttl=64 (request in 9)"
"11","5.119979517","10.0.0.1","10.0.0.3","ICMP","98","Echo (ping) request  id=0x0e04, seq=13/3328, ttl=64 (reply in 12)"
"12","5.120012964","10.0.0.3","10.0.0.1","ICMP","98","Echo (ping) reply    id=0x0e04, seq=13/3328, ttl=64 (request in 11)"
"13","6.144020201","10.0.0.1","10.0.0.3","ICMP","98","Echo (ping) request  id=0x0e04, seq=14/3584, ttl=64 (reply in 14)"
"14","6.144056371","10.0.0.3","10.0.0.1","ICMP","98","Echo (ping) reply    id=0x0e04, seq=14/3584, ttl=64 (request in 13)"
"15","7.168557536","10.0.0.1","10.0.0.3","ICMP","98","Echo (ping) request  id=0x0e04, seq=15/3840, ttl=64 (reply in 16)"
"16","7.168674543","10.0.0.3","10.0.0.1","ICMP","98","Echo (ping) reply    id=0x0e04, seq=15/3840, ttl=64 (request in 15)"
"17","8.192029253","10.0.0.1","10.0.0.3","ICMP","98","Echo (ping) request  id=0x0e04, seq=16/4096, ttl=64 (reply in 18)"
"18","8.192066435","10.0.0.3","10.0.0.1","ICMP","98","Echo (ping) reply    id=0x0e04, seq=16/4096, ttl=64 (request in 17)"
"19","9.216356623","10.0.0.1","10.0.0.3","ICMP","98","Echo (ping) request  id=0x0e04, seq=17/4352, ttl=64 (reply in 20)"
"20","9.216396040","10.0.0.3","10.0.0.1","ICMP","98","Echo (ping) reply    id=0x0e04, seq=17/4352, ttl=64 (request in 19)"
"21","10.240088269","10.0.0.1","10.0.0.3","ICMP","98","Echo (ping) request  id=0x0e04, seq=18/4608, ttl=64 (reply in 22)"
"22","10.240127200","10.0.0.3","10.0.0.1","ICMP","98","Echo (ping) reply    id=0x0e04, seq=18/4608, ttl=64 (request in 21)"
"23","11.264296439","10.0.0.1","10.0.0.3","ICMP","98","Echo (ping) request  id=0x0e04, seq=19/4864, ttl=64 (reply in 24)"
"24","11.264329674","10.0.0.3","10.0.0.1","ICMP","98","Echo (ping) reply    id=0x0e04, seq=19/4864, ttl=64 (request in 23)"
"25","12.288238182","10.0.0.1","10.0.0.3","ICMP","98","Echo (ping) request  id=0x0e04, seq=20/5120, ttl=64 (reply in 26)"
"26","12.288271498","10.0.0.3","10.0.0.1","ICMP","98","Echo (ping) reply    id=0x0e04, seq=20/5120, ttl=64 (request in 25)"
"27","13.312339897","10.0.0.1","10.0.0.3","ICMP","98","Echo (ping) request  id=0x0e04, seq=21/5376, ttl=64 (reply in 28)"
"28","13.312371153","10.0.0.3","10.0.0.1","ICMP","98","Echo (ping) reply    id=0x0e04, seq=21/5376, ttl=64 (request in 27)"
"29","14.336015033","10.0.0.1","10.0.0.3","ICMP","98","Echo (ping) request  id=0x0e04, seq=22/5632, ttl=64 (reply in 30)"
"30","14.336052398","10.0.0.3","10.0.0.1","ICMP","98","Echo (ping) reply    id=0x0e04, seq=22/5632, ttl=64 (request in 29)"
"31","15.360264558","10.0.0.1","10.0.0.3","ICMP","98","Echo (ping) request  id=0x0e04, seq=23/5888, ttl=64 (reply in 32)"
"32","15.360304098","10.0.0.3","10.0.0.1","ICMP","98","Echo (ping) reply    id=0x0e04, seq=23/5888, ttl=64 (request in 31)"
"33","15.840976422","fe80::8806:dcff:fe79:ee26","ff02::2","ICMPv6","70","Router Solicitation from 8a:06:dc:79:ee:26"
"34","15.841272502","fe80::dc8d:88ff:fe78:994","ff02::2","ICMPv6","70","Router Solicitation from de:8d:88:78:09:94"
"35","16.384518303","10.0.0.1","10.0.0.3","ICMP","98","Echo (ping) request  id=0x0e04, seq=24/6144, ttl=64 (reply in 36)"
"36","16.384593294","10.0.0.3","10.0.0.1","ICMP","98","Echo (ping) reply    id=0x0e04, seq=24/6144, ttl=64 (request in 35)"
"37","17.408203982","10.0.0.1","10.0.0.3","ICMP","98","Echo (ping) request  id=0x0e04, seq=25/6400, ttl=64 (reply in 38)"
"38","17.408244679","10.0.0.3","10.0.0.1","ICMP","98","Echo (ping) reply    id=0x0e04, seq=25/6400, ttl=64 (request in 37)"
"39","17.890927963","fe80::7001:5aff:fe62:436b","ff02::2","ICMPv6","70","Router Solicitation from 72:01:5a:62:43:6b"
"40","17.910864351","fe80::f8d6:ddff:fe35:9711","ff02::2","ICMPv6","70","Router Solicitation from fa:d6:dd:35:97:11"
"41","18.431962109","10.0.0.1","10.0.0.3","ICMP","98","Echo (ping) request  id=0x0e04, seq=26/6656, ttl=64 (reply in 42)"
"42","18.431998203","10.0.0.3","10.0.0.1","ICMP","98","Echo (ping) reply    id=0x0e04, seq=26/6656, ttl=64 (request in 41)"
"43","19.455952649","10.0.0.1","10.0.0.3","ICMP","98","Echo (ping) request  id=0x0e04, seq=27/6912, ttl=64 (reply in 44)"
"44","19.455986158","10.0.0.3","10.0.0.1","ICMP","98","Echo (ping) reply    id=0x0e04, seq=27/6912, ttl=64 (request in 43)"
"45","19.786474026","fe80::8cfa:15ff:fe86:1eae","ff02::fb","MDNS","107","Standard query 0x0000 PTR _ipps._tcp.local, ""QM"" question PTR _ipp._tcp.local, ""QM"" question"
"46","19.937830082","fe80::9425:cff:fe53:f475","ff02::2","ICMPv6","70","Router Solicitation from 96:25:0c:53:f4:75"
"47","19.937885948","fe80::c8f3:aaff:fe32:d4a7","ff02::2","ICMPv6","70","Router Solicitation from ca:f3:aa:32:d4:a7"
"48","19.937910569","fe80::3860:c9ff:fe9a:b4df","ff02::2","ICMPv6","70","Router Solicitation from 3a:60:c9:9a:b4:df"
"49","20.480470104","10.0.0.1","10.0.0.3","ICMP","98","Echo (ping) request  id=0x0e04, seq=28/7168, ttl=64 (reply in 50)"
"50","20.480512255","10.0.0.3","10.0.0.1","ICMP","98","Echo (ping) reply    id=0x0e04, seq=28/7168, ttl=64 (request in 49)"
"51","21.503959914","10.0.0.1","10.0.0.3","ICMP","98","Echo (ping) request  id=0x0e04, seq=29/7424, ttl=64 (reply in 52)"
"52","21.504006548","10.0.0.3","10.0.0.1","ICMP","98","Echo (ping) reply    id=0x0e04, seq=29/7424, ttl=64 (request in 51)"
"53","21.984403544","fe80::8cfa:15ff:fe86:1eae","ff02::2","ICMPv6","70","Router Solicitation from 8e:fa:15:86:1e:ae"
"54","21.985449579","fe80::802e:1eff:feee:8d4e","ff02::2","ICMPv6","70","Router Solicitation from 82:2e:1e:ee:8d:4e"
"55","21.985757179","fe80::70e9:30ff:fe1f:94d0","ff02::2","ICMPv6","70","Router Solicitation from 72:e9:30:1f:94:d0"
"56","21.985788507","fe80::d03c:22ff:fe99:8dd1","ff02::2","ICMPv6","70","Router Solicitation from d2:3c:22:99:8d:d1"
"57","22.528146615","10.0.0.1","10.0.0.3","ICMP","98","Echo (ping) request  id=0x0e04, seq=30/7680, ttl=64 (reply in 58)"
"58","22.528185630","10.0.0.3","10.0.0.1","ICMP","98","Echo (ping) reply    id=0x0e04, seq=30/7680, ttl=64 (request in 57)"
"59","23.552035497","10.0.0.1","10.0.0.3","ICMP","98","Echo (ping) request  id=0x0e04, seq=31/7936, ttl=64 (reply in 60)"
"60","23.552071344","10.0.0.3","10.0.0.1","ICMP","98","Echo (ping) reply    id=0x0e04, seq=31/7936, ttl=64 (request in 59)"
"61","24.576463380","10.0.0.1","10.0.0.3","ICMP","98","Echo (ping) request  id=0x0e04, seq=32/8192, ttl=64 (reply in 62)"
"62","24.576500941","10.0.0.3","10.0.0.1","ICMP","98","Echo (ping) reply    id=0x0e04, seq=32/8192, ttl=64 (request in 61)"
"63","25.599961640","10.0.0.1","10.0.0.3","ICMP","98","Echo (ping) request  id=0x0e04, seq=33/8448, ttl=64 (reply in 64)"
"64","25.599993542","10.0.0.3","10.0.0.1","ICMP","98","Echo (ping) reply    id=0x0e04, seq=33/8448, ttl=64 (request in 63)"
"65","26.623906079","10.0.0.1","10.0.0.3","ICMP","98","Echo (ping) request  id=0x0e04, seq=34/8704, ttl=64 (reply in 66)"
"66","26.623944722","10.0.0.3","10.0.0.1","ICMP","98","Echo (ping) reply    id=0x0e04, seq=34/8704, ttl=64 (request in 65)"
"67","27.648012456","10.0.0.1","10.0.0.3","ICMP","98","Echo (ping) request  id=0x0e04, seq=35/8960, ttl=64 (reply in 68)"
"68","27.648052887","10.0.0.3","10.0.0.1","ICMP","98","Echo (ping) reply    id=0x0e04, seq=35/8960, ttl=64 (request in 67)"
"69","28.672227981","10.0.0.1","10.0.0.3","ICMP","98","Echo (ping) request  id=0x0e04, seq=36/9216, ttl=64 (reply in 70)"
"70","28.672281143","10.0.0.3","10.0.0.1","ICMP","98","Echo (ping) reply    id=0x0e04, seq=36/9216, ttl=64 (request in 69)"
"71","29.696922468","10.0.0.1","10.0.0.3","ICMP","98","Echo (ping) request  id=0x0e04, seq=37/9472, ttl=64 (reply in 72)"
"72","29.696967908","10.0.0.3","10.0.0.1","ICMP","98","Echo (ping) reply    id=0x0e04, seq=37/9472, ttl=64 (request in 71)"
"73","30.720296016","10.0.0.1","10.0.0.3","ICMP","98","Echo (ping) request  id=0x0e04, seq=38/9728, ttl=64 (reply in 74)"
"74","30.720336484","10.0.0.3","10.0.0.1","ICMP","98","Echo (ping) reply    id=0x0e04, seq=38/9728, ttl=64 (request in 73)"
"75","31.744398740","10.0.0.1","10.0.0.3","ICMP","98","Echo (ping) request  id=0x0e04, seq=39/9984, ttl=64 (reply in 76)"
"76","31.744427618","10.0.0.3","10.0.0.1","ICMP","98","Echo (ping) reply    id=0x0e04, seq=39/9984, ttl=64 (request in 75)"
"77","32.767985764","10.0.0.1","10.0.0.3","ICMP","98","Echo (ping) request  id=0x0e04, seq=40/10240, ttl=64 (reply in 78)"
"78","32.768022580","10.0.0.3","10.0.0.1","ICMP","98","Echo (ping) reply    id=0x0e04, seq=40/10240, ttl=64 (request in 77)"
"79","33.792660589","10.0.0.1","10.0.0.3","ICMP","98","Echo (ping) request  id=0x0e04, seq=41/10496, ttl=64 (reply in 80)"
"80","33.792712669","10.0.0.3","10.0.0.1","ICMP","98","Echo (ping) reply    id=0x0e04, seq=41/10496, ttl=64 (request in 79)"
"81","34.815915403","10.0.0.1","10.0.0.3","ICMP","98","Echo (ping) request  id=0x0e04, seq=42/10752, ttl=64 (reply in 82)"
"82","34.815952443","10.0.0.3","10.0.0.1","ICMP","98","Echo (ping) reply    id=0x0e04, seq=42/10752, ttl=64 (request in 81)"
"83","35.840382719","10.0.0.1","10.0.0.3","ICMP","98","Echo (ping) request  id=0x0e04, seq=43/11008, ttl=64 (reply in 84)"
"84","35.840431135","10.0.0.3","10.0.0.1","ICMP","98","Echo (ping) reply    id=0x0e04, seq=43/11008, ttl=64 (request in 83)"
"85","36.864102795","10.0.0.1","10.0.0.3","ICMP","98","Echo (ping) request  id=0x0e04, seq=44/11264, ttl=64 (reply in 86)"
"86","36.864139529","10.0.0.3","10.0.0.1","ICMP","98","Echo (ping) reply    id=0x0e04, seq=44/11264, ttl=64 (request in 85)"
"87","37.888140162","10.0.0.1","10.0.0.3","ICMP","98","Echo (ping) request  id=0x0e04, seq=45/11520, ttl=64 (reply in 88)"
"88","37.888184031","10.0.0.3","10.0.0.1","ICMP","98","Echo (ping) reply    id=0x0e04, seq=45/11520, ttl=64 (request in 87)"
"89","38.912099349","10.0.0.1","10.0.0.3","ICMP","98","Echo (ping) request  id=0x0e04, seq=46/11776, ttl=64 (reply in 90)"
"90","38.912130368","10.0.0.3","10.0.0.1","ICMP","98","Echo (ping) reply    id=0x0e04, seq=46/11776, ttl=64 (request in 89)"
"91","39.936683494","10.0.0.1","10.0.0.3","ICMP","98","Echo (ping) request  id=0x0e04, seq=47/12032, ttl=64 (reply in 92)"
"92","39.936721581","10.0.0.3","10.0.0.1","ICMP","98","Echo (ping) reply    id=0x0e04, seq=47/12032, ttl=64 (request in 91)"
"93","40.960184383","10.0.0.1","10.0.0.3","ICMP","98","Echo (ping) request  id=0x0e04, seq=48/12288, ttl=64 (reply in 94)"
"94","40.960220322","10.0.0.3","10.0.0.1","ICMP","98","Echo (ping) reply    id=0x0e04, seq=48/12288, ttl=64 (request in 93)"
"95","41.952833942","3a:60:c9:9a:b4:df","72:01:5a:62:43:6b","ARP","42","Who has 10.0.0.1? Tell 10.0.0.3"
"96","41.952849955","72:01:5a:62:43:6b","3a:60:c9:9a:b4:df","ARP","42","10.0.0.1 is at 72:01:5a:62:43:6b"
"97","41.984287809","10.0.0.1","10.0.0.3","ICMP","98","Echo (ping) request  id=0x0e04, seq=49/12544, ttl=64 (reply in 98)"
"98","41.984321729","10.0.0.3","10.0.0.1","ICMP","98","Echo (ping) reply    id=0x0e04, seq=49/12544, ttl=64 (request in 97)"
"99","43.008317331","10.0.0.1","10.0.0.3","ICMP","98","Echo (ping) request  id=0x0e04, seq=50/12800, ttl=64 (reply in 100)"
"100","43.008356890","10.0.0.3","10.0.0.1","ICMP","98","Echo (ping) reply    id=0x0e04, seq=50/12800, ttl=64 (request in 99)"
"101","44.032160572","10.0.0.1","10.0.0.3","ICMP","98","Echo (ping) request  id=0x0e04, seq=51/13056, ttl=64 (reply in 102)"
"102","44.032257703","10.0.0.3","10.0.0.1","ICMP","98","Echo (ping) reply    id=0x0e04, seq=51/13056, ttl=64 (request in 101)"
"103","45.056025546","10.0.0.1","10.0.0.3","ICMP","98","Echo (ping) request  id=0x0e04, seq=52/13312, ttl=64 (reply in 104)"
"104","45.056064910","10.0.0.3","10.0.0.1","ICMP","98","Echo (ping) reply    id=0x0e04, seq=52/13312, ttl=64 (request in 103)"
"105","46.079978707","10.0.0.1","10.0.0.3","ICMP","98","Echo (ping) request  id=0x0e04, seq=53/13568, ttl=64 (reply in 106)"
"106","46.080023976","10.0.0.3","10.0.0.1","ICMP","98","Echo (ping) reply    id=0x0e04, seq=53/13568, ttl=64 (request in 105)"
"107","47.104016422","10.0.0.1","10.0.0.3","ICMP","98","Echo (ping) request  id=0x0e04, seq=54/13824, ttl=64 (reply in 108)"
"108","47.104051843","10.0.0.3","10.0.0.1","ICMP","98","Echo (ping) reply    id=0x0e04, seq=54/13824, ttl=64 (request in 107)"
"109","48.128325209","10.0.0.1","10.0.0.3","ICMP","98","Echo (ping) request  id=0x0e04, seq=55/14080, ttl=64 (reply in 110)"
"110","48.128369191","10.0.0.3","10.0.0.1","ICMP","98","Echo (ping) reply    id=0x0e04, seq=55/14080, ttl=64 (request in 109)"
"111","49.152010322","10.0.0.1","10.0.0.3","ICMP","98","Echo (ping) request  id=0x0e04, seq=56/14336, ttl=64 (reply in 112)"
"112","49.152048312","10.0.0.3","10.0.0.1","ICMP","98","Echo (ping) reply    id=0x0e04, seq=56/14336, ttl=64 (request in 111)"
"113","50.176456975","10.0.0.1","10.0.0.3","ICMP","98","Echo (ping) request  id=0x0e04, seq=57/14592, ttl=64 (reply in 114)"
"114","50.176501995","10.0.0.3","10.0.0.1","ICMP","98","Echo (ping) reply    id=0x0e04, seq=57/14592, ttl=64 (request in 113)"
"115","51.200401964","10.0.0.1","10.0.0.3","ICMP","98","Echo (ping) request  id=0x0e04, seq=58/14848, ttl=64 (reply in 116)"
"116","51.200441252","10.0.0.3","10.0.0.1","ICMP","98","Echo (ping) reply    id=0x0e04, seq=58/14848, ttl=64 (request in 115)"
"117","52.224588247","10.0.0.1","10.0.0.3","ICMP","98","Echo (ping) request  id=0x0e04, seq=59/15104, ttl=64 (reply in 118)"
"118","52.224622382","10.0.0.3","10.0.0.1","ICMP","98","Echo (ping) reply    id=0x0e04, seq=59/15104, ttl=64 (request in 117)"
"119","53.248073814","10.0.0.1","10.0.0.3","ICMP","98","Echo (ping) request  id=0x0e04, seq=60/15360, ttl=64 (reply in 120)"
"120","53.248111968","10.0.0.3","10.0.0.1","ICMP","98","Echo (ping) reply    id=0x0e04, seq=60/15360, ttl=64 (request in 119)"
"121","54.271999263","10.0.0.1","10.0.0.3","ICMP","98","Echo (ping) request  id=0x0e04, seq=61/15616, ttl=64 (reply in 122)"
"122","54.272038368","10.0.0.3","10.0.0.1","ICMP","98","Echo (ping) reply    id=0x0e04, seq=61/15616, ttl=64 (request in 121)"
"123","55.296070880","10.0.0.1","10.0.0.3","ICMP","98","Echo (ping) request  id=0x0e04, seq=62/15872, ttl=64 (reply in 124)"
"124","55.296111091","10.0.0.3","10.0.0.1","ICMP","98","Echo (ping) reply    id=0x0e04, seq=62/15872, ttl=64 (request in 123)"
"125","56.320189974","10.0.0.1","10.0.0.3","ICMP","98","Echo (ping) request  id=0x0e04, seq=63/16128, ttl=64 (reply in 126)"
"126","56.320227032","10.0.0.3","10.0.0.1","ICMP","98","Echo (ping) reply    id=0x0e04, seq=63/16128, ttl=64 (request in 125)"
"127","57.344345515","10.0.0.1","10.0.0.3","ICMP","98","Echo (ping) request  id=0x0e04, seq=64/16384, ttl=64 (reply in 128)"
"128","57.344385616","10.0.0.3","10.0.0.1","ICMP","98","Echo (ping) reply    id=0x0e04, seq=64/16384, ttl=64 (request in 127)"
"129","58.368097380","10.0.0.1","10.0.0.3","ICMP","98","Echo (ping) request  id=0x0e04, seq=65/16640, ttl=64 (reply in 130)"
"130","58.368135807","10.0.0.3","10.0.0.1","ICMP","98","Echo (ping) reply    id=0x0e04, seq=65/16640, ttl=64 (request in 129)"
"131","59.392027947","10.0.0.1","10.0.0.3","ICMP","98","Echo (ping) request  id=0x0e04, seq=66/16896, ttl=64 (reply in 132)"
"132","59.392085286","10.0.0.3","10.0.0.1","ICMP","98","Echo (ping) reply    id=0x0e04, seq=66/16896, ttl=64 (request in 131)"
"133","60.416051296","10.0.0.1","10.0.0.3","ICMP","98","Echo (ping) request  id=0x0e04, seq=67/17152, ttl=64 (reply in 134)"
"134","60.416090275","10.0.0.3","10.0.0.1","ICMP","98","Echo (ping) reply    id=0x0e04, seq=67/17152, ttl=64 (request in 133)"
"135","61.440284247","10.0.0.1","10.0.0.3","ICMP","98","Echo (ping) request  id=0x0e04, seq=68/17408, ttl=64 (reply in 136)"
"136","61.440322915","10.0.0.3","10.0.0.1","ICMP","98","Echo (ping) reply    id=0x0e04, seq=68/17408, ttl=64 (request in 135)"
"137","62.464025241","10.0.0.1","10.0.0.3","ICMP","98","Echo (ping) request  id=0x0e04, seq=69/17664, ttl=64 (reply in 138)"
"138","62.464063109","10.0.0.3","10.0.0.1","ICMP","98","Echo (ping) reply    id=0x0e04, seq=69/17664, ttl=64 (request in 137)"
"139","63.487920143","10.0.0.1","10.0.0.3","ICMP","98","Echo (ping) request  id=0x0e04, seq=70/17920, ttl=64 (reply in 140)"
"140","63.487956777","10.0.0.3","10.0.0.1","ICMP","98","Echo (ping) reply    id=0x0e04, seq=70/17920, ttl=64 (request in 139)"
"141","64.512106590","10.0.0.1","10.0.0.3","ICMP","98","Echo (ping) request  id=0x0e04, seq=71/18176, ttl=64 (reply in 142)"
"142","64.512142728","10.0.0.3","10.0.0.1","ICMP","98","Echo (ping) reply    id=0x0e04, seq=71/18176, ttl=64 (request in 141)"
"143","65.536612661","10.0.0.1","10.0.0.3","ICMP","98","Echo (ping) request  id=0x0e04, seq=72/18432, ttl=64 (reply in 144)"
"144","65.536721173","10.0.0.3","10.0.0.1","ICMP","98","Echo (ping) reply    id=0x0e04, seq=72/18432, ttl=64 (request in 143)"
"145","66.560382756","10.0.0.1","10.0.0.3","ICMP","98","Echo (ping) request  id=0x0e04, seq=73/18688, ttl=64 (reply in 146)"
"146","66.560417397","10.0.0.3","10.0.0.1","ICMP","98","Echo (ping) reply    id=0x0e04, seq=73/18688, ttl=64 (request in 145)"
"147","67.584817352","10.0.0.1","10.0.0.3","ICMP","98","Echo (ping) request  id=0x0e04, seq=74/18944, ttl=64 (reply in 148)"
"148","67.584857702","10.0.0.3","10.0.0.1","ICMP","98","Echo (ping) reply    id=0x0e04, seq=74/18944, ttl=64 (request in 147)"
"149","68.608252606","10.0.0.1","10.0.0.3","ICMP","98","Echo (ping) request  id=0x0e04, seq=75/19200, ttl=64 (reply in 150)"
"150","68.608291806","10.0.0.3","10.0.0.1","ICMP","98","Echo (ping) reply    id=0x0e04, seq=75/19200, ttl=64 (request in 149)"
"151","69.631998232","10.0.0.1","10.0.0.3","ICMP","98","Echo (ping) request  id=0x0e04, seq=76/19456, ttl=64 (reply in 152)"
"152","69.632033987","10.0.0.3","10.0.0.1","ICMP","98","Echo (ping) reply    id=0x0e04, seq=76/19456, ttl=64 (request in 151)"
"153","70.655956585","10.0.0.1","10.0.0.3","ICMP","98","Echo (ping) request  id=0x0e04, seq=77/19712, ttl=64 (reply in 154)"
"154","70.655992854","10.0.0.3","10.0.0.1","ICMP","98","Echo (ping) reply    id=0x0e04, seq=77/19712, ttl=64 (request in 153)"
"155","71.680219603","10.0.0.1","10.0.0.3","ICMP","98","Echo (ping) request  id=0x0e04, seq=78/19968, ttl=64 (reply in 156)"
"156","71.680258562","10.0.0.3","10.0.0.1","ICMP","98","Echo (ping) reply    id=0x0e04, seq=78/19968, ttl=64 (request in 155)"
"157","72.704536315","10.0.0.1","10.0.0.3","ICMP","98","Echo (ping) request  id=0x0e04, seq=79/20224, ttl=64 (reply in 158)"
"158","72.704587153","10.0.0.3","10.0.0.1","ICMP","98","Echo (ping) reply    id=0x0e04, seq=79/20224, ttl=64 (request in 157)"
"159","73.728021467","10.0.0.1","10.0.0.3","ICMP","98","Echo (ping) request  id=0x0e04, seq=80/20480, ttl=64 (reply in 160)"
"160","73.728054169","10.0.0.3","10.0.0.1","ICMP","98","Echo (ping) reply    id=0x0e04, seq=80/20480, ttl=64 (request in 159)"
"161","74.752345328","10.0.0.1","10.0.0.3","ICMP","98","Echo (ping) request  id=0x0e04, seq=81/20736, ttl=64 (reply in 162)"
"162","74.752394209","10.0.0.3","10.0.0.1","ICMP","98","Echo (ping) reply    id=0x0e04, seq=81/20736, ttl=64 (request in 161)"
"163","75.233288065","fe80::dc8d:88ff:fe78:994","ff02::2","ICMPv6","70","Router Solicitation from de:8d:88:78:09:94"
"164","75.233864982","fe80::8806:dcff:fe79:ee26","ff02::2","ICMPv6","70","Router Solicitation from 8a:06:dc:79:ee:26"
"165","75.775987492","10.0.0.1","10.0.0.3","ICMP","98","Echo (ping) request  id=0x0e04, seq=82/20992, ttl=64 (reply in 166)"
"166","75.776017513","10.0.0.3","10.0.0.1","ICMP","98","Echo (ping) reply    id=0x0e04, seq=82/20992, ttl=64 (request in 165)"
"167","76.800132719","10.0.0.1","10.0.0.3","ICMP","98","Echo (ping) request  id=0x0e04, seq=83/21248, ttl=64 (reply in 168)"
"168","76.800170741","10.0.0.3","10.0.0.1","ICMP","98","Echo (ping) reply    id=0x0e04, seq=83/21248, ttl=64 (request in 167)"
"169","77.824255774","10.0.0.1","10.0.0.3","ICMP","98","Echo (ping) request  id=0x0e04, seq=84/21504, ttl=64 (reply in 170)"
"170","77.824299634","10.0.0.3","10.0.0.1","ICMP","98","Echo (ping) reply    id=0x0e04, seq=84/21504, ttl=64 (request in 169)"
"171","78.848712718","10.0.0.1","10.0.0.3","ICMP","98","Echo (ping) request  id=0x0e04, seq=85/21760, ttl=64 (reply in 172)"
"172","78.848756745","10.0.0.3","10.0.0.1","ICMP","98","Echo (ping) reply    id=0x0e04, seq=85/21760, ttl=64 (request in 171)"
"173","79.872136242","10.0.0.1","10.0.0.3","ICMP","98","Echo (ping) request  id=0x0e04, seq=86/22016, ttl=64 (reply in 174)"
"174","79.872202344","10.0.0.3","10.0.0.1","ICMP","98","Echo (ping) reply    id=0x0e04, seq=86/22016, ttl=64 (request in 173)"
"175","80.895972471","10.0.0.1","10.0.0.3","ICMP","98","Echo (ping) request  id=0x0e04, seq=87/22272, ttl=64 (reply in 176)"
"176","80.896015498","10.0.0.3","10.0.0.1","ICMP","98","Echo (ping) reply    id=0x0e04, seq=87/22272, ttl=64 (request in 175)"
"177","81.924775370","10.0.0.1","10.0.0.3","ICMP","98","Echo (ping) request  id=0x0e04, seq=88/22528, ttl=64 (reply in 178)"
"178","81.924903825","10.0.0.3","10.0.0.1","ICMP","98","Echo (ping) reply    id=0x0e04, seq=88/22528, ttl=64 (request in 177)"
"179","82.944202492","10.0.0.1","10.0.0.3","ICMP","98","Echo (ping) request  id=0x0e04, seq=89/22784, ttl=64 (reply in 180)"
"180","82.944230498","10.0.0.3","10.0.0.1","ICMP","98","Echo (ping) reply    id=0x0e04, seq=89/22784, ttl=64 (request in 179)"
"181","83.424194210","fe80::7001:5aff:fe62:436b","ff02::2","ICMPv6","70","Router Solicitation from 72:01:5a:62:43:6b"
"182","83.424773701","fe80::c8f3:aaff:fe32:d4a7","ff02::2","ICMPv6","70","Router Solicitation from ca:f3:aa:32:d4:a7"
"183","83.787061724","fe80::8cfa:15ff:fe86:1eae","ff02::fb","MDNS","107","Standard query 0x0000 PTR _ipps._tcp.local, ""QM"" question PTR _ipp._tcp.local, ""QM"" question"
"184","83.968194921","10.0.0.1","10.0.0.3","ICMP","98","Echo (ping) request  id=0x0e04, seq=90/23040, ttl=64 (reply in 185)"
"185","83.968254245","10.0.0.3","10.0.0.1","ICMP","98","Echo (ping) reply    id=0x0e04, seq=90/23040, ttl=64 (request in 184)"
"186","84.960486065","3a:60:c9:9a:b4:df","72:01:5a:62:43:6b","ARP","42","Who has 10.0.0.1? Tell 10.0.0.3"
"187","84.960500802","72:01:5a:62:43:6b","3a:60:c9:9a:b4:df","ARP","42","10.0.0.1 is at 72:01:5a:62:43:6b"
"188","84.992191932","10.0.0.1","10.0.0.3","ICMP","98","Echo (ping) request  id=0x0e04, seq=91/23296, ttl=64 (reply in 189)"
"189","84.992222370","10.0.0.3","10.0.0.1","ICMP","98","Echo (ping) reply    id=0x0e04, seq=91/23296, ttl=64 (request in 188)"
"190","85.472765757","fe80::9425:cff:fe53:f475","ff02::2","ICMPv6","70","Router Solicitation from 96:25:0c:53:f4:75"
"191","85.472981945","fe80::f8d6:ddff:fe35:9711","ff02::2","ICMPv6","70","Router Solicitation from fa:d6:dd:35:97:11"
"192","86.016038409","10.0.0.1","10.0.0.3","ICMP","98","Echo (ping) request  id=0x0e04, seq=92/23552, ttl=64 (reply in 193)"
"193","86.016067545","10.0.0.3","10.0.0.1","ICMP","98","Echo (ping) reply    id=0x0e04, seq=92/23552, ttl=64 (request in 192)"
"194","87.040164703","10.0.0.1","10.0.0.3","ICMP","98","Echo (ping) request  id=0x0e04, seq=93/23808, ttl=64 (reply in 195)"
"195","87.040201882","10.0.0.3","10.0.0.1","ICMP","98","Echo (ping) reply    id=0x0e04, seq=93/23808, ttl=64 (request in 194)"
"196","87.521088041","fe80::d03c:22ff:fe99:8dd1","ff02::2","ICMPv6","70","Router Solicitation from d2:3c:22:99:8d:d1"
"197","87.521149391","fe80::3860:c9ff:fe9a:b4df","ff02::2","ICMPv6","70","Router Solicitation from 3a:60:c9:9a:b4:df"
"198","88.064106988","10.0.0.1","10.0.0.3","ICMP","98","Echo (ping) request  id=0x0e04, seq=94/24064, ttl=64 (reply in 199)"
"199","88.064152405","10.0.0.3","10.0.0.1","ICMP","98","Echo (ping) reply    id=0x0e04, seq=94/24064, ttl=64 (request in 198)"
"200","89.088071764","10.0.0.1","10.0.0.3","ICMP","98","Echo (ping) request  id=0x0e04, seq=95/24320, ttl=64 (reply in 201)"
"201","89.088118758","10.0.0.3","10.0.0.1","ICMP","98","Echo (ping) reply    id=0x0e04, seq=95/24320, ttl=64 (request in 200)"
"202","90.112099761","10.0.0.1","10.0.0.3","ICMP","98","Echo (ping) request  id=0x0e04, seq=96/24576, ttl=64 (reply in 203)"
"203","90.112125496","10.0.0.3","10.0.0.1","ICMP","98","Echo (ping) reply    id=0x0e04, seq=96/24576, ttl=64 (request in 202)"
"204","91.135862856","10.0.0.1","10.0.0.3","ICMP","98","Echo (ping) request  id=0x0e04, seq=97/24832, ttl=64 (reply in 205)"
"205","91.135897002","10.0.0.3","10.0.0.1","ICMP","98","Echo (ping) reply    id=0x0e04, seq=97/24832, ttl=64 (request in 204)"
"206","91.616863108","fe80::802e:1eff:feee:8d4e","ff02::2","ICMPv6","70","Router Solicitation from 82:2e:1e:ee:8d:4e"
"207","91.617105520","fe80::70e9:30ff:fe1f:94d0","ff02::2","ICMPv6","70","Router Solicitation from 72:e9:30:1f:94:d0"
"208","92.160341071","10.0.0.1","10.0.0.3","ICMP","98","Echo (ping) request  id=0x0e04, seq=98/25088, ttl=64 (reply in 209)"
"209","92.160373066","10.0.0.3","10.0.0.1","ICMP","98","Echo (ping) reply    id=0x0e04, seq=98/25088, ttl=64 (request in 208)"
"210","93.199913415","10.0.0.1","10.0.0.3","ICMP","98","Echo (ping) request  id=0x0e04, seq=99/25344, ttl=64 (reply in 211)"
"211","93.199966373","10.0.0.3","10.0.0.1","ICMP","98","Echo (ping) reply    id=0x0e04, seq=99/25344, ttl=64 (request in 210)"
"212","94.207853769","10.0.0.1","10.0.0.3","ICMP","98","Echo (ping) request  id=0x0e04, seq=100/25600, ttl=64 (reply in 213)"
"213","94.207884549","10.0.0.3","10.0.0.1","ICMP","98","Echo (ping) reply    id=0x0e04, seq=100/25600, ttl=64 (request in 212)"
"214","95.232411636","10.0.0.1","10.0.0.3","ICMP","98","Echo (ping) request  id=0x0e04, seq=101/25856, ttl=64 (reply in 215)"
"215","95.232465664","10.0.0.3","10.0.0.1","ICMP","98","Echo (ping) reply    id=0x0e04, seq=101/25856, ttl=64 (request in 214)"
"216","95.712309458","fe80::8cfa:15ff:fe86:1eae","ff02::2","ICMPv6","70","Router Solicitation from 8e:fa:15:86:1e:ae"
"217","96.255845118","10.0.0.1","10.0.0.3","ICMP","98","Echo (ping) request  id=0x0e04, seq=102/26112, ttl=64 (reply in 218)"
"218","96.255876952","10.0.0.3","10.0.0.1","ICMP","98","Echo (ping) reply    id=0x0e04, seq=102/26112, ttl=64 (request in 217)"
"219","97.280979182","10.0.0.1","10.0.0.3","ICMP","98","Echo (ping) request  id=0x0e04, seq=103/26368, ttl=64 (reply in 220)"
"220","97.281010255","10.0.0.3","10.0.0.1","ICMP","98","Echo (ping) reply    id=0x0e04, seq=103/26368, ttl=64 (request in 219)"
"221","98.303932805","10.0.0.1","10.0.0.3","ICMP","98","Echo (ping) request  id=0x0e04, seq=104/26624, ttl=64 (reply in 222)"
"222","98.303959291","10.0.0.3","10.0.0.1","ICMP","98","Echo (ping) reply    id=0x0e04, seq=104/26624, ttl=64 (request in 221)"
"223","99.328866622","10.0.0.1","10.0.0.3","ICMP","98","Echo (ping) request  id=0x0e04, seq=105/26880, ttl=64 (reply in 224)"
"224","99.329007914","10.0.0.3","10.0.0.1","ICMP","98","Echo (ping) reply    id=0x0e04, seq=105/26880, ttl=64 (request in 223)"
"225","100.351915551","10.0.0.1","10.0.0.3","ICMP","98","Echo (ping) request  id=0x0e04, seq=106/27136, ttl=64 (reply in 226)"
"226","100.351944285","10.0.0.3","10.0.0.1","ICMP","98","Echo (ping) reply    id=0x0e04, seq=106/27136, ttl=64 (request in 225)"
"227","101.376315071","10.0.0.1","10.0.0.3","ICMP","98","Echo (ping) request  id=0x0e04, seq=107/27392, ttl=64 (reply in 228)"
"228","101.376346850","10.0.0.3","10.0.0.1","ICMP","98","Echo (ping) reply    id=0x0e04, seq=107/27392, ttl=64 (request in 227)"
"229","102.400972897","10.0.0.1","10.0.0.3","ICMP","98","Echo (ping) request  id=0x0e04, seq=108/27648, ttl=64 (reply in 230)"
"230","102.400998269","10.0.0.3","10.0.0.1","ICMP","98","Echo (ping) reply    id=0x0e04, seq=108/27648, ttl=64 (request in 229)"
"231","103.423993990","10.0.0.1","10.0.0.3","ICMP","98","Echo (ping) request  id=0x0e04, seq=109/27904, ttl=64 (reply in 232)"
"232","103.424025932","10.0.0.3","10.0.0.1","ICMP","98","Echo (ping) reply    id=0x0e04, seq=109/27904, ttl=64 (request in 231)"
"233","104.448566478","10.0.0.1","10.0.0.3","ICMP","98","Echo (ping) request  id=0x0e04, seq=110/28160, ttl=64 (reply in 234)"
"234","104.448598074","10.0.0.3","10.0.0.1","ICMP","98","Echo (ping) reply    id=0x0e04, seq=110/28160, ttl=64 (request in 233)"
"235","105.471994809","10.0.0.1","10.0.0.3","ICMP","98","Echo (ping) request  id=0x0e04, seq=111/28416, ttl=64 (reply in 236)"
"236","105.472023379","10.0.0.3","10.0.0.1","ICMP","98","Echo (ping) reply    id=0x0e04, seq=111/28416, ttl=64 (request in 235)"
"237","106.496456536","10.0.0.1","10.0.0.3","ICMP","98","Echo (ping) request  id=0x0e04, seq=112/28672, ttl=64 (reply in 238)"
"238","106.496491977","10.0.0.3","10.0.0.1","ICMP","98","Echo (ping) reply    id=0x0e04, seq=112/28672, ttl=64 (request in 237)"
"239","107.519929955","10.0.0.1","10.0.0.3","ICMP","98","Echo (ping) request  id=0x0e04, seq=113/28928, ttl=64 (reply in 240)"
"240","107.519958440","10.0.0.3","10.0.0.1","ICMP","98","Echo (ping) reply    id=0x0e04, seq=113/28928, ttl=64 (request in 239)"
"241","108.544289323","10.0.0.1","10.0.0.3","ICMP","98","Echo (ping) request  id=0x0e04, seq=114/29184, ttl=64 (reply in 242)"
"242","108.544319727","10.0.0.3","10.0.0.1","ICMP","98","Echo (ping) reply    id=0x0e04, seq=114/29184, ttl=64 (request in 241)"
"243","109.568050352","10.0.0.1","10.0.0.3","ICMP","98","Echo (ping) request  id=0x0e04, seq=115/29440, ttl=64 (reply in 244)"
"244","109.568081281","10.0.0.3","10.0.0.1","ICMP","98","Echo (ping) reply    id=0x0e04, seq=115/29440, ttl=64 (request in 243)"
"245","110.592074508","10.0.0.1","10.0.0.3","ICMP","98","Echo (ping) request  id=0x0e04, seq=116/29696, ttl=64 (reply in 246)"
"246","110.592104081","10.0.0.3","10.0.0.1","ICMP","98","Echo (ping) reply    id=0x0e04, seq=116/29696, ttl=64 (request in 245)"
"247","111.616503218","10.0.0.1","10.0.0.3","ICMP","98","Echo (ping) request  id=0x0e04, seq=117/29952, ttl=64 (reply in 248)"
"248","111.616562602","10.0.0.3","10.0.0.1","ICMP","98","Echo (ping) reply    id=0x0e04, seq=117/29952, ttl=64 (request in 247)"
"249","112.639978143","10.0.0.1","10.0.0.3","ICMP","98","Echo (ping) request  id=0x0e04, seq=118/30208, ttl=64 (reply in 250)"
"250","112.640002821","10.0.0.3","10.0.0.1","ICMP","98","Echo (ping) reply    id=0x0e04, seq=118/30208, ttl=64 (request in 249)"
"251","113.664080492","10.0.0.1","10.0.0.3","ICMP","98","Echo (ping) request  id=0x0e04, seq=119/30464, ttl=64 (reply in 252)"
"252","113.664107853","10.0.0.3","10.0.0.1","ICMP","98","Echo (ping) reply    id=0x0e04, seq=119/30464, ttl=64 (request in 251)"
"253","114.687991576","10.0.0.1","10.0.0.3","ICMP","98","Echo (ping) request  id=0x0e04, seq=120/30720, ttl=64 (reply in 254)"
"254","114.688020446","10.0.0.3","10.0.0.1","ICMP","98","Echo (ping) reply    id=0x0e04, seq=120/30720, ttl=64 (request in 253)"
"255","115.712281596","10.0.0.1","10.0.0.3","ICMP","98","Echo (ping) request  id=0x0e04, seq=121/30976, ttl=64 (reply in 256)"
"256","115.712325734","10.0.0.3","10.0.0.1","ICMP","98","Echo (ping) reply    id=0x0e04, seq=121/30976, ttl=64 (request in 255)"
"257","116.735977529","10.0.0.1","10.0.0.3","ICMP","98","Echo (ping) request  id=0x0e04, seq=122/31232, ttl=64 (reply in 258)"
"258","116.736018995","10.0.0.3","10.0.0.1","ICMP","98","Echo (ping) reply    id=0x0e04, seq=122/31232, ttl=64 (request in 257)"
"259","117.760068391","10.0.0.1","10.0.0.3","ICMP","98","Echo (ping) request  id=0x0e04, seq=123/31488, ttl=64 (reply in 260)"
"260","117.760100464","10.0.0.3","10.0.0.1","ICMP","98","Echo (ping) reply    id=0x0e04, seq=123/31488, ttl=64 (request in 259)"
"261","118.784889608","10.0.0.1","10.0.0.3","ICMP","98","Echo (ping) request  id=0x0e04, seq=124/31744, ttl=64 (reply in 262)"
"262","118.784915505","10.0.0.3","10.0.0.1","ICMP","98","Echo (ping) reply    id=0x0e04, seq=124/31744, ttl=64 (request in 261)"
"263","119.808036170","10.0.0.1","10.0.0.3","ICMP","98","Echo (ping) request  id=0x0e04, seq=125/32000, ttl=64 (reply in 264)"
"264","119.808063280","10.0.0.3","10.0.0.1","ICMP","98","Echo (ping) reply    id=0x0e04, seq=125/32000, ttl=64 (request in 263)"
"265","120.832369406","10.0.0.1","10.0.0.3","ICMP","98","Echo (ping) request  id=0x0e04, seq=126/32256, ttl=64 (reply in 266)"
"266","120.832398426","10.0.0.3","10.0.0.1","ICMP","98","Echo (ping) reply    id=0x0e04, seq=126/32256, ttl=64 (request in 265)"
"267","121.856126137","10.0.0.1","10.0.0.3","ICMP","98","Echo (ping) request  id=0x0e04, seq=127/32512, ttl=64 (reply in 268)"
"268","121.856158849","10.0.0.3","10.0.0.1","ICMP","98","Echo (ping) reply    id=0x0e04, seq=127/32512, ttl=64 (request in 267)"
"269","122.880804901","10.0.0.1","10.0.0.3","ICMP","98","Echo (ping) request  id=0x0e04, seq=128/32768, ttl=64 (reply in 270)"
"270","122.880863672","10.0.0.3","10.0.0.1","ICMP","98","Echo (ping) reply    id=0x0e04, seq=128/32768, ttl=64 (request in 269)"
"271","123.904362655","10.0.0.1","10.0.0.3","ICMP","98","Echo (ping) request  id=0x0e04, seq=129/33024, ttl=64 (reply in 272)"
"272","123.904500959","10.0.0.3","10.0.0.1","ICMP","98","Echo (ping) reply    id=0x0e04, seq=129/33024, ttl=64 (request in 271)"
"273","124.928486996","10.0.0.1","10.0.0.3","ICMP","98","Echo (ping) request  id=0x0e04, seq=130/33280, ttl=64 (reply in 274)"
"274","124.928615852","10.0.0.3","10.0.0.1","ICMP","98","Echo (ping) reply    id=0x0e04, seq=130/33280, ttl=64 (request in 273)"
"275","125.952404433","10.0.0.1","10.0.0.3","ICMP","98","Echo (ping) request  id=0x0e04, seq=131/33536, ttl=64 (reply in 276)"
"276","125.952437063","10.0.0.3","10.0.0.1","ICMP","98","Echo (ping) reply    id=0x0e04, seq=131/33536, ttl=64 (request in 275)"
"277","126.976255671","10.0.0.1","10.0.0.3","ICMP","98","Echo (ping) request  id=0x0e04, seq=132/33792, ttl=64 (reply in 278)"
"278","126.976298343","10.0.0.3","10.0.0.1","ICMP","98","Echo (ping) reply    id=0x0e04, seq=132/33792, ttl=64 (request in 277)"
"279","127.968371836","3a:60:c9:9a:b4:df","72:01:5a:62:43:6b","ARP","42","Who has 10.0.0.1? Tell 10.0.0.3"
"280","127.968387023","72:01:5a:62:43:6b","3a:60:c9:9a:b4:df","ARP","42","10.0.0.1 is at 72:01:5a:62:43:6b"
"281","128.000270433","10.0.0.1","10.0.0.3","ICMP","98","Echo (ping) request  id=0x0e04, seq=133/34048, ttl=64 (reply in 282)"
"282","128.000299480","10.0.0.3","10.0.0.1","ICMP","98","Echo (ping) reply    id=0x0e04, seq=133/34048, ttl=64 (request in 281)"
"283","129.024222370","10.0.0.1","10.0.0.3","ICMP","98","Echo (ping) request  id=0x0e04, seq=134/34304, ttl=64 (reply in 284)"
"284","129.024254210","10.0.0.3","10.0.0.1","ICMP","98","Echo (ping) reply    id=0x0e04, seq=134/34304, ttl=64 (request in 283)"
"285","130.048351133","10.0.0.1","10.0.0.3","ICMP","98","Echo (ping) request  id=0x0e04, seq=135/34560, ttl=64 (reply in 286)"
"286","130.048380643","10.0.0.3","10.0.0.1","ICMP","98","Echo (ping) reply    id=0x0e04, seq=135/34560, ttl=64 (request in 285)"
"287","131.072544355","10.0.0.1","10.0.0.3","ICMP","98","Echo (ping) request  id=0x0e04, seq=136/34816, ttl=64 (reply in 288)"
"288","131.072586818","10.0.0.3","10.0.0.1","ICMP","98","Echo (ping) reply    id=0x0e04, seq=136/34816, ttl=64 (request in 287)"
"289","132.096069660","10.0.0.1","10.0.0.3","ICMP","98","Echo (ping) request  id=0x0e04, seq=137/35072, ttl=64 (reply in 290)"
"290","132.096098514","10.0.0.3","10.0.0.1","ICMP","98","Echo (ping) reply    id=0x0e04, seq=137/35072, ttl=64 (request in 289)"
"291","133.123957822","10.0.0.1","10.0.0.3","ICMP","98","Echo (ping) request  id=0x0e04, seq=138/35328, ttl=64 (reply in 292)"
"292","133.123991245","10.0.0.3","10.0.0.1","ICMP","98","Echo (ping) reply    id=0x0e04, seq=138/35328, ttl=64 (request in 291)"
"293","134.143981836","10.0.0.1","10.0.0.3","ICMP","98","Echo (ping) request  id=0x0e04, seq=139/35584, ttl=64 (reply in 294)"
"294","134.144027017","10.0.0.3","10.0.0.1","ICMP","98","Echo (ping) reply    id=0x0e04, seq=139/35584, ttl=64 (request in 293)"
"295","135.168012919","10.0.0.1","10.0.0.3","ICMP","98","Echo (ping) request  id=0x0e04, seq=140/35840, ttl=64 (reply in 296)"
"296","135.168040702","10.0.0.3","10.0.0.1","ICMP","98","Echo (ping) reply    id=0x0e04, seq=140/35840, ttl=64 (request in 295)"
"297","136.192076079","10.0.0.1","10.0.0.3","ICMP","98","Echo (ping) request  id=0x0e04, seq=141/36096, ttl=64 (reply in 298)"
"298","136.192107845","10.0.0.3","10.0.0.1","ICMP","98","Echo (ping) reply    id=0x0e04, seq=141/36096, ttl=64 (request in 297)"
"299","137.215906252","10.0.0.1","10.0.0.3","ICMP","98","Echo (ping) request  id=0x0e04, seq=142/36352, ttl=64 (reply in 300)"
"300","137.215950205","10.0.0.3","10.0.0.1","ICMP","98","Echo (ping) reply    id=0x0e04, seq=142/36352, ttl=64 (request in 299)"
"301","138.240580507","10.0.0.1","10.0.0.3","ICMP","98","Echo (ping) request  id=0x0e04, seq=143/36608, ttl=64 (reply in 302)"
"302","138.240609915","10.0.0.3","10.0.0.1","ICMP","98","Echo (ping) reply    id=0x0e04, seq=143/36608, ttl=64 (request in 301)"
"303","139.264259805","10.0.0.1","10.0.0.3","ICMP","98","Echo (ping) request  id=0x0e04, seq=144/36864, ttl=64 (reply in 304)"
"304","139.264286386","10.0.0.3","10.0.0.1","ICMP","98","Echo (ping) reply    id=0x0e04, seq=144/36864, ttl=64 (request in 303)"
"305","140.288350145","10.0.0.1","10.0.0.3","ICMP","98","Echo (ping) request  id=0x0e04, seq=145/37120, ttl=64 (reply in 306)"
"306","140.288378523","10.0.0.3","10.0.0.1","ICMP","98","Echo (ping) reply    id=0x0e04, seq=145/37120, ttl=64 (request in 305)"
"307","141.311909501","10.0.0.1","10.0.0.3","ICMP","98","Echo (ping) request  id=0x0e04, seq=146/37376, ttl=64 (reply in 308)"
"308","141.311935571","10.0.0.3","10.0.0.1","ICMP","98","Echo (ping) reply    id=0x0e04, seq=146/37376, ttl=64 (request in 307)"
"309","142.336346339","10.0.0.1","10.0.0.3","ICMP","98","Echo (ping) request  id=0x0e04, seq=147/37632, ttl=64 (reply in 310)"
"310","142.336380108","10.0.0.3","10.0.0.1","ICMP","98","Echo (ping) reply    id=0x0e04, seq=147/37632, ttl=64 (request in 309)"
"311","143.359947971","10.0.0.1","10.0.0.3","ICMP","98","Echo (ping) request  id=0x0e04, seq=148/37888, ttl=64 (reply in 312)"
"312","143.359983503","10.0.0.3","10.0.0.1","ICMP","98","Echo (ping) reply    id=0x0e04, seq=148/37888, ttl=64 (request in 311)"
"313","144.384635631","10.0.0.1","10.0.0.3","ICMP","98","Echo (ping) request  id=0x0e04, seq=149/38144, ttl=64 (reply in 314)"
"314","144.384741763","10.0.0.3","10.0.0.1","ICMP","98","Echo (ping) reply    id=0x0e04, seq=149/38144, ttl=64 (request in 313)"
"315","145.408141886","10.0.0.1","10.0.0.3","ICMP","98","Echo (ping) request  id=0x0e04, seq=150/38400, ttl=64 (reply in 316)"
"316","145.408168584","10.0.0.3","10.0.0.1","ICMP","98","Echo (ping) reply    id=0x0e04, seq=150/38400, ttl=64 (request in 315)"
"317","146.432263850","10.0.0.1","10.0.0.3","ICMP","98","Echo (ping) request  id=0x0e04, seq=151/38656, ttl=64 (reply in 318)"
"318","146.432295822","10.0.0.3","10.0.0.1","ICMP","98","Echo (ping) reply    id=0x0e04, seq=151/38656, ttl=64 (request in 317)"
"319","147.456132211","10.0.0.1","10.0.0.3","ICMP","98","Echo (ping) request  id=0x0e04, seq=152/38912, ttl=64 (reply in 320)"
"320","147.456160955","10.0.0.3","10.0.0.1","ICMP","98","Echo (ping) reply    id=0x0e04, seq=152/38912, ttl=64 (request in 319)"
"321","148.480269960","10.0.0.1","10.0.0.3","ICMP","98","Echo (ping) request  id=0x0e04, seq=153/39168, ttl=64 (reply in 322)"
"322","148.480297470","10.0.0.3","10.0.0.1","ICMP","98","Echo (ping) reply    id=0x0e04, seq=153/39168, ttl=64 (request in 321)"
"323","149.504247898","10.0.0.1","10.0.0.3","ICMP","98","Echo (ping) request  id=0x0e04, seq=154/39424, ttl=64 (reply in 324)"
"324","149.504278858","10.0.0.3","10.0.0.1","ICMP","98","Echo (ping) reply    id=0x0e04, seq=154/39424, ttl=64 (request in 323)"
"325","150.528018527","10.0.0.1","10.0.0.3","ICMP","98","Echo (ping) request  id=0x0e04, seq=155/39680, ttl=64 (reply in 326)"
"326","150.528045236","10.0.0.3","10.0.0.1","ICMP","98","Echo (ping) reply    id=0x0e04, seq=155/39680, ttl=64 (request in 325)"
"327","151.551934060","10.0.0.1","10.0.0.3","ICMP","98","Echo (ping) request  id=0x0e04, seq=156/39936, ttl=64 (reply in 328)"
"328","151.551960067","10.0.0.3","10.0.0.1","ICMP","98","Echo (ping) reply    id=0x0e04, seq=156/39936, ttl=64 (request in 327)"
"329","152.576149886","10.0.0.1","10.0.0.3","ICMP","98","Echo (ping) request  id=0x0e04, seq=157/40192, ttl=64 (reply in 330)"
"330","152.576175620","10.0.0.3","10.0.0.1","ICMP","98","Echo (ping) reply    id=0x0e04, seq=157/40192, ttl=64 (request in 329)"
"331","153.600344973","10.0.0.1","10.0.0.3","ICMP","98","Echo (ping) request  id=0x0e04, seq=158/40448, ttl=64 (reply in 332)"
"332","153.600373626","10.0.0.3","10.0.0.1","ICMP","98","Echo (ping) reply    id=0x0e04, seq=158/40448, ttl=64 (request in 331)"
"333","154.624303186","10.0.0.1","10.0.0.3","ICMP","98","Echo (ping) request  id=0x0e04, seq=159/40704, ttl=64 (reply in 334)"
"334","154.624335385","10.0.0.3","10.0.0.1","ICMP","98","Echo (ping) reply    id=0x0e04, seq=159/40704, ttl=64 (request in 333)"
"335","155.648356952","10.0.0.1","10.0.0.3","ICMP","98","Echo (ping) request  id=0x0e04, seq=160/40960, ttl=64 (reply in 336)"
"336","155.648401199","10.0.0.3","10.0.0.1","ICMP","98","Echo (ping) reply    id=0x0e04, seq=160/40960, ttl=64 (request in 335)"
"337","156.672347288","10.0.0.1","10.0.0.3","ICMP","98","Echo (ping) request  id=0x0e04, seq=161/41216, ttl=64 (reply in 338)"
"338","156.672380554","10.0.0.3","10.0.0.1","ICMP","98","Echo (ping) reply    id=0x0e04, seq=161/41216, ttl=64 (request in 337)"
"339","157.696890273","10.0.0.1","10.0.0.3","ICMP","98","Echo (ping) request  id=0x0e04, seq=162/41472, ttl=64 (reply in 340)"
"340","157.696919241","10.0.0.3","10.0.0.1","ICMP","98","Echo (ping) reply    id=0x0e04, seq=162/41472, ttl=64 (request in 339)"
"341","158.720098546","10.0.0.1","10.0.0.3","ICMP","98","Echo (ping) request  id=0x0e04, seq=163/41728, ttl=64 (reply in 342)"
"342","158.720147312","10.0.0.3","10.0.0.1","ICMP","98","Echo (ping) reply    id=0x0e04, seq=163/41728, ttl=64 (request in 341)"
"343","159.744009778","10.0.0.1","10.0.0.3","ICMP","98","Echo (ping) request  id=0x0e04, seq=164/41984, ttl=64 (reply in 344)"
"344","159.744040006","10.0.0.3","10.0.0.1","ICMP","98","Echo (ping) reply    id=0x0e04, seq=164/41984, ttl=64 (request in 343)"
"345","160.768253991","10.0.0.1","10.0.0.3","ICMP","98","Echo (ping) request  id=0x0e04, seq=165/42240, ttl=64 (reply in 346)"
"346","160.768292522","10.0.0.3","10.0.0.1","ICMP","98","Echo (ping) reply    id=0x0e04, seq=165/42240, ttl=64 (request in 345)"
"347","161.792154443","10.0.0.1","10.0.0.3","ICMP","98","Echo (ping) request  id=0x0e04, seq=166/42496, ttl=64 (reply in 348)"
"348","161.792181870","10.0.0.3","10.0.0.1","ICMP","98","Echo (ping) reply    id=0x0e04, seq=166/42496, ttl=64 (request in 347)"
"349","162.816236683","10.0.0.1","10.0.0.3","ICMP","98","Echo (ping) request  id=0x0e04, seq=167/42752, ttl=64 (reply in 350)"
"350","162.816264054","10.0.0.3","10.0.0.1","ICMP","98","Echo (ping) reply    id=0x0e04, seq=167/42752, ttl=64 (request in 349)"
"351","163.840317821","10.0.0.1","10.0.0.3","ICMP","98","Echo (ping) request  id=0x0e04, seq=168/43008, ttl=64 (reply in 352)"
"352","163.840355654","10.0.0.3","10.0.0.1","ICMP","98","Echo (ping) reply    id=0x0e04, seq=168/43008, ttl=64 (request in 351)"
"353","164.863980784","10.0.0.1","10.0.0.3","ICMP","98","Echo (ping) request  id=0x0e04, seq=169/43264, ttl=64 (reply in 354)"
"354","164.864025375","10.0.0.3","10.0.0.1","ICMP","98","Echo (ping) reply    id=0x0e04, seq=169/43264, ttl=64 (request in 353)"
"355","165.888316245","10.0.0.1","10.0.0.3","ICMP","98","Echo (ping) request  id=0x0e04, seq=170/43520, ttl=64 (reply in 356)"
"356","165.888364092","10.0.0.3","10.0.0.1","ICMP","98","Echo (ping) reply    id=0x0e04, seq=170/43520, ttl=64 (request in 355)"
"357","166.918172527","10.0.0.1","10.0.0.3","ICMP","98","Echo (ping) request  id=0x0e04, seq=171/43776, ttl=64 (reply in 358)"
"358","166.918210411","10.0.0.3","10.0.0.1","ICMP","98","Echo (ping) reply    id=0x0e04, seq=171/43776, ttl=64 (request in 357)"
"359","167.936646848","10.0.0.1","10.0.0.3","ICMP","98","Echo (ping) request  id=0x0e04, seq=172/44032, ttl=64 (reply in 360)"
"360","167.936685332","10.0.0.3","10.0.0.1","ICMP","98","Echo (ping) reply    id=0x0e04, seq=172/44032, ttl=64 (request in 359)"
"361","168.960090383","10.0.0.1","10.0.0.3","ICMP","98","Echo (ping) request  id=0x0e04, seq=173/44288, ttl=64 (reply in 362)"
"362","168.960132879","10.0.0.3","10.0.0.1","ICMP","98","Echo (ping) reply    id=0x0e04, seq=173/44288, ttl=64 (request in 361)"
"363","169.984397268","10.0.0.1","10.0.0.3","ICMP","98","Echo (ping) request  id=0x0e04, seq=174/44544, ttl=64 (reply in 364)"
"364","169.984426730","10.0.0.3","10.0.0.1","ICMP","98","Echo (ping) reply    id=0x0e04, seq=174/44544, ttl=64 (request in 363)"
"365","170.976163535","3a:60:c9:9a:b4:df","72:01:5a:62:43:6b","ARP","42","Who has 10.0.0.1? Tell 10.0.0.3"
"366","170.976176871","72:01:5a:62:43:6b","3a:60:c9:9a:b4:df","ARP","42","10.0.0.1 is at 72:01:5a:62:43:6b"
"367","171.007954211","10.0.0.1","10.0.0.3","ICMP","98","Echo (ping) request  id=0x0e04, seq=175/44800, ttl=64 (reply in 368)"
"368","171.007988604","10.0.0.3","10.0.0.1","ICMP","98","Echo (ping) reply    id=0x0e04, seq=175/44800, ttl=64 (request in 367)"
"369","172.032266649","10.0.0.1","10.0.0.3","ICMP","98","Echo (ping) request  id=0x0e04, seq=176/45056, ttl=64 (reply in 370)"
"370","172.032296302","10.0.0.3","10.0.0.1","ICMP","98","Echo (ping) reply    id=0x0e04, seq=176/45056, ttl=64 (request in 369)"
"371","173.056327559","10.0.0.1","10.0.0.3","ICMP","98","Echo (ping) request  id=0x0e04, seq=177/45312, ttl=64 (reply in 372)"
"372","173.056354378","10.0.0.3","10.0.0.1","ICMP","98","Echo (ping) reply    id=0x0e04, seq=177/45312, ttl=64 (request in 371)"
"373","174.080282210","10.0.0.1","10.0.0.3","ICMP","98","Echo (ping) request  id=0x0e04, seq=178/45568, ttl=64 (reply in 374)"
"374","174.080390927","10.0.0.3","10.0.0.1","ICMP","98","Echo (ping) reply    id=0x0e04, seq=178/45568, ttl=64 (request in 373)"
"375","175.104255843","10.0.0.1","10.0.0.3","ICMP","98","Echo (ping) request  id=0x0e04, seq=179/45824, ttl=64 (reply in 376)"
"376","175.104281762","10.0.0.3","10.0.0.1","ICMP","98","Echo (ping) reply    id=0x0e04, seq=179/45824, ttl=64 (request in 375)"
"377","176.128049937","10.0.0.1","10.0.0.3","ICMP","98","Echo (ping) request  id=0x0e04, seq=180/46080, ttl=64 (reply in 378)"
"378","176.128084101","10.0.0.3","10.0.0.1","ICMP","98","Echo (ping) reply    id=0x0e04, seq=180/46080, ttl=64 (request in 377)"
"379","177.152085260","10.0.0.1","10.0.0.3","ICMP","98","Echo (ping) request  id=0x0e04, seq=181/46336, ttl=64 (reply in 380)"
"380","177.152121874","10.0.0.3","10.0.0.1","ICMP","98","Echo (ping) reply    id=0x0e04, seq=181/46336, ttl=64 (request in 379)"
"381","178.176018902","10.0.0.1","10.0.0.3","ICMP","98","Echo (ping) request  id=0x0e04, seq=182/46592, ttl=64 (reply in 382)"
"382","178.176050905","10.0.0.3","10.0.0.1","ICMP","98","Echo (ping) reply    id=0x0e04, seq=182/46592, ttl=64 (request in 381)"
"383","179.200295493","10.0.0.1","10.0.0.3","ICMP","98","Echo (ping) request  id=0x0e04, seq=183/46848, ttl=64 (reply in 384)"
"384","179.200327457","10.0.0.3","10.0.0.1","ICMP","98","Echo (ping) reply    id=0x0e04, seq=183/46848, ttl=64 (request in 383)"
"385","180.224441946","10.0.0.1","10.0.0.3","ICMP","98","Echo (ping) request  id=0x0e04, seq=184/47104, ttl=64 (reply in 386)"
"386","180.224471541","10.0.0.3","10.0.0.1","ICMP","98","Echo (ping) reply    id=0x0e04, seq=184/47104, ttl=64 (request in 385)"
"387","181.248064985","10.0.0.1","10.0.0.3","ICMP","98","Echo (ping) request  id=0x0e04, seq=185/47360, ttl=64 (reply in 388)"
"388","181.248115193","10.0.0.3","10.0.0.1","ICMP","98","Echo (ping) reply    id=0x0e04, seq=185/47360, ttl=64 (request in 387)"
"389","182.272358746","10.0.0.1","10.0.0.3","ICMP","98","Echo (ping) request  id=0x0e04, seq=186/47616, ttl=64 (reply in 390)"
"390","182.272426256","10.0.0.3","10.0.0.1","ICMP","98","Echo (ping) reply    id=0x0e04, seq=186/47616, ttl=64 (request in 389)"
"391","183.296065575","10.0.0.1","10.0.0.3","ICMP","98","Echo (ping) request  id=0x0e04, seq=187/47872, ttl=64 (reply in 392)"
"392","183.296109974","10.0.0.3","10.0.0.1","ICMP","98","Echo (ping) reply    id=0x0e04, seq=187/47872, ttl=64 (request in 391)"
"393","184.319924325","10.0.0.1","10.0.0.3","ICMP","98","Echo (ping) request  id=0x0e04, seq=188/48128, ttl=64 (reply in 394)"
"394","184.319954250","10.0.0.3","10.0.0.1","ICMP","98","Echo (ping) reply    id=0x0e04, seq=188/48128, ttl=64 (request in 393)"
"395","185.345203092","10.0.0.1","10.0.0.3","ICMP","98","Echo (ping) request  id=0x0e04, seq=189/48384, ttl=64 (reply in 396)"
"396","185.345253494","10.0.0.3","10.0.0.1","ICMP","98","Echo (ping) reply    id=0x0e04, seq=189/48384, ttl=64 (request in 395)"
"397","186.368479482","10.0.0.1","10.0.0.3","ICMP","98","Echo (ping) request  id=0x0e04, seq=190/48640, ttl=64 (reply in 398)"
"398","186.368505656","10.0.0.3","10.0.0.1","ICMP","98","Echo (ping) reply    id=0x0e04, seq=190/48640, ttl=64 (request in 397)"
"399","187.396282060","10.0.0.1","10.0.0.3","ICMP","98","Echo (ping) request  id=0x0e04, seq=191/48896, ttl=64 (reply in 400)"
"400","187.396344163","10.0.0.3","10.0.0.1","ICMP","98","Echo (ping) reply    id=0x0e04, seq=191/48896, ttl=64 (request in 399)"
"401","188.415899460","10.0.0.1","10.0.0.3","ICMP","98","Echo (ping) request  id=0x0e04, seq=192/49152, ttl=64 (reply in 402)"
"402","188.415928744","10.0.0.3","10.0.0.1","ICMP","98","Echo (ping) reply    id=0x0e04, seq=192/49152, ttl=64 (request in 401)"
"403","189.439980133","10.0.0.1","10.0.0.3","ICMP","98","Echo (ping) request  id=0x0e04, seq=193/49408, ttl=64 (reply in 404)"
"404","189.440005528","10.0.0.3","10.0.0.1","ICMP","98","Echo (ping) reply    id=0x0e04, seq=193/49408, ttl=64 (request in 403)"
"405","190.464310525","10.0.0.1","10.0.0.3","ICMP","98","Echo (ping) request  id=0x0e04, seq=194/49664, ttl=64 (reply in 406)"
"406","190.464338898","10.0.0.3","10.0.0.1","ICMP","98","Echo (ping) reply    id=0x0e04, seq=194/49664, ttl=64 (request in 405)"
"407","191.488032827","10.0.0.1","10.0.0.3","ICMP","98","Echo (ping) request  id=0x0e04, seq=195/49920, ttl=64 (reply in 408)"
"408","191.488059120","10.0.0.3","10.0.0.1","ICMP","98","Echo (ping) reply    id=0x0e04, seq=195/49920, ttl=64 (request in 407)"
"409","192.512275007","10.0.0.1","10.0.0.3","ICMP","98","Echo (ping) request  id=0x0e04, seq=196/50176, ttl=64 (reply in 410)"
"410","192.512327386","10.0.0.3","10.0.0.1","ICMP","98","Echo (ping) reply    id=0x0e04, seq=196/50176, ttl=64 (request in 409)"
"411","193.535983122","10.0.0.1","10.0.0.3","ICMP","98","Echo (ping) request  id=0x0e04, seq=197/50432, ttl=64 (reply in 412)"
"412","193.536010094","10.0.0.3","10.0.0.1","ICMP","98","Echo (ping) reply    id=0x0e04, seq=197/50432, ttl=64 (request in 411)"
"413","194.016978351","fe80::dc8d:88ff:fe78:994","ff02::2","ICMPv6","70","Router Solicitation from de:8d:88:78:09:94"
"414","194.560025054","10.0.0.1","10.0.0.3","ICMP","98","Echo (ping) request  id=0x0e04, seq=198/50688, ttl=64 (reply in 415)"
"415","194.560071630","10.0.0.3","10.0.0.1","ICMP","98","Echo (ping) reply    id=0x0e04, seq=198/50688, ttl=64 (request in 414)"
"416","195.584123580","10.0.0.1","10.0.0.3","ICMP","98","Echo (ping) request  id=0x0e04, seq=199/50944, ttl=64 (reply in 417)"
"417","195.584163563","10.0.0.3","10.0.0.1","ICMP","98","Echo (ping) reply    id=0x0e04, seq=199/50944, ttl=64 (request in 416)"
"418","196.064757873","fe80::8806:dcff:fe79:ee26","ff02::2","ICMPv6","70","Router Solicitation from 8a:06:dc:79:ee:26"
"419","196.608579013","10.0.0.1","10.0.0.3","ICMP","98","Echo (ping) request  id=0x0e04, seq=200/51200, ttl=64 (reply in 420)"
"420","196.608653973","10.0.0.3","10.0.0.1","ICMP","98","Echo (ping) reply    id=0x0e04, seq=200/51200, ttl=64 (request in 419)"
"421","197.632290171","10.0.0.1","10.0.0.3","ICMP","98","Echo (ping) request  id=0x0e04, seq=201/51456, ttl=64 (reply in 422)"
"422","197.632319715","10.0.0.3","10.0.0.1","ICMP","98","Echo (ping) reply    id=0x0e04, seq=201/51456, ttl=64 (request in 421)"
"423","198.655945028","10.0.0.1","10.0.0.3","ICMP","98","Echo (ping) request  id=0x0e04, seq=202/51712, ttl=64 (reply in 424)"
"424","198.655972792","10.0.0.3","10.0.0.1","ICMP","98","Echo (ping) reply    id=0x0e04, seq=202/51712, ttl=64 (request in 423)"
"425","199.679997368","10.0.0.1","10.0.0.3","ICMP","98","Echo (ping) request  id=0x0e04, seq=203/51968, ttl=64 (reply in 426)"
"426","199.680092706","10.0.0.3","10.0.0.1","ICMP","98","Echo (ping) reply    id=0x0e04, seq=203/51968, ttl=64 (request in 425)"
"427","200.704037709","10.0.0.1","10.0.0.3","ICMP","98","Echo (ping) request  id=0x0e04, seq=204/52224, ttl=64 (reply in 428)"
"428","200.704129260","10.0.0.3","10.0.0.1","ICMP","98","Echo (ping) reply    id=0x0e04, seq=204/52224, ttl=64 (request in 427)"
"429","201.727856177","10.0.0.1","10.0.0.3","ICMP","98","Echo (ping) request  id=0x0e04, seq=205/52480, ttl=64 (reply in 430)"
"430","201.727889149","10.0.0.3","10.0.0.1","ICMP","98","Echo (ping) reply    id=0x0e04, seq=205/52480, ttl=64 (request in 429)"
"431","202.751849089","10.0.0.1","10.0.0.3","ICMP","98","Echo (ping) request  id=0x0e04, seq=206/52736, ttl=64 (reply in 432)"
"432","202.753003303","10.0.0.3","10.0.0.1","ICMP","98","Echo (ping) reply    id=0x0e04, seq=206/52736, ttl=64 (request in 431)"
"433","203.753237491","10.0.0.1","10.0.0.3","ICMP","98","Echo (ping) request  id=0x0e04, seq=207/52992, ttl=64 (reply in 434)"
"434","203.753263786","10.0.0.3","10.0.0.1","ICMP","98","Echo (ping) reply    id=0x0e04, seq=207/52992, ttl=64 (request in 433)"
"435","204.767894998","10.0.0.1","10.0.0.3","ICMP","98","Echo (ping) request  id=0x0e04, seq=208/53248, ttl=64 (reply in 436)"
"436","204.767922621","10.0.0.3","10.0.0.1","ICMP","98","Echo (ping) reply    id=0x0e04, seq=208/53248, ttl=64 (request in 435)"
"437","205.792013495","10.0.0.1","10.0.0.3","ICMP","98","Echo (ping) request  id=0x0e04, seq=209/53504, ttl=64 (reply in 438)"
"438","205.792073741","10.0.0.3","10.0.0.1","ICMP","98","Echo (ping) reply    id=0x0e04, seq=209/53504, ttl=64 (request in 437)"
"439","206.304920598","fe80::c8f3:aaff:fe32:d4a7","ff02::2","ICMPv6","70","Router Solicitation from ca:f3:aa:32:d4:a7"
"440","206.816275132","10.0.0.1","10.0.0.3","ICMP","98","Echo (ping) request  id=0x0e04, seq=210/53760, ttl=64 (reply in 441)"
"441","206.816336865","10.0.0.3","10.0.0.1","ICMP","98","Echo (ping) reply    id=0x0e04, seq=210/53760, ttl=64 (request in 440)"
"442","207.840368489","10.0.0.1","10.0.0.3","ICMP","98","Echo (ping) request  id=0x0e04, seq=211/54016, ttl=64 (reply in 443)"
"443","207.840425672","10.0.0.3","10.0.0.1","ICMP","98","Echo (ping) reply    id=0x0e04, seq=211/54016, ttl=64 (request in 442)"
"444","208.864080085","10.0.0.1","10.0.0.3","ICMP","98","Echo (ping) request  id=0x0e04, seq=212/54272, ttl=64 (reply in 445)"
"445","208.864134720","10.0.0.3","10.0.0.1","ICMP","98","Echo (ping) reply    id=0x0e04, seq=212/54272, ttl=64 (request in 444)"
"446","209.888002167","10.0.0.1","10.0.0.3","ICMP","98","Echo (ping) request  id=0x0e04, seq=213/54528, ttl=64 (reply in 447)"
"447","209.888048368","10.0.0.3","10.0.0.1","ICMP","98","Echo (ping) reply    id=0x0e04, seq=213/54528, ttl=64 (request in 446)"
"448","210.916112072","10.0.0.1","10.0.0.3","ICMP","98","Echo (ping) request  id=0x0e04, seq=214/54784, ttl=64 (reply in 449)"
"449","210.916242553","10.0.0.3","10.0.0.1","ICMP","98","Echo (ping) reply    id=0x0e04, seq=214/54784, ttl=64 (request in 448)"
"450","211.788509203","fe80::8cfa:15ff:fe86:1eae","ff02::fb","MDNS","107","Standard query 0x0000 PTR _ipps._tcp.local, ""QM"" question PTR _ipp._tcp.local, ""QM"" question"
"451","211.935992990","10.0.0.1","10.0.0.3","ICMP","98","Echo (ping) request  id=0x0e04, seq=215/55040, ttl=64 (reply in 452)"
"452","211.936021935","10.0.0.3","10.0.0.1","ICMP","98","Echo (ping) reply    id=0x0e04, seq=215/55040, ttl=64 (request in 451)"
"453","212.960033987","10.0.0.1","10.0.0.3","ICMP","98","Echo (ping) request  id=0x0e04, seq=216/55296, ttl=64 (reply in 454)"
"454","212.960062328","10.0.0.3","10.0.0.1","ICMP","98","Echo (ping) reply    id=0x0e04, seq=216/55296, ttl=64 (request in 453)"
"455","213.984289829","10.0.0.1","10.0.0.3","ICMP","98","Echo (ping) request  id=0x0e04, seq=217/55552, ttl=64 (reply in 456)"
"456","213.984338245","10.0.0.3","10.0.0.1","ICMP","98","Echo (ping) reply    id=0x0e04, seq=217/55552, ttl=64 (request in 455)"
"457","213.984455598","3a:60:c9:9a:b4:df","72:01:5a:62:43:6b","ARP","42","Who has 10.0.0.1? Tell 10.0.0.3"
"458","213.984459459","72:01:5a:62:43:6b","3a:60:c9:9a:b4:df","ARP","42","10.0.0.1 is at 72:01:5a:62:43:6b"
"459","215.008367931","10.0.0.1","10.0.0.3","ICMP","98","Echo (ping) request  id=0x0e04, seq=218/55808, ttl=64 (reply in 460)"
"460","215.008415085","10.0.0.3","10.0.0.1","ICMP","98","Echo (ping) reply    id=0x0e04, seq=218/55808, ttl=64 (request in 459)"
"461","216.032210800","10.0.0.1","10.0.0.3","ICMP","98","Echo (ping) request  id=0x0e04, seq=219/56064, ttl=64 (reply in 462)"
"462","216.032258996","10.0.0.3","10.0.0.1","ICMP","98","Echo (ping) reply    id=0x0e04, seq=219/56064, ttl=64 (request in 461)"
"463","217.056307120","10.0.0.1","10.0.0.3","ICMP","98","Echo (ping) request  id=0x0e04, seq=220/56320, ttl=64 (reply in 464)"
"464","217.056337683","10.0.0.3","10.0.0.1","ICMP","98","Echo (ping) reply    id=0x0e04, seq=220/56320, ttl=64 (request in 463)"
"465","218.080404923","10.0.0.1","10.0.0.3","ICMP","98","Echo (ping) request  id=0x0e04, seq=221/56576, ttl=64 (reply in 466)"
"466","218.080433317","10.0.0.3","10.0.0.1","ICMP","98","Echo (ping) reply    id=0x0e04, seq=221/56576, ttl=64 (request in 465)"
"467","219.104150264","10.0.0.1","10.0.0.3","ICMP","98","Echo (ping) request  id=0x0e04, seq=222/56832, ttl=64 (reply in 468)"
"468","219.104199053","10.0.0.3","10.0.0.1","ICMP","98","Echo (ping) reply    id=0x0e04, seq=222/56832, ttl=64 (request in 467)"
"469","220.128530166","10.0.0.1","10.0.0.3","ICMP","98","Echo (ping) request  id=0x0e04, seq=223/57088, ttl=64 (reply in 470)"
"470","220.128559277","10.0.0.3","10.0.0.1","ICMP","98","Echo (ping) reply    id=0x0e04, seq=223/57088, ttl=64 (request in 469)"
"471","220.640629624","fe80::f8d6:ddff:fe35:9711","ff02::2","ICMPv6","70","Router Solicitation from fa:d6:dd:35:97:11"
"472","220.640642091","fe80::7001:5aff:fe62:436b","ff02::2","ICMPv6","70","Router Solicitation from 72:01:5a:62:43:6b"
"473","220.641185273","fe80::d03c:22ff:fe99:8dd1","ff02::2","ICMPv6","70","Router Solicitation from d2:3c:22:99:8d:d1"
"474","220.641243093","fe80::9425:cff:fe53:f475","ff02::2","ICMPv6","70","Router Solicitation from 96:25:0c:53:f4:75"
"475","221.151897920","10.0.0.1","10.0.0.3","ICMP","98","Echo (ping) request  id=0x0e04, seq=224/57344, ttl=64 (reply in 476)"
"476","221.151928851","10.0.0.3","10.0.0.1","ICMP","98","Echo (ping) reply    id=0x0e04, seq=224/57344, ttl=64 (request in 475)"
"477","222.176022653","10.0.0.1","10.0.0.3","ICMP","98","Echo (ping) request  id=0x0e04, seq=225/57600, ttl=64 (reply in 478)"
"478","222.176055499","10.0.0.3","10.0.0.1","ICMP","98","Echo (ping) reply    id=0x0e04, seq=225/57600, ttl=64 (request in 477)"
"479","223.200083221","10.0.0.1","10.0.0.3","ICMP","98","Echo (ping) request  id=0x0e04, seq=226/57856, ttl=64 (reply in 480)"
"480","223.200113310","10.0.0.3","10.0.0.1","ICMP","98","Echo (ping) reply    id=0x0e04, seq=226/57856, ttl=64 (request in 479)"
"481","224.224278661","10.0.0.1","10.0.0.3","ICMP","98","Echo (ping) request  id=0x0e04, seq=227/58112, ttl=64 (reply in 482)"
"482","224.224323420","10.0.0.3","10.0.0.1","ICMP","98","Echo (ping) reply    id=0x0e04, seq=227/58112, ttl=64 (request in 481)"
"483","225.248344334","10.0.0.1","10.0.0.3","ICMP","98","Echo (ping) request  id=0x0e04, seq=228/58368, ttl=64 (reply in 484)"
"484","225.248389657","10.0.0.3","10.0.0.1","ICMP","98","Echo (ping) reply    id=0x0e04, seq=228/58368, ttl=64 (request in 483)"
"485","226.272080734","10.0.0.1","10.0.0.3","ICMP","98","Echo (ping) request  id=0x0e04, seq=229/58624, ttl=64 (reply in 486)"
"486","226.272123104","10.0.0.3","10.0.0.1","ICMP","98","Echo (ping) reply    id=0x0e04, seq=229/58624, ttl=64 (request in 485)"
"487","227.296559533","10.0.0.1","10.0.0.3","ICMP","98","Echo (ping) request  id=0x0e04, seq=230/58880, ttl=64 (reply in 488)"
"488","227.296595456","10.0.0.3","10.0.0.1","ICMP","98","Echo (ping) reply    id=0x0e04, seq=230/58880, ttl=64 (request in 487)"
"489","228.320484785","10.0.0.1","10.0.0.3","ICMP","98","Echo (ping) request  id=0x0e04, seq=231/59136, ttl=64 (reply in 490)"
"490","228.320518119","10.0.0.3","10.0.0.1","ICMP","98","Echo (ping) reply    id=0x0e04, seq=231/59136, ttl=64 (request in 489)"
"491","229.344012018","10.0.0.1","10.0.0.3","ICMP","98","Echo (ping) request  id=0x0e04, seq=232/59392, ttl=64 (reply in 492)"
"492","229.344047683","10.0.0.3","10.0.0.1","ICMP","98","Echo (ping) reply    id=0x0e04, seq=232/59392, ttl=64 (request in 491)"
"493","230.368437628","10.0.0.1","10.0.0.3","ICMP","98","Echo (ping) request  id=0x0e04, seq=233/59648, ttl=64 (reply in 494)"
"494","230.368481646","10.0.0.3","10.0.0.1","ICMP","98","Echo (ping) reply    id=0x0e04, seq=233/59648, ttl=64 (request in 493)"
"495","231.392094073","10.0.0.1","10.0.0.3","ICMP","98","Echo (ping) request  id=0x0e04, seq=234/59904, ttl=64 (reply in 496)"
"496","231.392125856","10.0.0.3","10.0.0.1","ICMP","98","Echo (ping) reply    id=0x0e04, seq=234/59904, ttl=64 (request in 495)"
"497","232.416250468","10.0.0.1","10.0.0.3","ICMP","98","Echo (ping) request  id=0x0e04, seq=235/60160, ttl=64 (reply in 498)"
"498","232.416281876","10.0.0.3","10.0.0.1","ICMP","98","Echo (ping) reply    id=0x0e04, seq=235/60160, ttl=64 (request in 497)"
"499","233.440271142","10.0.0.1","10.0.0.3","ICMP","98","Echo (ping) request  id=0x0e04, seq=236/60416, ttl=64 (reply in 500)"
"500","233.440302421","10.0.0.3","10.0.0.1","ICMP","98","Echo (ping) reply    id=0x0e04, seq=236/60416, ttl=64 (request in 499)"
"501","234.464617789","10.0.0.1","10.0.0.3","ICMP","98","Echo (ping) request  id=0x0e04, seq=237/60672, ttl=64 (reply in 502)"
"502","234.464651616","10.0.0.3","10.0.0.1","ICMP","98","Echo (ping) reply    id=0x0e04, seq=237/60672, ttl=64 (request in 501)"
"503","235.488055549","10.0.0.1","10.0.0.3","ICMP","98","Echo (ping) request  id=0x0e04, seq=238/60928, ttl=64 (reply in 504)"
"504","235.488098216","10.0.0.3","10.0.0.1","ICMP","98","Echo (ping) reply    id=0x0e04, seq=238/60928, ttl=64 (request in 503)"
"505","236.512012946","10.0.0.1","10.0.0.3","ICMP","98","Echo (ping) request  id=0x0e04, seq=239/61184, ttl=64 (reply in 506)"
"506","236.512041218","10.0.0.3","10.0.0.1","ICMP","98","Echo (ping) reply    id=0x0e04, seq=239/61184, ttl=64 (request in 505)"
"507","237.026145792","fe80::802e:1eff:feee:8d4e","ff02::2","ICMPv6","70","Router Solicitation from 82:2e:1e:ee:8d:4e"
"508","237.026358738","fe80::70e9:30ff:fe1f:94d0","ff02::2","ICMPv6","70","Router Solicitation from 72:e9:30:1f:94:d0"
"509","237.026394398","fe80::3860:c9ff:fe9a:b4df","ff02::2","ICMPv6","70","Router Solicitation from 3a:60:c9:9a:b4:df"
"510","237.536448683","10.0.0.1","10.0.0.3","ICMP","98","Echo (ping) request  id=0x0e04, seq=240/61440, ttl=64 (reply in 511)"
"511","237.536490281","10.0.0.3","10.0.0.1","ICMP","98","Echo (ping) reply    id=0x0e04, seq=240/61440, ttl=64 (request in 510)"
"512","238.559976122","10.0.0.1","10.0.0.3","ICMP","98","Echo (ping) request  id=0x0e04, seq=241/61696, ttl=64 (reply in 513)"
"513","238.560006763","10.0.0.3","10.0.0.1","ICMP","98","Echo (ping) reply    id=0x0e04, seq=241/61696, ttl=64 (request in 512)"
"514","239.584183464","10.0.0.1","10.0.0.3","ICMP","98","Echo (ping) request  id=0x0e04, seq=242/61952, ttl=64 (reply in 515)"
"515","239.584220737","10.0.0.3","10.0.0.1","ICMP","98","Echo (ping) reply    id=0x0e04, seq=242/61952, ttl=64 (request in 514)"
"516","240.608625390","10.0.0.1","10.0.0.3","ICMP","98","Echo (ping) request  id=0x0e04, seq=243/62208, ttl=64 (reply in 517)"
"517","240.608658869","10.0.0.3","10.0.0.1","ICMP","98","Echo (ping) reply    id=0x0e04, seq=243/62208, ttl=64 (request in 516)"
"518","241.632441737","10.0.0.1","10.0.0.3","ICMP","98","Echo (ping) request  id=0x0e04, seq=244/62464, ttl=64 (reply in 519)"
"519","241.632505204","10.0.0.3","10.0.0.1","ICMP","98","Echo (ping) reply    id=0x0e04, seq=244/62464, ttl=64 (request in 518)"
"520","242.656403142","10.0.0.1","10.0.0.3","ICMP","98","Echo (ping) request  id=0x0e04, seq=245/62720, ttl=64 (reply in 521)"
"521","242.656433836","10.0.0.3","10.0.0.1","ICMP","98","Echo (ping) reply    id=0x0e04, seq=245/62720, ttl=64 (request in 520)"
"522","243.679884754","10.0.0.1","10.0.0.3","ICMP","98","Echo (ping) request  id=0x0e04, seq=246/62976, ttl=64 (reply in 523)"
"523","243.679928498","10.0.0.3","10.0.0.1","ICMP","98","Echo (ping) reply    id=0x0e04, seq=246/62976, ttl=64 (request in 522)"
"524","244.703942495","10.0.0.1","10.0.0.3","ICMP","98","Echo (ping) request  id=0x0e04, seq=247/63232, ttl=64 (reply in 525)"
"525","244.703987146","10.0.0.3","10.0.0.1","ICMP","98","Echo (ping) reply    id=0x0e04, seq=247/63232, ttl=64 (request in 524)"
"526","245.728452426","10.0.0.1","10.0.0.3","ICMP","98","Echo (ping) request  id=0x0e04, seq=248/63488, ttl=64 (reply in 527)"
"527","245.728502225","10.0.0.3","10.0.0.1","ICMP","98","Echo (ping) reply    id=0x0e04, seq=248/63488, ttl=64 (request in 526)"
"528","246.752742910","10.0.0.1","10.0.0.3","ICMP","98","Echo (ping) request  id=0x0e04, seq=249/63744, ttl=64 (reply in 529)"
"529","246.752913960","10.0.0.3","10.0.0.1","ICMP","98","Echo (ping) reply    id=0x0e04, seq=249/63744, ttl=64 (request in 528)"
"530","247.776418756","10.0.0.1","10.0.0.3","ICMP","98","Echo (ping) request  id=0x0e04, seq=250/64000, ttl=64 (reply in 531)"
"531","247.776461043","10.0.0.3","10.0.0.1","ICMP","98","Echo (ping) reply    id=0x0e04, seq=250/64000, ttl=64 (request in 530)"
"532","248.801586001","10.0.0.1","10.0.0.3","ICMP","98","Echo (ping) request  id=0x0e04, seq=251/64256, ttl=64 (reply in 533)"
"533","248.801750490","10.0.0.3","10.0.0.1","ICMP","98","Echo (ping) reply    id=0x0e04, seq=251/64256, ttl=64 (request in 532)"
"534","249.824280755","10.0.0.1","10.0.0.3","ICMP","98","Echo (ping) request  id=0x0e04, seq=252/64512, ttl=64 (reply in 535)"
"535","249.824333448","10.0.0.3","10.0.0.1","ICMP","98","Echo (ping) reply    id=0x0e04, seq=252/64512, ttl=64 (request in 534)"
"536","250.848331561","10.0.0.1","10.0.0.3","ICMP","98","Echo (ping) request  id=0x0e04, seq=253/64768, ttl=64 (reply in 537)"
"537","250.848362892","10.0.0.3","10.0.0.1","ICMP","98","Echo (ping) reply    id=0x0e04, seq=253/64768, ttl=64 (request in 536)"
"538","251.872239230","10.0.0.1","10.0.0.3","ICMP","98","Echo (ping) request  id=0x0e04, seq=254/65024, ttl=64 (reply in 539)"
"539","251.872283038","10.0.0.3","10.0.0.1","ICMP","98","Echo (ping) reply    id=0x0e04, seq=254/65024, ttl=64 (request in 538)"
"540","252.896280075","10.0.0.1","10.0.0.3","ICMP","98","Echo (ping) request  id=0x0e04, seq=255/65280, ttl=64 (reply in 541)"
"541","252.896329964","10.0.0.3","10.0.0.1","ICMP","98","Echo (ping) reply    id=0x0e04, seq=255/65280, ttl=64 (request in 540)"
"542","253.408499529","fe80::8cfa:15ff:fe86:1eae","ff02::2","ICMPv6","70","Router Solicitation from 8e:fa:15:86:1e:ae"
"543","253.919980497","10.0.0.1","10.0.0.3","ICMP","98","Echo (ping) request  id=0x0e04, seq=256/1, ttl=64 (reply in 544)"
"544","253.920054796","10.0.0.3","10.0.0.1","ICMP","98","Echo (ping) reply    id=0x0e04, seq=256/1, ttl=64 (request in 543)"
"545","254.944329637","10.0.0.1","10.0.0.3","ICMP","98","Echo (ping) request  id=0x0e04, seq=257/257, ttl=64 (reply in 546)"
"546","254.944367994","10.0.0.3","10.0.0.1","ICMP","98","Echo (ping) reply    id=0x0e04, seq=257/257, ttl=64 (request in 545)"
"547","255.967929636","10.0.0.1","10.0.0.3","ICMP","98","Echo (ping) request  id=0x0e04, seq=258/513, ttl=64 (reply in 548)"
"548","255.967956845","10.0.0.3","10.0.0.1","ICMP","98","Echo (ping) reply    id=0x0e04, seq=258/513, ttl=64 (request in 547)"
"549","256.991994947","10.0.0.1","10.0.0.3","ICMP","98","Echo (ping) request  id=0x0e04, seq=259/769, ttl=64 (reply in 550)"
"550","256.992063745","10.0.0.3","10.0.0.1","ICMP","98","Echo (ping) reply    id=0x0e04, seq=259/769, ttl=64 (request in 549)"
"551","256.992272328","3a:60:c9:9a:b4:df","72:01:5a:62:43:6b","ARP","42","Who has 10.0.0.1? Tell 10.0.0.3"
"552","256.992278760","72:01:5a:62:43:6b","3a:60:c9:9a:b4:df","ARP","42","10.0.0.1 is at 72:01:5a:62:43:6b"
"553","258.016073940","10.0.0.1","10.0.0.3","ICMP","98","Echo (ping) request  id=0x0e04, seq=260/1025, ttl=64 (reply in 554)"
"554","258.016107775","10.0.0.3","10.0.0.1","ICMP","98","Echo (ping) reply    id=0x0e04, seq=260/1025, ttl=64 (request in 553)"
"555","259.040243613","10.0.0.1","10.0.0.3","ICMP","98","Echo (ping) request  id=0x0e04, seq=261/1281, ttl=64 (reply in 556)"
"556","259.040287995","10.0.0.3","10.0.0.1","ICMP","98","Echo (ping) reply    id=0x0e04, seq=261/1281, ttl=64 (request in 555)"
"557","260.064605841","10.0.0.1","10.0.0.3","ICMP","98","Echo (ping) request  id=0x0e04, seq=262/1537, ttl=64 (reply in 558)"
"558","260.064635866","10.0.0.3","10.0.0.1","ICMP","98","Echo (ping) reply    id=0x0e04, seq=262/1537, ttl=64 (request in 557)"
"559","261.088089177","10.0.0.1","10.0.0.3","ICMP","98","Echo (ping) request  id=0x0e04, seq=263/1793, ttl=64 (reply in 560)"
"560","261.088131303","10.0.0.3","10.0.0.1","ICMP","98","Echo (ping) reply    id=0x0e04, seq=263/1793, ttl=64 (request in 559)"
"561","262.112290533","10.0.0.1","10.0.0.3","ICMP","98","Echo (ping) request  id=0x0e04, seq=264/2049, ttl=64 (reply in 562)"
"562","262.113506341","10.0.0.3","10.0.0.1","ICMP","98","Echo (ping) reply    id=0x0e04, seq=264/2049, ttl=64 (request in 561)"
"563","263.114256937","10.0.0.1","10.0.0.3","ICMP","98","Echo (ping) request  id=0x0e04, seq=265/2305, ttl=64 (reply in 564)"
"564","263.114302267","10.0.0.3","10.0.0.1","ICMP","98","Echo (ping) reply    id=0x0e04, seq=265/2305, ttl=64 (request in 563)"
"565","264.128020149","10.0.0.1","10.0.0.3","ICMP","98","Echo (ping) request  id=0x0e04, seq=266/2561, ttl=64 (reply in 566)"
"566","264.128064798","10.0.0.3","10.0.0.1","ICMP","98","Echo (ping) reply    id=0x0e04, seq=266/2561, ttl=64 (request in 565)"
"567","265.152272351","10.0.0.1","10.0.0.3","ICMP","98","Echo (ping) request  id=0x0e04, seq=267/2817, ttl=64 (reply in 568)"
"568","265.152301308","10.0.0.3","10.0.0.1","ICMP","98","Echo (ping) reply    id=0x0e04, seq=267/2817, ttl=64 (request in 567)"
"569","266.176434256","10.0.0.1","10.0.0.3","ICMP","98","Echo (ping) request  id=0x0e04, seq=268/3073, ttl=64 (reply in 570)"
"570","266.176464169","10.0.0.3","10.0.0.1","ICMP","98","Echo (ping) reply    id=0x0e04, seq=268/3073, ttl=64 (request in 569)"
"571","267.200170952","10.0.0.1","10.0.0.3","ICMP","98","Echo (ping) request  id=0x0e04, seq=269/3329, ttl=64 (reply in 572)"
"572","267.200212421","10.0.0.3","10.0.0.1","ICMP","98","Echo (ping) reply    id=0x0e04, seq=269/3329, ttl=64 (request in 571)"
"573","268.224269412","10.0.0.1","10.0.0.3","ICMP","98","Echo (ping) request  id=0x0e04, seq=270/3585, ttl=64 (reply in 574)"
"574","268.224317214","10.0.0.3","10.0.0.1","ICMP","98","Echo (ping) reply    id=0x0e04, seq=270/3585, ttl=64 (request in 573)"
"575","269.225927376","10.0.0.1","10.0.0.3","ICMP","98","Echo (ping) request  id=0x0e04, seq=271/3841, ttl=64 (reply in 576)"
"576","269.225973246","10.0.0.3","10.0.0.1","ICMP","98","Echo (ping) reply    id=0x0e04, seq=271/3841, ttl=64 (request in 575)"
"577","270.240100033","10.0.0.1","10.0.0.3","ICMP","98","Echo (ping) request  id=0x0e04, seq=272/4097, ttl=64 (reply in 578)"
"578","270.240137074","10.0.0.3","10.0.0.1","ICMP","98","Echo (ping) reply    id=0x0e04, seq=272/4097, ttl=64 (request in 577)"
"579","271.264200047","10.0.0.1","10.0.0.3","ICMP","98","Echo (ping) request  id=0x0e04, seq=273/4353, ttl=64 (reply in 580)"
"580","271.264242615","10.0.0.3","10.0.0.1","ICMP","98","Echo (ping) reply    id=0x0e04, seq=273/4353, ttl=64 (request in 579)"
"581","272.288265462","10.0.0.1","10.0.0.3","ICMP","98","Echo (ping) request  id=0x0e04, seq=274/4609, ttl=64 (reply in 582)"
"582","272.288303356","10.0.0.3","10.0.0.1","ICMP","98","Echo (ping) reply    id=0x0e04, seq=274/4609, ttl=64 (request in 581)"
