 cookie=0x0, duration=50.004s, table=0, n_packets=6, n_bytes=360, idle_timeout=60, idle_age=49, priority=65535,tcp,in_port=2,dl_vlan=575,dl_vlan_pcp=0,dl_src=00:24:97:30:1d:00,dl_dst=00:03:ba:24:3f:fd,nw_src=10.0.1.2,nw_dst=10.0.1.3,nw_tos=0,tp_src=11472,tp_dst=80 actions=drop
 cookie=0x0, duration=50.004s, table=0, n_packets=9, n_bytes=540, idle_timeout=60, idle_age=49, priority=65535,tcp,in_port=2,dl_vlan=575,dl_vlan_pcp=0,dl_src=00:24:97:30:1d:00,dl_dst=00:03:ba:24:3f:fd,nw_src=10.0.1.2,nw_dst=10.0.1.3,nw_tos=0,tp_src=3237,tp_dst=80 actions=drop
 cookie=0x0, duration=49.997s, table=0, n_packets=5, n_bytes=480, idle_timeout=60, idle_age=49, priority=65535,tcp,in_port=2,dl_vlan=621,dl_vlan_pcp=0,dl_src=00:24:97:30:1d:00,dl_dst=00:03:ba:01:27:f0,nw_src=10.0.1.2,nw_dst=10.0.1.3,nw_tos=0,tp_src=80,tp_dst=33132 actions=drop
 cookie=0x0, duration=49.991s, table=0, n_packets=2, n_bytes=120, idle_timeout=60, idle_age=49, priority=65535,icmp,in_port=2,dl_vlan=576,dl_vlan_pcp=0,dl_src=00:24:97:30:1d:00,dl_dst=00:21:28:38:cc:c6,nw_src=10.0.1.2,nw_dst=10.0.1.3,nw_tos=0,icmp_type=0,icmp_code=0 actions=drop
 cookie=0x0, duration=49.977s, table=0, n_packets=1, n_bytes=96, idle_timeout=60, idle_age=49, priority=65535,tcp,in_port=2,dl_vlan=632,dl_vlan_pcp=0,dl_src=00:24:97:30:1d:00,dl_dst=00:02:55:53:a0:10,nw_src=10.0.1.2,nw_dst=10.0.1.3,nw_tos=0,tp_src=1605,tp_dst=50371 actions=drop
 cookie=0x0, duration=49.973s, table=0, n_packets=2, n_bytes=120, idle_timeout=60, idle_age=49, priority=65535,icmp,in_port=2,dl_vlan=577,dl_vlan_pcp=0,dl_src=00:11:43:36:c1:58,dl_dst=00:14:4f:17:13:e2,nw_src=10.0.1.2,nw_dst=10.0.1.3,nw_tos=0,icmp_type=0,icmp_code=0 actions=drop
 cookie=0x0, duration=49.965s, table=0, n_packets=1, n_bytes=96, idle_timeout=60, idle_age=49, priority=65535,tcp,in_port=2,dl_vlan=575,dl_vlan_pcp=0,dl_src=00:24:97:30:1d:00,dl_dst=00:03:ba:24:3f:fd,nw_src=10.0.1.2,nw_dst=10.0.1.3,nw_tos=0,tp_src=1239,tp_dst=80 actions=drop
 cookie=0x0, duration=49.958s, table=0, n_packets=5, n_bytes=480, idle_timeout=60, idle_age=49, priority=65535,udp,in_port=2,dl_vlan=576,dl_vlan_pcp=0,dl_src=00:24:97:30:1d:00,dl_dst=00:03:ba:24:40:1b,nw_src=10.0.1.2,nw_dst=10.0.1.3,nw_tos=0,tp_src=53,tp_dst=43438 actions=drop
 cookie=0x0, duration=49.958s, table=0, n_packets=1, n_bytes=96, idle_timeout=60, idle_age=49, priority=65535,udp,in_port=2,dl_vlan=576,dl_vlan_pcp=0,dl_src=00:24:97:30:1d:00,dl_dst=00:03:ba:24:40:1b,nw_src=10.0.1.2,nw_dst=10.0.1.3,nw_tos=0,tp_src=53,tp_dst=43439 actions=drop
 cookie=0x0, duration=49.958s, table=0, n_packets=1, n_bytes=96, idle_timeout=60, idle_age=49, priority=65535,udp,in_port=2,dl_vlan=576,dl_vlan_pcp=0,dl_src=00:24:97:30:1d:00,dl_dst=00:03:ba:24:40:1b,nw_src=10.0.1.2,nw_dst=10.0.1.3,nw_tos=0,tp_src=53,tp_dst=43440 actions=drop
 cookie=0x0, duration=49.958s, table=0, n_packets=1, n_bytes=96, idle_timeout=60, idle_age=49, priority=65535,udp,in_port=2,dl_vlan=576,dl_vlan_pcp=0,dl_src=00:24:97:30:1d:00,dl_dst=00:03:ba:24:40:1b,nw_src=10.0.1.2,nw_dst=10.0.1.3,nw_tos=0,tp_src=53,tp_dst=43441 actions=drop
 cookie=0x0, duration=49.958s, table=0, n_packets=1, n_bytes=96, idle_timeout=60, idle_age=49, priority=65535,udp,in_port=2,dl_vlan=576,dl_vlan_pcp=0,dl_src=00:24:97:30:1d:00,dl_dst=00:03:ba:24:40:1b,nw_src=10.0.1.2,nw_dst=10.0.1.3,nw_tos=0,tp_src=53,tp_dst=43442 actions=drop
 cookie=0x0, duration=49.948s, table=0, n_packets=2, n_bytes=120, idle_timeout=60, idle_age=49, priority=65535,icmp,in_port=2,dl_vlan=577,dl_vlan_pcp=0,dl_src=00:a0:b8:47:ac:28,dl_dst=00:03:ba:a1:f7:5c,nw_src=10.0.1.2,nw_dst=10.0.1.3,nw_tos=0,icmp_type=0,icmp_code=0 actions=drop
 cookie=0x0, duration=49.948s, table=0, n_packets=2, n_bytes=120, idle_timeout=60, idle_age=49, priority=65535,icmp,in_port=2,dl_vlan=577,dl_vlan_pcp=0,dl_src=00:a0:b8:47:ad:64,dl_dst=00:03:ba:a1:f7:5c,nw_src=10.0.1.2,nw_dst=10.0.1.3,nw_tos=0,icmp_type=0,icmp_code=0 actions=drop
 cookie=0x0, duration=49.948s, table=0, n_packets=2, n_bytes=120, idle_timeout=60, idle_age=49, priority=65535,icmp,in_port=2,dl_vlan=577,dl_vlan_pcp=0,dl_src=00:05:1e:a1:c5:39,dl_dst=00:03:ba:a1:f7:5c,nw_src=10.0.1.2,nw_dst=10.0.1.3,nw_tos=0,icmp_type=0,icmp_code=0 actions=drop
 cookie=0x0, duration=49.948s, table=0, n_packets=2, n_bytes=120, idle_timeout=60, idle_age=49, priority=65535,icmp,in_port=2,dl_vlan=577,dl_vlan_pcp=0,dl_src=00:05:1e:a3:25:b9,dl_dst=00:03:ba:a1:f7:5c,nw_src=10.0.1.2,nw_dst=10.0.1.3,nw_tos=0,icmp_type=0,icmp_code=0 actions=drop
 cookie=0x0, duration=49.948s, table=0, n_packets=2, n_bytes=120, idle_timeout=60, idle_age=49, priority=65535,icmp,in_port=2,dl_vlan=577,dl_vlan_pcp=0,dl_src=00:13:72:50:00:ea,dl_dst=00:03:ba:a1:f7:5c,nw_src=10.0.1.2,nw_dst=10.0.1.3,nw_tos=0,icmp_type=0,icmp_code=0 actions=drop
 cookie=0x0, duration=49.948s, table=0, n_packets=2, n_bytes=120, idle_timeout=60, idle_age=49, priority=65535,icmp,in_port=2,dl_vlan=577,dl_vlan_pcp=0,dl_src=00:05:1e:35:28:59,dl_dst=00:03:ba:a1:f7:5c,nw_src=10.0.1.2,nw_dst=10.0.1.3,nw_tos=0,icmp_type=0,icmp_code=0 actions=drop
 cookie=0x0, duration=49.948s, table=0, n_packets=2, n_bytes=120, idle_timeout=60, idle_age=49, priority=65535,icmp,in_port=2,dl_vlan=577,dl_vlan_pcp=0,dl_src=00:05:1e:35:23:27,dl_dst=00:03:ba:a1:f7:5c,nw_src=10.0.1.2,nw_dst=10.0.1.3,nw_tos=0,icmp_type=0,icmp_code=0 actions=drop
 cookie=0x0, duration=49.948s, table=0, n_packets=3, n_bytes=180, idle_timeout=60, idle_age=49, priority=65535,icmp,in_port=2,dl_vlan=577,dl_vlan_pcp=0,dl_src=00:03:ba:82:f7:ba,dl_dst=00:03:ba:a1:f7:5c,nw_src=10.0.1.2,nw_dst=10.0.1.3,nw_tos=0,icmp_type=0,icmp_code=0 actions=drop
 cookie=0x0, duration=49.948s, table=0, n_packets=3, n_bytes=180, idle_timeout=60, idle_age=49, priority=65535,icmp,in_port=2,dl_vlan=577,dl_vlan_pcp=0,dl_src=00:03:ba:24:3f:6c,dl_dst=00:03:ba:a1:f7:5c,nw_src=10.0.1.2,nw_dst=10.0.1.3,nw_tos=0,icmp_type=0,icmp_code=0 actions=drop
 cookie=0x0, duration=49.948s, table=0, n_packets=2, n_bytes=120, idle_timeout=60, idle_age=49, priority=65535,icmp,in_port=2,dl_vlan=577,dl_vlan_pcp=0,dl_src=00:a0:b8:18:ab:39,dl_dst=00:03:ba:a1:f7:5c,nw_src=10.0.1.2,nw_dst=10.0.1.3,nw_tos=0,icmp_type=0,icmp_code=0 actions=drop
 cookie=0x0, duration=49.948s, table=0, n_packets=2, n_bytes=120, idle_timeout=60, idle_age=49, priority=65535,icmp,in_port=2,dl_vlan=577,dl_vlan_pcp=0,dl_src=00:a0:b8:18:ce:70,dl_dst=00:03:ba:a1:f7:5c,nw_src=10.0.1.2,nw_dst=10.0.1.3,nw_tos=0,icmp_type=0,icmp_code=0 actions=drop
 cookie=0x0, duration=49.948s, table=0, n_packets=4, n_bytes=280, idle_timeout=60, idle_age=49, priority=65535,tcp,in_port=2,dl_vlan=621,dl_vlan_pcp=0,dl_src=00:24:97:30:1d:00,dl_dst=00:03:ba:01:27:f0,nw_src=10.0.1.2,nw_dst=10.0.1.3,nw_tos=0,tp_src=6607,tp_dst=80 actions=drop
 cookie=0x0, duration=49.938s, table=0, n_packets=1, n_bytes=96, idle_timeout=60, idle_age=49, priority=65535,tcp,in_port=2,dl_vlan=48,dl_vlan_pcp=0,dl_src=00:24:97:30:1d:00,dl_dst=00:14:5e:b7:15:21,nw_src=10.0.1.2,nw_dst=10.0.1.3,nw_tos=0,tp_src=1593,tp_dst=2671 actions=drop
 cookie=0x0, duration=49.930s, table=0, n_packets=2, n_bytes=120, idle_timeout=60, idle_age=49, priority=65535,icmp,in_port=2,dl_vlan=576,dl_vlan_pcp=0,dl_src=00:24:97:30:1d:00,dl_dst=00:21:28:3f:d3:8e,nw_src=10.0.1.2,nw_dst=10.0.1.3,nw_tos=0,icmp_type=0,icmp_code=0 actions=drop
 cookie=0x0, duration=49.921s, table=0, n_packets=2, n_bytes=120, idle_timeout=60, idle_age=49, priority=65535,icmp,in_port=2,dl_vlan=575,dl_vlan_pcp=0,dl_src=00:24:97:30:1d:00,dl_dst=00:03:ba:0f:07:a2,nw_src=10.0.1.2,nw_dst=10.0.1.3,nw_tos=0,icmp_type=0,icmp_code=0 actions=drop
 cookie=0x0, duration=49.911s, table=0, n_packets=3, n_bytes=222, idle_timeout=60, idle_age=49, priority=65535,tcp,in_port=2,dl_vlan=575,dl_vlan_pcp=0,dl_src=00:24:97:30:1d:00,dl_dst=00:03:ba:24:3f:fd,nw_src=10.0.1.2,nw_dst=10.0.1.3,nw_tos=0,tp_src=38002,tp_dst=80 actions=drop
 cookie=0x0, duration=49.902s, table=0, n_packets=2, n_bytes=120, idle_timeout=60, idle_age=49, priority=65535,icmp,in_port=2,dl_vlan=575,dl_vlan_pcp=0,dl_src=00:24:97:30:1d:00,dl_dst=00:14:4f:1e:e8:53,nw_src=10.0.1.2,nw_dst=10.0.1.3,nw_tos=0,icmp_type=0,icmp_code=0 actions=drop
 cookie=0x0, duration=49.881s, table=0, n_packets=23, n_bytes=2017, idle_timeout=60, idle_age=49, priority=65535,tcp,in_port=2,dl_vlan=576,dl_vlan_pcp=0,dl_src=00:24:97:30:1d:00,dl_dst=00:03:ba:24:40:23,nw_src=10.0.1.2,nw_dst=10.0.1.3,nw_tos=0,tp_src=1686,tp_dst=1521 actions=drop
 cookie=0x0, duration=49.881s, table=0, n_packets=4, n_bytes=240, idle_timeout=60, idle_age=49, priority=65535,tcp,in_port=2,dl_vlan=575,dl_vlan_pcp=0,dl_src=00:24:97:30:1d:00,dl_dst=00:03:ba:24:3f:fd,nw_src=10.0.1.2,nw_dst=10.0.1.3,nw_tos=0,tp_src=15390,tp_dst=80 actions=drop
 cookie=0x0, duration=49.873s, table=0, n_packets=4, n_bytes=240, idle_timeout=60, idle_age=49, priority=65535,tcp,in_port=2,dl_vlan=575,dl_vlan_pcp=0,dl_src=00:24:97:30:1d:00,dl_dst=00:03:ba:24:3f:fd,nw_src=10.0.1.2,nw_dst=10.0.1.3,nw_tos=0,tp_src=37314,tp_dst=80 actions=drop
 cookie=0x0, duration=49.869s, table=0, n_packets=1, n_bytes=60, idle_timeout=60, idle_age=49, priority=65535,icmp,in_port=2,dl_vlan=577,dl_vlan_pcp=0,dl_src=00:14:4f:17:00:0a,dl_dst=00:a0:b8:47:ad:64,nw_src=10.0.1.2,nw_dst=10.0.1.3,nw_tos=0,icmp_type=8,icmp_code=0 actions=drop
 cookie=0x0, duration=49.869s, table=0, n_packets=1, n_bytes=60, idle_timeout=60, idle_age=49, priority=65535,icmp,in_port=2,dl_vlan=577,dl_vlan_pcp=0,dl_src=00:a0:b8:47:ad:64,dl_dst=00:14:4f:17:00:0a,nw_src=10.0.1.2,nw_dst=10.0.1.3,nw_tos=0,icmp_type=0,icmp_code=0 actions=drop
 cookie=0x0, duration=49.839s, table=0, n_packets=1, n_bytes=60, idle_timeout=60, idle_age=49, priority=65535,icmp,in_port=2,dl_vlan=576,dl_vlan_pcp=0,dl_src=00:24:97:30:1d:00,dl_dst=00:14:4f:1e:e8:54,nw_src=10.0.1.2,nw_dst=10.0.1.3,nw_tos=0,icmp_type=0,icmp_code=0 actions=drop
 cookie=0x0, duration=49.833s, table=0, n_packets=1, n_bytes=96, idle_timeout=60, idle_age=49, priority=65535,tcp,in_port=2,dl_vlan=224,dl_vlan_pcp=0,dl_src=00:14:5e:b7:3b:b4,dl_dst=00:19:2f:58:be:63,nw_src=10.0.1.2,nw_dst=10.0.1.3,nw_tos=0,tp_src=23,tp_dst=2093 actions=drop
 cookie=0x0, duration=49.833s, table=0, n_packets=3, n_bytes=222, idle_timeout=60, idle_age=49, priority=65535,tcp,in_port=2,dl_vlan=575,dl_vlan_pcp=0,dl_src=00:24:97:30:1d:00,dl_dst=00:03:ba:24:3f:fd,nw_src=10.0.1.2,nw_dst=10.0.1.3,nw_tos=0,tp_src=11631,tp_dst=80 actions=drop
 cookie=0x0, duration=49.823s, table=0, n_packets=3, n_bytes=281, idle_timeout=60, idle_age=49, priority=65535,udp,in_port=2,dl_vlan=575,dl_vlan_pcp=0,dl_src=00:03:ba:24:3f:fd,dl_dst=00:00:0c:07:ac:00,nw_src=10.0.1.2,nw_dst=10.0.1.3,nw_tos=0,tp_src=43443,tp_dst=53 actions=drop
 cookie=0x0, duration=49.823s, table=0, n_packets=3, n_bytes=288, idle_timeout=60, idle_age=49, priority=65535,udp,in_port=2,dl_vlan=576,dl_vlan_pcp=0,dl_src=00:24:97:30:1d:00,dl_dst=00:03:ba:24:40:1b,nw_src=10.0.1.2,nw_dst=10.0.1.3,nw_tos=0,tp_src=53,tp_dst=43443 actions=drop
 cookie=0x0, duration=49.823s, table=0, n_packets=1, n_bytes=96, idle_timeout=60, idle_age=49, priority=65535,udp,in_port=2,dl_vlan=575,dl_vlan_pcp=0,dl_src=00:03:ba:24:3f:fd,dl_dst=00:00:0c:07:ac:00,nw_src=10.0.1.2,nw_dst=10.0.1.3,nw_tos=0,tp_src=43444,tp_dst=53 actions=drop
 cookie=0x0, duration=49.823s, table=0, n_packets=1, n_bytes=96, idle_timeout=60, idle_age=49, priority=65535,udp,in_port=2,dl_vlan=576,dl_vlan_pcp=0,dl_src=00:24:97:30:1d:00,dl_dst=00:03:ba:24:40:1b,nw_src=10.0.1.2,nw_dst=10.0.1.3,nw_tos=0,tp_src=53,tp_dst=43444 actions=drop
 cookie=0x0, duration=49.823s, table=0, n_packets=1, n_bytes=96, idle_timeout=60, idle_age=49, priority=65535,udp,in_port=2,dl_vlan=575,dl_vlan_pcp=0,dl_src=00:03:ba:24:3f:fd,dl_dst=00:00:0c:07:ac:00,nw_src=10.0.1.2,nw_dst=10.0.1.3,nw_tos=0,tp_src=43445,tp_dst=53 actions=drop
 cookie=0x0, duration=49.823s, table=0, n_packets=1, n_bytes=96, idle_timeout=60, idle_age=49, priority=65535,udp,in_port=2,dl_vlan=576,dl_vlan_pcp=0,dl_src=00:24:97:30:1d:00,dl_dst=00:03:ba:24:40:1b,nw_src=10.0.1.2,nw_dst=10.0.1.3,nw_tos=0,tp_src=53,tp_dst=43445 actions=drop
 cookie=0x0, duration=49.809s, table=0, n_packets=1, n_bytes=96, idle_timeout=60, idle_age=49, priority=65535,tcp,in_port=2,dl_vlan=575,dl_vlan_pcp=0,dl_src=00:03:ba:24:3f:fd,dl_dst=00:00:0c:07:ac:00,nw_src=10.0.1.2,nw_dst=10.0.1.3,nw_tos=0,tp_src=80,tp_dst=15390 actions=drop
 cookie=0x0, duration=49.806s, table=0, n_packets=1, n_bytes=96, idle_timeout=60, idle_age=49, priority=65535,udp,in_port=2,dl_vlan=719,dl_vlan_pcp=0,dl_src=00:1b:0c:38:f1:0e,dl_dst=00:00:0c:07:ac:00,nw_src=10.0.1.2,nw_dst=10.0.1.3,nw_tos=0,tp_src=443,tp_dst=1225 actions=drop
 cookie=0x0, duration=49.796s, table=0, n_packets=2, n_bytes=120, idle_timeout=60, idle_age=49, priority=65535,icmp,in_port=2,dl_vlan=576,dl_vlan_pcp=0,dl_src=00:21:28:38:cc:c6,dl_dst=00:00:0c:07:ac:00,nw_src=10.0.1.2,nw_dst=10.0.1.3,nw_tos=0,icmp_type=8,icmp_code=0 actions=drop
 cookie=0x0, duration=49.789s, table=0, n_packets=1, n_bytes=91, idle_timeout=60, idle_age=49, priority=65535,tcp,in_port=2,dl_vlan=719,dl_vlan_pcp=0,dl_src=00:24:97:30:1d:00,dl_dst=00:1b:0c:38:f1:0e,nw_src=10.0.1.2,nw_dst=10.0.1.3,nw_tos=0,tp_src=40950,tp_dst=443 actions=drop
 cookie=0x0, duration=49.789s, table=0, n_packets=1, n_bytes=60, idle_timeout=60, idle_age=49, priority=65535,tcp,in_port=2,dl_vlan=719,dl_vlan_pcp=0,dl_src=00:1b:0c:38:f1:0e,dl_dst=00:00:0c:07:ac:00,nw_src=10.0.1.2,nw_dst=10.0.1.3,nw_tos=0,tp_src=443,tp_dst=40950 actions=drop
 cookie=0x0, duration=49.789s, table=0, n_packets=1, n_bytes=96, idle_timeout=60, idle_age=49, priority=65535,tcp,in_port=2,dl_vlan=575,dl_vlan_pcp=0,dl_src=00:03:ba:24:3f:fd,dl_dst=00:00:0c:07:ac:00,nw_src=10.0.1.2,nw_dst=10.0.1.3,nw_tos=0,tp_src=80,tp_dst=37314 actions=drop
 cookie=0x0, duration=49.778s, table=0, n_packets=8, n_bytes=618, idle_timeout=60, idle_age=49, priority=65535,tcp,in_port=2,dl_vlan=622,dl_vlan_pcp=0,dl_src=00:24:97:30:1d:00,dl_dst=00:14:22:1d:43:d4,nw_src=10.0.1.2,nw_dst=10.0.1.3,nw_tos=0,tp_src=60262,tp_dst=443 actions=drop
 cookie=0x0, duration=49.778s, table=0, n_packets=2, n_bytes=126, idle_timeout=60, idle_age=49, priority=65535,tcp,in_port=2,dl_vlan=48,dl_vlan_pcp=0,dl_src=00:24:97:30:1d:00,dl_dst=00:14:5e:b7:15:21,nw_src=10.0.1.2,nw_dst=10.0.1.3,nw_tos=0,tp_src=1133,tp_dst=23 actions=drop
 cookie=0x0, duration=49.773s, table=0, n_packets=1, n_bytes=96, idle_timeout=60, idle_age=49, priority=65535,tcp,in_port=2,dl_vlan=48,dl_vlan_pcp=0,dl_src=00:14:5e:b7:15:21,dl_dst=00:00:0c:07:ac:00,nw_src=10.0.1.2,nw_dst=10.0.1.3,nw_tos=0,tp_src=23,tp_dst=1133 actions=drop
 cookie=0x0, duration=49.766s, table=0, n_packets=2, n_bytes=166, idle_timeout=60, idle_age=49, priority=65535,tcp,in_port=2,dl_vlan=622,dl_vlan_pcp=0,dl_src=00:14:22:1d:43:d4,dl_dst=00:00:0c:07:ac:00,nw_src=10.0.1.2,nw_dst=10.0.1.3,nw_tos=0,tp_src=443,tp_dst=60262 actions=drop
 cookie=0x0, duration=49.757s, table=0, n_packets=1, n_bytes=96, idle_timeout=60, idle_age=49, priority=65535,udp,in_port=2,dl_vlan=1703,dl_vlan_pcp=0,dl_src=00:0a:42:18:ec:00,dl_dst=00:24:97:30:1d:00,nw_src=10.0.1.2,nw_dst=10.0.1.3,nw_tos=0,tp_src=161,tp_dst=43974 actions=drop
 cookie=0x0, duration=49.753s, table=0, n_packets=4, n_bytes=240, idle_timeout=60, idle_age=49, priority=65535,tcp,in_port=2,dl_vlan=575,dl_vlan_pcp=0,dl_src=00:24:97:30:1d:00,dl_dst=00:03:ba:24:3f:fd,nw_src=10.0.1.2,nw_dst=10.0.1.3,nw_tos=0,tp_src=47000,tp_dst=80 actions=drop
 cookie=0x0, duration=49.751s, table=0, n_packets=2, n_bytes=151, idle_timeout=60, idle_age=49, priority=65535,tcp,in_port=2,dl_vlan=719,dl_vlan_pcp=0,dl_src=00:24:97:30:1d:00,dl_dst=00:1b:0c:38:f1:0e,nw_src=10.0.1.2,nw_dst=10.0.1.3,nw_tos=0,tp_src=1123,tp_dst=443 actions=drop
 cookie=0x0, duration=49.751s, table=0, n_packets=2, n_bytes=182, idle_timeout=60, idle_age=49, priority=65535,tcp,in_port=2,dl_vlan=719,dl_vlan_pcp=0,dl_src=00:1b:0c:38:f1:0e,dl_dst=00:00:0c:07:ac:00,nw_src=10.0.1.2,nw_dst=10.0.1.3,nw_tos=0,tp_src=443,tp_dst=1123 actions=drop
 cookie=0x0, duration=49.751s, table=0, n_packets=1, n_bytes=60, idle_timeout=60, idle_age=49, priority=65535,tcp,in_port=2,dl_vlan=576,dl_vlan_pcp=0,dl_src=00:03:ba:24:40:1b,dl_dst=00:00:0c:07:ac:00,nw_src=10.0.1.2,nw_dst=10.0.1.3,nw_tos=0,tp_src=80,tp_dst=11631 actions=drop
 cookie=0x0, duration=49.751s, table=0, n_packets=1, n_bytes=60, idle_timeout=60, idle_age=49, priority=65535,tcp,in_port=2,dl_vlan=719,dl_vlan_pcp=0,dl_src=00:24:97:30:1d:00,dl_dst=00:1b:0c:38:f1:0e,nw_src=10.0.1.2,nw_dst=10.0.1.3,nw_tos=0,tp_src=58774,tp_dst=443 actions=drop
 cookie=0x0, duration=49.748s, table=0, n_packets=2, n_bytes=185, idle_timeout=60, idle_age=49, priority=65535,udp,in_port=2,dl_vlan=575,dl_vlan_pcp=0,dl_src=00:03:ba:24:3f:fd,dl_dst=00:00:0c:07:ac:00,nw_src=10.0.1.2,nw_dst=10.0.1.3,nw_tos=0,tp_src=43446,tp_dst=53 actions=drop
 cookie=0x0, duration=49.748s, table=0, n_packets=3, n_bytes=288, idle_timeout=60, idle_age=49, priority=65535,udp,in_port=2,dl_vlan=576,dl_vlan_pcp=0,dl_src=00:24:97:30:1d:00,dl_dst=00:03:ba:24:40:1b,nw_src=10.0.1.2,nw_dst=10.0.1.3,nw_tos=0,tp_src=53,tp_dst=43446 actions=drop
 cookie=0x0, duration=49.738s, table=0, n_packets=1, n_bytes=96, idle_timeout=60, idle_age=49, priority=65535,udp,in_port=2,dl_vlan=575,dl_vlan_pcp=0,dl_src=00:03:ba:24:3f:fd,dl_dst=00:00:0c:07:ac:00,nw_src=10.0.1.2,nw_dst=10.0.1.3,nw_tos=0,tp_src=43447,tp_dst=53 actions=drop
 cookie=0x0, duration=49.738s, table=0, n_packets=1, n_bytes=96, idle_timeout=60, idle_age=49, priority=65535,udp,in_port=2,dl_vlan=576,dl_vlan_pcp=0,dl_src=00:24:97:30:1d:00,dl_dst=00:03:ba:24:40:1b,nw_src=10.0.1.2,nw_dst=10.0.1.3,nw_tos=0,tp_src=53,tp_dst=43447 actions=drop
 cookie=0x0, duration=49.738s, table=0, n_packets=1, n_bytes=96, idle_timeout=60, idle_age=49, priority=65535,udp,in_port=2,dl_vlan=575,dl_vlan_pcp=0,dl_src=00:03:ba:24:3f:fd,dl_dst=00:00:0c:07:ac:00,nw_src=10.0.1.2,nw_dst=10.0.1.3,nw_tos=0,tp_src=43448,tp_dst=53 actions=drop
 cookie=0x0, duration=49.737s, table=0, n_packets=1, n_bytes=96, idle_timeout=60, idle_age=49, priority=65535,udp,in_port=2,dl_vlan=576,dl_vlan_pcp=0,dl_src=00:24:97:30:1d:00,dl_dst=00:03:ba:24:40:1b,nw_src=10.0.1.2,nw_dst=10.0.1.3,nw_tos=0,tp_src=53,tp_dst=43448 actions=drop
 cookie=0x0, duration=49.737s, table=0, n_packets=1, n_bytes=96, idle_timeout=60, idle_age=49, priority=65535,udp,in_port=2,dl_vlan=719,dl_vlan_pcp=0,dl_src=00:24:97:30:1d:00,dl_dst=00:1b:0c:38:f1:0e,nw_src=10.0.1.2,nw_dst=10.0.1.3,nw_tos=0,tp_src=62178,tp_dst=443 actions=drop
 cookie=0x0, duration=49.737s, table=0, n_packets=86, n_bytes=8235, idle_timeout=60, idle_age=49, priority=65535,tcp,in_port=2,dl_vlan=576,dl_vlan_pcp=0,dl_src=00:03:ba:24:40:1b,dl_dst=00:00:0c:07:ac:00,nw_src=10.0.1.2,nw_dst=10.0.1.3,nw_tos=0,tp_src=80,tp_dst=57805 actions=drop
 cookie=0x0, duration=49.737s, table=0, n_packets=1, n_bytes=96, idle_timeout=60, idle_age=49, priority=65535,udp,in_port=2,dl_vlan=238,dl_vlan_pcp=0,dl_src=00:1b:0c:38:f1:0f,dl_dst=00:00:0c:07:ac:00,nw_src=10.0.1.2,nw_dst=10.0.1.3,nw_tos=0,tp_src=53590,tp_dst=161 actions=drop
 cookie=0x0, duration=49.737s, table=0, n_packets=1, n_bytes=96, idle_timeout=60, idle_age=49, priority=65535,tcp,in_port=2,dl_vlan=719,dl_vlan_pcp=0,dl_src=00:24:97:30:1d:00,dl_dst=00:1b:0c:38:f1:0e,nw_src=10.0.1.2,nw_dst=10.0.1.3,nw_tos=0,tp_src=21398,tp_dst=443 actions=drop
 cookie=0x0, duration=49.737s, table=0, n_packets=1, n_bytes=60, idle_timeout=60, idle_age=49, priority=65535,tcp,in_port=2,dl_vlan=719,dl_vlan_pcp=0,dl_src=00:1b:0c:38:f1:0e,dl_dst=00:00:0c:07:ac:00,nw_src=10.0.1.2,nw_dst=10.0.1.3,nw_tos=0,tp_src=443,tp_dst=21398 actions=drop
 cookie=0x0, duration=49.737s, table=0, n_packets=4, n_bytes=384, idle_timeout=60, idle_age=49, priority=65535,udp,in_port=2,dl_vlan=238,dl_vlan_pcp=0,dl_src=00:1b:0c:38:f1:0f,dl_dst=00:00:0c:07:ac:00,nw_src=10.0.1.2,nw_dst=10.0.1.3,nw_tos=0,tp_src=137,tp_dst=137 actions=drop
 cookie=0x0, duration=49.737s, table=0, n_packets=3, n_bytes=222, idle_timeout=60, idle_age=49, priority=65535,tcp,in_port=2,dl_vlan=576,dl_vlan_pcp=0,dl_src=00:24:97:30:1d:00,dl_dst=00:03:ba:12:e5:2a,nw_src=10.0.1.2,nw_dst=10.0.1.3,nw_tos=0,tp_src=3726,tp_dst=80 actions=drop
 cookie=0x0, duration=49.737s, table=0, n_packets=2, n_bytes=126, idle_timeout=60, idle_age=49, priority=65535,tcp,in_port=2,dl_vlan=576,dl_vlan_pcp=0,dl_src=00:03:ba:12:e5:2a,dl_dst=00:00:0c:07:ac:00,nw_src=10.0.1.2,nw_dst=10.0.1.3,nw_tos=0,tp_src=80,tp_dst=3726 actions=drop
 cookie=0x0, duration=49.729s, table=0, n_packets=1, n_bytes=96, idle_timeout=60, idle_age=49, priority=65535,tcp,in_port=2,dl_vlan=49,dl_vlan_pcp=0,dl_src=00:0d:93:9c:07:62,dl_dst=00:00:0c:07:ac:00,nw_src=10.0.1.2,nw_dst=10.0.1.3,nw_tos=0,tp_src=5900,tp_dst=56182 actions=drop
 cookie=0x0, duration=49.728s, table=0, n_packets=1, n_bytes=70, idle_timeout=60, idle_age=49, priority=65535,tcp,in_port=2,dl_vlan=49,dl_vlan_pcp=0,dl_src=00:24:97:30:1d:00,dl_dst=00:0d:93:9c:07:62,nw_src=10.0.1.2,nw_dst=10.0.1.3,nw_tos=0,tp_src=56182,tp_dst=5900 actions=drop
 cookie=0x0, duration=49.720s, table=0, n_packets=1, n_bytes=77, idle_timeout=60, idle_age=49, priority=65535,tcp,in_port=2,dl_vlan=1306,dl_vlan_pcp=0,dl_src=00:23:7d:29:b9:74,dl_dst=00:00:0c:07:ac:00,nw_src=10.0.1.2,nw_dst=10.0.1.3,nw_tos=0,tp_src=3389,tp_dst=1904 actions=drop
 cookie=0x0, duration=49.718s, table=0, n_packets=1, n_bytes=96, idle_timeout=60, idle_age=49, priority=65535,tcp,in_port=2,dl_vlan=49,dl_vlan_pcp=0,dl_src=00:0d:93:9c:07:62,dl_dst=00:00:0c:07:ac:00,nw_src=10.0.1.2,nw_dst=10.0.1.3,nw_tos=0,tp_src=5900,tp_dst=51175 actions=drop
 cookie=0x0, duration=49.717s, table=0, n_packets=1, n_bytes=70, idle_timeout=60, idle_age=49, priority=65535,tcp,in_port=2,dl_vlan=49,dl_vlan_pcp=0,dl_src=00:24:97:30:1d:00,dl_dst=00:0d:93:9c:07:62,nw_src=10.0.1.2,nw_dst=10.0.1.3,nw_tos=0,tp_src=51175,tp_dst=5900 actions=drop
 cookie=0x0, duration=49.700s, table=0, n_packets=63, n_bytes=4410, idle_timeout=60, idle_age=49, priority=65535,tcp,in_port=2,dl_vlan=575,dl_vlan_pcp=0,dl_src=00:24:97:30:1d:00,dl_dst=00:03:ba:24:3f:fd,nw_src=10.0.1.2,nw_dst=10.0.1.3,nw_tos=0,tp_src=57805,tp_dst=80 actions=drop
 cookie=0x0, duration=49.695s, table=0, n_packets=2, n_bytes=156, idle_timeout=60, idle_age=49, priority=65535,tcp,in_port=2,dl_vlan=48,dl_vlan_pcp=0,dl_src=00:24:97:30:1d:00,dl_dst=00:14:5e:b7:15:21,nw_src=10.0.1.2,nw_dst=10.0.1.3,nw_tos=0,tp_src=1491,tp_dst=23 actions=drop
 cookie=0x0, duration=49.677s, table=0, n_packets=1, n_bytes=96, idle_timeout=60, idle_age=49, priority=65535,tcp,in_port=2,dl_vlan=48,dl_vlan_pcp=0,dl_src=00:14:5e:b7:15:21,dl_dst=00:00:0c:07:ac:00,nw_src=10.0.1.2,nw_dst=10.0.1.3,nw_tos=0,tp_src=23,tp_dst=1491 actions=drop
 cookie=0x0, duration=49.669s, table=0, n_packets=1, n_bytes=60, idle_timeout=60, idle_age=49, priority=65535,icmp,in_port=2,dl_vlan=576,dl_vlan_pcp=0,dl_src=00:03:ba:0f:07:a3,dl_dst=00:00:0c:07:ac:00,nw_src=10.0.1.2,nw_dst=10.0.1.3,nw_tos=0,icmp_type=8,icmp_code=0 actions=drop
 cookie=0x0, duration=49.669s, table=0, n_packets=1, n_bytes=96, idle_timeout=60, idle_age=49, priority=65535,tcp,in_port=2,dl_vlan=575,dl_vlan_pcp=0,dl_src=00:03:ba:24:3f:fd,dl_dst=00:00:0c:07:ac:00,nw_src=10.0.1.2,nw_dst=10.0.1.3,nw_tos=0,tp_src=80,tp_dst=47000 actions=drop
 cookie=0x0, duration=49.669s, table=0, n_packets=1, n_bytes=60, idle_timeout=60, idle_age=49, priority=65535,icmp,in_port=2,dl_vlan=576,dl_vlan_pcp=0,dl_src=00:24:97:30:1d:00,dl_dst=00:03:ba:0f:07:a3,nw_src=10.0.1.2,nw_dst=10.0.1.3,nw_tos=0,icmp_type=0,icmp_code=0 actions=drop
 cookie=0x0, duration=49.664s, table=0, n_packets=1, n_bytes=96, idle_timeout=60, idle_age=49, priority=65535,tcp,in_port=2,dl_vlan=48,dl_vlan_pcp=0,dl_src=00:24:97:30:1d:00,dl_dst=00:14:5e:b7:15:21,nw_src=10.0.1.2,nw_dst=10.0.1.3,nw_tos=0,tp_src=1857,tp_dst=23 actions=drop
 cookie=0x0, duration=49.663s, table=0, n_packets=1, n_bytes=96, idle_timeout=60, idle_age=49, priority=65535,tcp,in_port=2,dl_vlan=632,dl_vlan_pcp=0,dl_src=00:02:55:53:a0:10,dl_dst=00:00:0c:07:ac:00,nw_src=10.0.1.2,nw_dst=10.0.1.3,nw_tos=0,tp_src=49020,tp_dst=1606 actions=drop
 cookie=0x0, duration=49.663s, table=0, n_packets=1, n_bytes=96, idle_timeout=60, idle_age=49, priority=65535,tcp,in_port=2,dl_vlan=632,dl_vlan_pcp=0,dl_src=00:24:97:30:1d:00,dl_dst=00:02:55:53:a0:10,nw_src=10.0.1.2,nw_dst=10.0.1.3,nw_tos=0,tp_src=1606,tp_dst=49020 actions=drop
 cookie=0x0, duration=49.650s, table=0, n_packets=1, n_bytes=96, idle_timeout=60, idle_age=49, priority=65535,udp,in_port=2,dl_vlan=719,dl_vlan_pcp=0,dl_src=00:24:97:30:1d:00,dl_dst=00:1b:0c:38:f1:0e,nw_src=10.0.1.2,nw_dst=10.0.1.3,nw_tos=0,tp_src=7746,tp_dst=4500 actions=drop
 cookie=0x0, duration=49.650s, table=0, n_packets=1, n_bytes=96, idle_timeout=60, idle_age=49, priority=65535,tcp,in_port=2,dl_vlan=238,dl_vlan_pcp=0,dl_src=00:1b:0c:38:f1:0f,dl_dst=00:00:0c:07:ac:00,nw_src=10.0.1.2,nw_dst=10.0.1.3,nw_tos=0,tp_src=2239,tp_dst=5222 actions=drop
 cookie=0x0, duration=49.637s, table=0, n_packets=2, n_bytes=120, idle_timeout=60, idle_age=49, priority=65535,icmp,in_port=2,dl_vlan=576,dl_vlan_pcp=0,dl_src=00:03:ba:12:e5:2a,dl_dst=00:00:0c:07:ac:00,nw_src=10.0.1.2,nw_dst=10.0.1.3,nw_tos=0,icmp_type=0,icmp_code=0 actions=drop
 cookie=0x0, duration=49.637s, table=0, n_packets=3, n_bytes=180, idle_timeout=60, idle_age=49, priority=65535,icmp,in_port=2,dl_vlan=576,dl_vlan_pcp=0,dl_src=00:13:72:4b:72:bc,dl_dst=00:00:0c:07:ac:00,nw_src=10.0.1.2,nw_dst=10.0.1.3,nw_tos=0,icmp_type=0,icmp_code=0 actions=drop
 cookie=0x0, duration=49.637s, table=0, n_packets=1, n_bytes=60, idle_timeout=60, idle_age=49, priority=65535,tcp,in_port=2,dl_vlan=48,dl_vlan_pcp=0,dl_src=00:14:5e:b7:15:21,dl_dst=00:00:0c:07:ac:00,nw_src=10.0.1.2,nw_dst=10.0.1.3,nw_tos=0,tp_src=2671,tp_dst=1593 actions=drop
 cookie=0x0, duration=49.628s, table=0, n_packets=3, n_bytes=222, idle_timeout=60, idle_age=49, priority=65535,tcp,in_port=2,dl_vlan=575,dl_vlan_pcp=0,dl_src=00:24:97:30:1d:00,dl_dst=00:03:ba:24:3f:fd,nw_src=10.0.1.2,nw_dst=10.0.1.3,nw_tos=0,tp_src=43707,tp_dst=80 actions=drop
 cookie=0x0, duration=49.628s, table=0, n_packets=2, n_bytes=126, idle_timeout=60, idle_age=49, priority=65535,tcp,in_port=2,dl_vlan=575,dl_vlan_pcp=0,dl_src=00:03:ba:24:3f:fd,dl_dst=00:00:0c:07:ac:00,nw_src=10.0.1.2,nw_dst=10.0.1.3,nw_tos=0,tp_src=80,tp_dst=43707 actions=drop
 cookie=0x0, duration=49.622s, table=0, n_packets=1, n_bytes=60, idle_timeout=60, idle_age=49, priority=65535,tcp,in_port=2,dl_vlan=575,dl_vlan_pcp=0,dl_src=00:24:97:30:1d:00,dl_dst=00:03:ba:24:3f:fd,nw_src=10.0.1.2,nw_dst=10.0.1.3,nw_tos=0,tp_src=1233,tp_dst=80 actions=drop
 cookie=0x0, duration=49.622s, table=0, n_packets=1, n_bytes=60, idle_timeout=60, idle_age=49, priority=65535,tcp,in_port=2,dl_vlan=576,dl_vlan_pcp=0,dl_src=00:03:ba:24:40:1b,dl_dst=00:00:0c:07:ac:00,nw_src=10.0.1.2,nw_dst=10.0.1.3,nw_tos=0,tp_src=80,tp_dst=1233 actions=drop
 cookie=0x0, duration=49.614s, table=0, n_packets=1, n_bytes=60, idle_timeout=60, idle_age=49, priority=65535,icmp,in_port=2,dl_vlan=575,dl_vlan_pcp=0,dl_src=00:14:4f:1e:e8:53,dl_dst=00:00:0c:07:ac:00,nw_src=10.0.1.2,nw_dst=10.0.1.3,nw_tos=0,icmp_type=8,icmp_code=0 actions=drop
 cookie=0x0, duration=49.609s, table=0, n_packets=4, n_bytes=384, idle_timeout=60, idle_age=49, priority=65535,tcp,in_port=2,dl_vlan=576,dl_vlan_pcp=0,dl_src=00:03:ba:24:40:23,dl_dst=00:00:0c:07:ac:00,nw_src=10.0.1.2,nw_dst=10.0.1.3,nw_tos=0,tp_src=1521,tp_dst=1686 actions=drop
 cookie=0x0, duration=49.600s, table=0, n_packets=2, n_bytes=126, idle_timeout=60, idle_age=49, priority=65535,tcp,in_port=2,dl_vlan=576,dl_vlan_pcp=0,dl_src=00:03:ba:24:40:1b,dl_dst=00:00:0c:07:ac:00,nw_src=10.0.1.2,nw_dst=10.0.1.3,nw_tos=0,tp_src=80,tp_dst=1609 actions=drop
 cookie=0x0, duration=49.599s, table=0, n_packets=3, n_bytes=252, idle_timeout=60, idle_age=49, priority=65535,tcp,in_port=2,dl_vlan=575,dl_vlan_pcp=0,dl_src=00:24:97:30:1d:00,dl_dst=00:03:ba:24:3f:fd,nw_src=10.0.1.2,nw_dst=10.0.1.3,nw_tos=0,tp_src=1609,tp_dst=80 actions=drop
 cookie=0x0, duration=49.593s, table=0, n_packets=7, n_bytes=492, idle_timeout=60, idle_age=49, priority=65535,tcp,in_port=2,dl_vlan=575,dl_vlan_pcp=0,dl_src=00:24:97:30:1d:00,dl_dst=00:14:4f:1e:e8:53,nw_src=10.0.1.2,nw_dst=10.0.1.3,nw_tos=0,tp_src=46961,tp_dst=80 actions=drop
 cookie=0x0, duration=49.582s, table=0, n_packets=5, n_bytes=460, idle_timeout=60, idle_age=49, priority=65535,udp,in_port=2,dl_vlan=575,dl_vlan_pcp=0,dl_src=00:14:4f:1e:e8:53,dl_dst=00:00:0c:07:ac:00,nw_src=10.0.1.2,nw_dst=10.0.1.3,nw_tos=0,tp_src=33451,tp_dst=53 actions=drop
 cookie=0x0, duration=49.582s, table=0, n_packets=6, n_bytes=540, idle_timeout=60, idle_age=49, priority=65535,udp,in_port=2,dl_vlan=575,dl_vlan_pcp=0,dl_src=00:24:97:30:1d:00,dl_dst=00:14:4f:1e:e8:53,nw_src=10.0.1.2,nw_dst=10.0.1.3,nw_tos=0,tp_src=53,tp_dst=33451 actions=drop
 cookie=0x0, duration=49.582s, table=0, n_packets=1, n_bytes=89, idle_timeout=60, idle_age=49, priority=65535,udp,in_port=2,dl_vlan=575,dl_vlan_pcp=0,dl_src=00:14:4f:1e:e8:53,dl_dst=00:00:0c:07:ac:00,nw_src=10.0.1.2,nw_dst=10.0.1.3,nw_tos=0,tp_src=33452,tp_dst=53 actions=drop
 cookie=0x0, duration=49.582s, table=0, n_packets=1, n_bytes=96, idle_timeout=60, idle_age=49, priority=65535,udp,in_port=2,dl_vlan=575,dl_vlan_pcp=0,dl_src=00:24:97:30:1d:00,dl_dst=00:14:4f:1e:e8:53,nw_src=10.0.1.2,nw_dst=10.0.1.3,nw_tos=0,tp_src=53,tp_dst=33452 actions=drop
 cookie=0x0, duration=49.581s, table=0, n_packets=1, n_bytes=96, idle_timeout=60, idle_age=49, priority=65535,udp,in_port=2,dl_vlan=575,dl_vlan_pcp=0,dl_src=00:14:4f:1e:e8:53,dl_dst=00:00:0c:07:ac:00,nw_src=10.0.1.2,nw_dst=10.0.1.3,nw_tos=0,tp_src=33453,tp_dst=53 actions=drop
 cookie=0x0, duration=49.581s, table=0, n_packets=1, n_bytes=96, idle_timeout=60, idle_age=49, priority=65535,udp,in_port=2,dl_vlan=575,dl_vlan_pcp=0,dl_src=00:24:97:30:1d:00,dl_dst=00:14:4f:1e:e8:53,nw_src=10.0.1.2,nw_dst=10.0.1.3,nw_tos=0,tp_src=53,tp_dst=33453 actions=drop
 cookie=0x0, duration=49.581s, table=0, n_packets=1, n_bytes=96, idle_timeout=60, idle_age=49, priority=65535,udp,in_port=2,dl_vlan=575,dl_vlan_pcp=0,dl_src=00:14:4f:1e:e8:53,dl_dst=00:00:0c:07:ac:00,nw_src=10.0.1.2,nw_dst=10.0.1.3,nw_tos=0,tp_src=33454,tp_dst=53 actions=drop
 cookie=0x0, duration=49.581s, table=0, n_packets=1, n_bytes=96, idle_timeout=60, idle_age=49, priority=65535,udp,in_port=2,dl_vlan=575,dl_vlan_pcp=0,dl_src=00:24:97:30:1d:00,dl_dst=00:14:4f:1e:e8:53,nw_src=10.0.1.2,nw_dst=10.0.1.3,nw_tos=0,tp_src=53,tp_dst=33454 actions=drop
 cookie=0x0, duration=49.580s, table=0, n_packets=1, n_bytes=89, idle_timeout=60, idle_age=49, priority=65535,udp,in_port=2,dl_vlan=575,dl_vlan_pcp=0,dl_src=00:14:4f:1e:e8:53,dl_dst=00:00:0c:07:ac:00,nw_src=10.0.1.2,nw_dst=10.0.1.3,nw_tos=0,tp_src=33455,tp_dst=53 actions=drop
 cookie=0x0, duration=49.580s, table=0, n_packets=1, n_bytes=96, idle_timeout=60, idle_age=49, priority=65535,udp,in_port=2,dl_vlan=575,dl_vlan_pcp=0,dl_src=00:24:97:30:1d:00,dl_dst=00:14:4f:1e:e8:53,nw_src=10.0.1.2,nw_dst=10.0.1.3,nw_tos=0,tp_src=53,tp_dst=33455 actions=drop
 cookie=0x0, duration=49.579s, table=0, n_packets=1, n_bytes=60, idle_timeout=60, idle_age=49, priority=65535,tcp,in_port=2,dl_vlan=238,dl_vlan_pcp=0,dl_src=00:24:97:30:1d:00,dl_dst=00:1b:0c:38:f1:0f,nw_src=10.0.1.2,nw_dst=10.0.1.3,nw_tos=0,tp_src=5222,tp_dst=2239 actions=drop
 cookie=0x0, duration=49.579s, table=0, n_packets=1, n_bytes=75, idle_timeout=60, idle_age=49, priority=65535,tcp,in_port=2,dl_vlan=238,dl_vlan_pcp=0,dl_src=00:24:97:30:1d:00,dl_dst=00:1b:0c:38:f1:0f,nw_src=10.0.1.2,nw_dst=10.0.1.3,nw_tos=0,tp_src=3389,tp_dst=1269 actions=drop
 cookie=0x0, duration=49.578s, table=0, n_packets=1, n_bytes=96, idle_timeout=60, idle_age=49, priority=65535,udp,in_port=2,dl_vlan=719,dl_vlan_pcp=0,dl_src=00:1b:0c:38:f1:0e,dl_dst=00:00:0c:07:ac:00,nw_src=10.0.1.2,nw_dst=10.0.1.3,nw_tos=0,tp_src=4500,tp_dst=7746 actions=drop
 cookie=0x0, duration=49.578s, table=0, n_packets=1, n_bytes=96, idle_timeout=60, idle_age=49, priority=65535,udp,in_port=2,dl_vlan=719,dl_vlan_pcp=0,dl_src=00:1b:0c:38:f1:0e,dl_dst=00:00:0c:07:ac:00,nw_src=10.0.1.2,nw_dst=10.0.1.3,nw_tos=0,tp_src=4500,tp_dst=8482 actions=drop
 cookie=0x0, duration=49.571s, table=0, n_packets=5, n_bytes=480, idle_timeout=60, idle_age=49, priority=65535,tcp,in_port=2,dl_vlan=575,dl_vlan_pcp=0,dl_src=00:14:4f:1e:e8:53,dl_dst=00:00:0c:07:ac:00,nw_src=10.0.1.2,nw_dst=10.0.1.3,nw_tos=0,tp_src=80,tp_dst=46961 actions=drop
 cookie=0x0, duration=49.569s, table=0, n_packets=1, n_bytes=96, idle_timeout=60, idle_age=49, priority=65535,udp,in_port=2,dl_vlan=719,dl_vlan_pcp=0,dl_src=00:24:97:30:1d:00,dl_dst=00:1b:0c:38:f1:0e,nw_src=10.0.1.2,nw_dst=10.0.1.3,nw_tos=0,tp_src=50457,tp_dst=443 actions=drop
 cookie=0x0, duration=49.569s, table=0, n_packets=1, n_bytes=96, idle_timeout=60, idle_age=49, priority=65535,tcp,in_port=2,dl_vlan=238,dl_vlan_pcp=0,dl_src=00:1b:0c:38:f1:0f,dl_dst=00:00:0c:07:ac:00,nw_src=10.0.1.2,nw_dst=10.0.1.3,nw_tos=0,tp_src=51985,tp_dst=993 actions=drop
 cookie=0x0, duration=49.566s, table=0, n_packets=2, n_bytes=120, idle_timeout=60, idle_age=49, priority=65535,icmp,in_port=2,dl_vlan=575,dl_vlan_pcp=0,dl_src=00:03:ba:0f:07:a2,dl_dst=00:00:0c:07:ac:00,nw_src=10.0.1.2,nw_dst=10.0.1.3,nw_tos=0,icmp_type=8,icmp_code=0 actions=drop
 cookie=0x0, duration=49.559s, table=0, n_packets=4, n_bytes=348, idle_timeout=60, idle_age=49, priority=65535,tcp,in_port=2,dl_vlan=576,dl_vlan_pcp=0,dl_src=00:03:ba:24:40:23,dl_dst=00:00:0c:07:ac:00,nw_src=10.0.1.2,nw_dst=10.0.1.3,nw_tos=0,tp_src=7010,tp_dst=1689 actions=drop
 cookie=0x0, duration=49.559s, table=0, n_packets=2, n_bytes=120, idle_timeout=60, idle_age=49, priority=65535,icmp,in_port=2,dl_vlan=576,dl_vlan_pcp=0,dl_src=00:21:28:3f:d3:8e,dl_dst=00:00:0c:07:ac:00,nw_src=10.0.1.2,nw_dst=10.0.1.3,nw_tos=0,icmp_type=8,icmp_code=0 actions=drop
 cookie=0x0, duration=49.558s, table=0, n_packets=5, n_bytes=480, idle_timeout=60, idle_age=49, priority=65535,tcp,in_port=2,dl_vlan=576,dl_vlan_pcp=0,dl_src=00:24:97:30:1d:00,dl_dst=00:03:ba:24:40:23,nw_src=10.0.1.2,nw_dst=10.0.1.3,nw_tos=0,tp_src=1689,tp_dst=7010 actions=drop
 cookie=0x0, duration=49.553s, table=0, n_packets=1, n_bytes=92, idle_timeout=60, idle_age=49, priority=65535,udp,in_port=2,dl_vlan=576,dl_vlan_pcp=0,dl_src=00:03:ba:24:40:1b,dl_dst=00:00:0c:07:ac:00,nw_src=10.0.1.2,nw_dst=10.0.1.3,nw_tos=0,tp_src=43449,tp_dst=53 actions=drop
 cookie=0x0, duration=49.553s, table=0, n_packets=3, n_bytes=288, idle_timeout=60, idle_age=49, priority=65535,udp,in_port=2,dl_vlan=575,dl_vlan_pcp=0,dl_src=00:24:97:30:1d:00,dl_dst=00:03:ba:24:3f:fd,nw_src=10.0.1.2,nw_dst=10.0.1.3,nw_tos=0,tp_src=53,tp_dst=43449 actions=drop
 cookie=0x0, duration=49.552s, table=0, n_packets=1, n_bytes=80, idle_timeout=60, idle_age=49, priority=65535,udp,in_port=2,dl_vlan=576,dl_vlan_pcp=0,dl_src=00:03:ba:24:40:1b,dl_dst=00:00:0c:07:ac:00,nw_src=10.0.1.2,nw_dst=10.0.1.3,nw_tos=0,tp_src=43450,tp_dst=53 actions=drop
 cookie=0x0, duration=49.552s, table=0, n_packets=1, n_bytes=96, idle_timeout=60, idle_age=49, priority=65535,udp,in_port=2,dl_vlan=575,dl_vlan_pcp=0,dl_src=00:24:97:30:1d:00,dl_dst=00:03:ba:24:3f:fd,nw_src=10.0.1.2,nw_dst=10.0.1.3,nw_tos=0,tp_src=53,tp_dst=43450 actions=drop
 cookie=0x0, duration=49.550s, table=0, n_packets=1, n_bytes=80, idle_timeout=60, idle_age=49, priority=65535,udp,in_port=2,dl_vlan=576,dl_vlan_pcp=0,dl_src=00:03:ba:24:40:1b,dl_dst=00:00:0c:07:ac:00,nw_src=10.0.1.2,nw_dst=10.0.1.3,nw_tos=0,tp_src=43451,tp_dst=53 actions=drop
 cookie=0x0, duration=49.550s, table=0, n_packets=1, n_bytes=96, idle_timeout=60, idle_age=49, priority=65535,udp,in_port=2,dl_vlan=575,dl_vlan_pcp=0,dl_src=00:24:97:30:1d:00,dl_dst=00:03:ba:24:3f:fd,nw_src=10.0.1.2,nw_dst=10.0.1.3,nw_tos=0,tp_src=53,tp_dst=43451 actions=drop
 cookie=0x0, duration=49.544s, table=0, n_packets=4, n_bytes=280, idle_timeout=60, idle_age=49, priority=65535,tcp,in_port=2,dl_vlan=575,dl_vlan_pcp=0,dl_src=00:24:97:30:1d:00,dl_dst=00:03:ba:24:3f:fd,nw_src=10.0.1.2,nw_dst=10.0.1.3,nw_tos=0,tp_src=63776,tp_dst=80 actions=drop
 cookie=0x0, duration=49.544s, table=0, n_packets=3, n_bytes=288, idle_timeout=60, idle_age=49, priority=65535,tcp,in_port=2,dl_vlan=576,dl_vlan_pcp=0,dl_src=00:03:ba:24:40:1b,dl_dst=00:00:0c:07:ac:00,nw_src=10.0.1.2,nw_dst=10.0.1.3,nw_tos=0,tp_src=80,tp_dst=63776 actions=drop
 cookie=0x0, duration=49.533s, table=0, n_packets=2, n_bytes=192, idle_timeout=60, idle_age=49, priority=65535,tcp,in_port=2,dl_vlan=238,dl_vlan_pcp=0,dl_src=00:1b:0c:38:f1:0f,dl_dst=00:00:0c:07:ac:00,nw_src=10.0.1.2,nw_dst=10.0.1.3,nw_tos=0,tp_src=1513,tp_dst=445 actions=drop
 cookie=0x0, duration=49.533s, table=0, n_packets=2, n_bytes=192, idle_timeout=60, idle_age=49, priority=65535,udp,in_port=2,dl_vlan=719,dl_vlan_pcp=0,dl_src=00:24:97:30:1d:00,dl_dst=00:1b:0c:38:f1:0e,nw_src=10.0.1.2,nw_dst=10.0.1.3,nw_tos=0,tp_src=1150,tp_dst=443 actions=drop
 cookie=0x0, duration=49.533s, table=0, n_packets=1, n_bytes=96, idle_timeout=60, idle_age=49, priority=65535,tcp,in_port=2,dl_vlan=238,dl_vlan_pcp=0,dl_src=00:1b:0c:38:f1:0f,dl_dst=00:00:0c:07:ac:00,nw_src=10.0.1.2,nw_dst=10.0.1.3,nw_tos=0,tp_src=1519,tp_dst=445 actions=drop
 cookie=0x0, duration=49.533s, table=0, n_packets=2, n_bytes=192, idle_timeout=60, idle_age=49, priority=65535,tcp,in_port=2,dl_vlan=238,dl_vlan_pcp=0,dl_src=00:24:97:30:1d:00,dl_dst=00:1b:0c:38:f1:0f,nw_src=10.0.1.2,nw_dst=10.0.1.3,nw_tos=0,tp_src=445,tp_dst=1513 actions=drop
 cookie=0x0, duration=49.533s, table=0, n_packets=1, n_bytes=96, idle_timeout=60, idle_age=49, priority=65535,tcp,in_port=2,dl_vlan=238,dl_vlan_pcp=0,dl_src=00:24:97:30:1d:00,dl_dst=00:1b:0c:38:f1:0f,nw_src=10.0.1.2,nw_dst=10.0.1.3,nw_tos=0,tp_src=445,tp_dst=1519 actions=drop
 cookie=0x0, duration=49.533s, table=0, n_packets=2, n_bytes=192, idle_timeout=60, idle_age=49, priority=65535,udp,in_port=2,dl_vlan=719,dl_vlan_pcp=0,dl_src=00:1b:0c:38:f1:0e,dl_dst=00:00:0c:07:ac:00,nw_src=10.0.1.2,nw_dst=10.0.1.3,nw_tos=0,tp_src=443,tp_dst=1150 actions=drop
 cookie=0x0, duration=49.531s, table=0, n_packets=1, n_bytes=60, idle_timeout=60, idle_age=49, priority=65535,icmp,in_port=2,dl_vlan=577,dl_vlan_pcp=0,dl_src=00:14:4f:17:00:0a,dl_dst=00:05:1e:a1:c5:39,nw_src=10.0.1.2,nw_dst=10.0.1.3,nw_tos=0,icmp_type=8,icmp_code=0 actions=drop
 cookie=0x0, duration=49.531s, table=0, n_packets=1, n_bytes=60, idle_timeout=60, idle_age=49, priority=65535,icmp,in_port=2,dl_vlan=577,dl_vlan_pcp=0,dl_src=00:05:1e:a1:c5:39,dl_dst=00:14:4f:17:00:0a,nw_src=10.0.1.2,nw_dst=10.0.1.3,nw_tos=0,icmp_type=0,icmp_code=0 actions=drop
 cookie=0x0, duration=49.525s, table=0, n_packets=1, n_bytes=90, idle_timeout=60, idle_age=49, priority=65535,udp,in_port=2,dl_vlan=576,dl_vlan_pcp=0,dl_src=00:03:ba:24:40:1b,dl_dst=00:00:0c:07:ac:00,nw_src=10.0.1.2,nw_dst=10.0.1.3,nw_tos=0,tp_src=43452,tp_dst=53 actions=drop
 cookie=0x0, duration=49.525s, table=0, n_packets=2, n_bytes=192, idle_timeout=60, idle_age=49, priority=65535,udp,in_port=2,dl_vlan=575,dl_vlan_pcp=0,dl_src=00:24:97:30:1d:00,dl_dst=00:03:ba:24:3f:fd,nw_src=10.0.1.2,nw_dst=10.0.1.3,nw_tos=0,tp_src=53,tp_dst=43452 actions=drop
 cookie=0x0, duration=49.525s, table=0, n_packets=2, n_bytes=181, idle_timeout=60, idle_age=49, priority=65535,tcp,in_port=2,dl_vlan=576,dl_vlan_pcp=0,dl_src=00:03:ba:24:40:1b,dl_dst=00:00:0c:07:ac:00,nw_src=10.0.1.2,nw_dst=10.0.1.3,nw_tos=0,tp_src=80,tp_dst=3237 actions=drop
 cookie=0x0, duration=49.524s, table=0, n_packets=1, n_bytes=85, idle_timeout=60, idle_age=49, priority=65535,udp,in_port=2,dl_vlan=576,dl_vlan_pcp=0,dl_src=00:03:ba:24:40:1b,dl_dst=00:00:0c:07:ac:00,nw_src=10.0.1.2,nw_dst=10.0.1.3,nw_tos=0,tp_src=43453,tp_dst=53 actions=drop
 cookie=0x0, duration=49.524s, table=0, n_packets=1, n_bytes=96, idle_timeout=60, idle_age=49, priority=65535,udp,in_port=2,dl_vlan=575,dl_vlan_pcp=0,dl_src=00:24:97:30:1d:00,dl_dst=00:03:ba:24:3f:fd,nw_src=10.0.1.2,nw_dst=10.0.1.3,nw_tos=0,tp_src=53,tp_dst=43453 actions=drop
 cookie=0x0, duration=49.524s, table=0, n_packets=1, n_bytes=96, idle_timeout=60, idle_age=49, priority=65535,tcp,in_port=2,dl_vlan=576,dl_vlan_pcp=0,dl_src=00:03:ba:24:40:23,dl_dst=00:00:0c:07:ac:00,nw_src=10.0.1.2,nw_dst=10.0.1.3,nw_tos=0,tp_src=7020,tp_dst=63038 actions=drop
 cookie=0x0, duration=49.523s, table=0, n_packets=1, n_bytes=96, idle_timeout=60, idle_age=49, priority=65535,tcp,in_port=2,dl_vlan=576,dl_vlan_pcp=0,dl_src=00:24:97:30:1d:00,dl_dst=00:03:ba:24:40:23,nw_src=10.0.1.2,nw_dst=10.0.1.3,nw_tos=0,tp_src=63038,tp_dst=7020 actions=drop
 cookie=0x0, duration=49.519s, table=0, n_packets=2, n_bytes=184, idle_timeout=60, idle_age=49, priority=65535,udp,in_port=2,dl_vlan=576,dl_vlan_pcp=0,dl_src=00:03:ba:24:40:1b,dl_dst=00:00:0c:07:ac:00,nw_src=10.0.1.2,nw_dst=10.0.1.3,nw_tos=0,tp_src=43454,tp_dst=53 actions=drop
 cookie=0x0, duration=49.519s, table=0, n_packets=2, n_bytes=192, idle_timeout=60, idle_age=49, priority=65535,udp,in_port=2,dl_vlan=575,dl_vlan_pcp=0,dl_src=00:24:97:30:1d:00,dl_dst=00:03:ba:24:3f:fd,nw_src=10.0.1.2,nw_dst=10.0.1.3,nw_tos=0,tp_src=53,tp_dst=43454 actions=drop
 cookie=0x0, duration=49.518s, table=0, n_packets=1, n_bytes=94, idle_timeout=60, idle_age=49, priority=65535,udp,in_port=2,dl_vlan=576,dl_vlan_pcp=0,dl_src=00:03:ba:24:40:1b,dl_dst=00:00:0c:07:ac:00,nw_src=10.0.1.2,nw_dst=10.0.1.3,nw_tos=0,tp_src=43455,tp_dst=53 actions=drop
 cookie=0x0, duration=49.518s, table=0, n_packets=1, n_bytes=96, idle_timeout=60, idle_age=49, priority=65535,udp,in_port=2,dl_vlan=575,dl_vlan_pcp=0,dl_src=00:24:97:30:1d:00,dl_dst=00:03:ba:24:3f:fd,nw_src=10.0.1.2,nw_dst=10.0.1.3,nw_tos=0,tp_src=53,tp_dst=43455 actions=drop
 cookie=0x0, duration=49.510s, table=0, n_packets=3, n_bytes=216, idle_timeout=60, idle_age=49, priority=65535,tcp,in_port=2,dl_vlan=224,dl_vlan_pcp=0,dl_src=00:14:5e:b7:3b:b4,dl_dst=00:19:2f:58:be:63,nw_src=10.0.1.2,nw_dst=10.0.1.3,nw_tos=0,tp_src=446,tp_dst=1132 actions=drop
 cookie=0x0, duration=49.509s, table=0, n_packets=1, n_bytes=96, idle_timeout=60, idle_age=49, priority=65535,udp,in_port=2,dl_vlan=224,dl_vlan_pcp=0,dl_src=00:14:5e:b7:3b:b4,dl_dst=00:19:2f:58:be:63,nw_src=10.0.1.2,nw_dst=10.0.1.3,nw_tos=0,tp_src=12003,tp_dst=12003 actions=drop
 cookie=0x0, duration=49.508s, table=0, n_packets=1, n_bytes=66, idle_timeout=60, idle_age=49, priority=65535,tcp,in_port=2,dl_vlan=575,dl_vlan_pcp=0,dl_src=00:24:97:30:1d:00,dl_dst=00:03:ba:24:3f:fd,nw_src=10.0.1.2,nw_dst=10.0.1.3,nw_tos=0,tp_src=37492,tp_dst=80 actions=drop
 cookie=0x0, duration=49.507s, table=0, n_packets=1, n_bytes=66, idle_timeout=60, idle_age=49, priority=65535,tcp,in_port=2,dl_vlan=575,dl_vlan_pcp=0,dl_src=00:03:ba:24:3f:fd,dl_dst=00:00:0c:07:ac:00,nw_src=10.0.1.2,nw_dst=10.0.1.3,nw_tos=0,tp_src=80,tp_dst=37492 actions=drop
 cookie=0x0, duration=49.504s, table=0, n_packets=1, n_bytes=96, idle_timeout=60, idle_age=49, priority=65535,tcp,in_port=2,dl_vlan=238,dl_vlan_pcp=0,dl_src=00:24:97:30:1d:00,dl_dst=00:1b:0c:38:f1:0f,nw_src=10.0.1.2,nw_dst=10.0.1.3,nw_tos=0,tp_src=993,tp_dst=51985 actions=drop
 cookie=0x0, duration=49.503s, table=0, n_packets=1, n_bytes=96, idle_timeout=60, idle_age=49, priority=65535,udp,in_port=2,dl_vlan=719,dl_vlan_pcp=0,dl_src=00:1b:0c:38:f1:0e,dl_dst=00:00:0c:07:ac:00,nw_src=10.0.1.2,nw_dst=10.0.1.3,nw_tos=0,tp_src=443,tp_dst=50457 actions=drop
 cookie=0x0, duration=49.502s, table=0, n_packets=3, n_bytes=255, idle_timeout=60, idle_age=49, priority=65535,tcp,in_port=2,dl_vlan=575,dl_vlan_pcp=0,dl_src=00:03:ba:24:3f:fd,dl_dst=00:00:0c:07:ac:00,nw_src=10.0.1.2,nw_dst=10.0.1.3,nw_tos=0,tp_src=80,tp_dst=38002 actions=drop
 cookie=0x0, duration=49.505s, table=0, n_packets=1, n_bytes=96, idle_timeout=60, idle_age=49, priority=65535,ip,in_port=2,dl_vlan=685,dl_vlan_pcp=0,dl_src=00:24:97:30:1d:00,dl_dst=00:19:2f:58:be:62,nw_src=10.0.1.2,nw_dst=10.0.1.3,nw_proto=50,nw_tos=0 actions=drop
 cookie=0x0, duration=49.501s, table=0, n_packets=1, n_bytes=96, idle_timeout=60, idle_age=49, priority=65535,ip,in_port=2,dl_vlan=685,dl_vlan_pcp=0,dl_src=00:19:2f:58:be:62,dl_dst=00:00:0c:07:ac:00,nw_src=10.0.1.2,nw_dst=10.0.1.3,nw_proto=50,nw_tos=0 actions=drop
 cookie=0x0, duration=49.654s, table=0, n_packets=1, n_bytes=60, idle_timeout=60, idle_age=49, priority=65535,arp,in_port=2,dl_vlan=40,dl_vlan_pcp=0,dl_src=00:1e:c9:b2:69:7a,dl_dst=00:14:1c:70:56:80,arp_spa=244.3.210.197,arp_tpa=244.3.210.77,arp_op=2 actions=drop
 cookie=0x0, duration=49.654s, table=0, n_packets=1, n_bytes=60, idle_timeout=60, idle_age=49, priority=65535,arp,in_port=2,dl_vlan=40,dl_vlan_pcp=0,dl_src=00:19:b9:ee:24:f9,dl_dst=00:14:1c:70:56:80,arp_spa=244.3.210.197,arp_tpa=244.3.210.77,arp_op=2 actions=drop
 cookie=0x0, duration=49.654s, table=0, n_packets=1, n_bytes=60, idle_timeout=60, idle_age=49, priority=65535,arp,in_port=2,dl_vlan=40,dl_vlan_pcp=0,dl_src=00:14:22:1b:19:0c,dl_dst=00:14:1c:70:56:80,arp_spa=244.3.210.197,arp_tpa=244.3.210.77,arp_op=2 actions=drop
