 cookie=0x0, duration=208.126s, table=0, n_packets=17, n_bytes=2029, idle_timeout=60, idle_age=8, priority=65535,icmp,in_port=1,vlan_tci=0x0000,dl_src=a6:2b:11:f4:33:ad,dl_dst=6e:bf:4c:23:a0:5e,nw_src=10.0.0.2,nw_dst=10.0.0.5,nw_tos=0,icmp_type=8,icmp_code=0 actions=output:5
 cookie=0x0, duration=208.123s, table=0, n_packets=17, n_bytes=2029, idle_timeout=60, idle_age=8, priority=65535,icmp,in_port=5,vlan_tci=0x0000,dl_src=6e:bf:4c:23:a0:5e,dl_dst=46:40:89:12:e2:75,nw_src=10.0.0.5,nw_dst=10.0.0.2,nw_tos=0,icmp_type=0,icmp_code=0 actions=output:2
 cookie=0x0, duration=208.063s, table=0, n_packets=17, n_bytes=2052, idle_timeout=60, idle_age=8, priority=65535,icmp,in_port=1,vlan_tci=0x0000,dl_src=a6:2b:11:f4:33:ad,dl_dst=6e:bf:4c:23:a0:5e,nw_src=10.0.0.3,nw_dst=10.0.0.5,nw_tos=0,icmp_type=8,icmp_code=0 actions=output:5
 cookie=0x0, duration=208.060s, table=0, n_packets=17, n_bytes=2052, idle_timeout=60, idle_age=8, priority=65535,icmp,in_port=5,vlan_tci=0x0000,dl_src=6e:bf:4c:23:a0:5e,dl_dst=82:d6:5f:20:11:b5,nw_src=10.0.0.5,nw_dst=10.0.0.3,nw_tos=0,icmp_type=0,icmp_code=0 actions=output:3
 cookie=0x0, duration=208.011s, table=0, n_packets=17, n_bytes=2129, idle_timeout=60, idle_age=8, priority=65535,icmp,in_port=1,vlan_tci=0x0000,dl_src=a6:2b:11:f4:33:ad,dl_dst=6e:bf:4c:23:a0:5e,nw_src=10.0.0.4,nw_dst=10.0.0.5,nw_tos=0,icmp_type=8,icmp_code=0 actions=output:5
 cookie=0x0, duration=208.010s, table=0, n_packets=17, n_bytes=2129, idle_timeout=60, idle_age=8, priority=65535,icmp,in_port=5,vlan_tci=0x0000,dl_src=6e:bf:4c:23:a0:5e,dl_dst=ce:7b:66:6b:11:3b,nw_src=10.0.0.5,nw_dst=10.0.0.4,nw_tos=0,icmp_type=0,icmp_code=0 actions=output:4
 cookie=0x0, duration=207.952s, table=0, n_packets=17, n_bytes=2158, idle_timeout=60, idle_age=8, priority=65535,icmp,in_port=1,vlan_tci=0x0000,dl_src=a6:2b:11:f4:33:ad,dl_dst=6e:bf:4c:23:a0:5e,nw_src=10.0.0.5,nw_dst=10.0.0.5,nw_tos=0,icmp_type=8,icmp_code=0 actions=output:5
 cookie=0x0, duration=207.900s, table=0, n_packets=17, n_bytes=2319, idle_timeout=60, idle_age=8, priority=65535,icmp,in_port=1,vlan_tci=0x0000,dl_src=a6:2b:11:f4:33:ad,dl_dst=6e:bf:4c:23:a0:5e,nw_src=10.0.0.6,nw_dst=10.0.0.5,nw_tos=0,icmp_type=8,icmp_code=0 actions=output:5
 cookie=0x0, duration=207.898s, table=0, n_packets=17, n_bytes=2319, idle_timeout=60, idle_age=8, priority=65535,icmp,in_port=5,vlan_tci=0x0000,dl_src=6e:bf:4c:23:a0:5e,dl_dst=be:90:60:35:d3:7b,nw_src=10.0.0.5,nw_dst=10.0.0.6,nw_tos=0,icmp_type=0,icmp_code=0 actions=output:6
 cookie=0x0, duration=207.846s, table=0, n_packets=17, n_bytes=2077, idle_timeout=60, idle_age=8, priority=65535,icmp,in_port=1,vlan_tci=0x0000,dl_src=a6:2b:11:f4:33:ad,dl_dst=6e:bf:4c:23:a0:5e,nw_src=10.0.0.7,nw_dst=10.0.0.5,nw_tos=0,icmp_type=8,icmp_code=0 actions=output:5
 cookie=0x0, duration=207.843s, table=0, n_packets=17, n_bytes=2077, idle_timeout=60, idle_age=8, priority=65535,icmp,in_port=5,vlan_tci=0x0000,dl_src=6e:bf:4c:23:a0:5e,dl_dst=8e:3a:ab:c5:8c:31,nw_src=10.0.0.5,nw_dst=10.0.0.7,nw_tos=0,icmp_type=0,icmp_code=0 actions=output:7
 cookie=0x0, duration=207.782s, table=0, n_packets=17, n_bytes=2066, idle_timeout=60, idle_age=8, priority=65535,icmp,in_port=1,vlan_tci=0x0000,dl_src=a6:2b:11:f4:33:ad,dl_dst=6e:bf:4c:23:a0:5e,nw_src=10.0.0.8,nw_dst=10.0.0.5,nw_tos=0,icmp_type=8,icmp_code=0 actions=output:5
 cookie=0x0, duration=207.780s, table=0, n_packets=17, n_bytes=2066, idle_timeout=60, idle_age=8, priority=65535,icmp,in_port=5,vlan_tci=0x0000,dl_src=6e:bf:4c:23:a0:5e,dl_dst=32:72:af:f3:36:25,nw_src=10.0.0.5,nw_dst=10.0.0.8,nw_tos=0,icmp_type=0,icmp_code=0 actions=output:8
 cookie=0x0, duration=207.727s, table=0, n_packets=17, n_bytes=2142, idle_timeout=60, idle_age=7, priority=65535,icmp,in_port=1,vlan_tci=0x0000,dl_src=a6:2b:11:f4:33:ad,dl_dst=6e:bf:4c:23:a0:5e,nw_src=10.0.0.9,nw_dst=10.0.0.5,nw_tos=0,icmp_type=8,icmp_code=0 actions=output:5
 cookie=0x0, duration=207.725s, table=0, n_packets=17, n_bytes=2142, idle_timeout=60, idle_age=7, priority=65535,icmp,in_port=5,vlan_tci=0x0000,dl_src=6e:bf:4c:23:a0:5e,dl_dst=e2:73:61:2a:0e:f9,nw_src=10.0.0.5,nw_dst=10.0.0.9,nw_tos=0,icmp_type=0,icmp_code=0 actions=output:9
 cookie=0x0, duration=207.664s, table=0, n_packets=17, n_bytes=2137, idle_timeout=60, idle_age=7, priority=65535,icmp,in_port=1,vlan_tci=0x0000,dl_src=a6:2b:11:f4:33:ad,dl_dst=6e:bf:4c:23:a0:5e,nw_src=10.0.0.10,nw_dst=10.0.0.5,nw_tos=0,icmp_type=8,icmp_code=0 actions=output:5
 cookie=0x0, duration=207.663s, table=0, n_packets=17, n_bytes=2137, idle_timeout=60, idle_age=7, priority=65535,icmp,in_port=5,vlan_tci=0x0000,dl_src=6e:bf:4c:23:a0:5e,dl_dst=8e:47:69:e7:d1:e4,nw_src=10.0.0.5,nw_dst=10.0.0.10,nw_tos=0,icmp_type=0,icmp_code=0 actions=output:10
 cookie=0x0, duration=188.283s, table=0, n_packets=16, n_bytes=1836, idle_timeout=60, idle_age=7, priority=65535,icmp,in_port=1,vlan_tci=0x0000,dl_src=a6:2b:11:f4:33:ad,dl_dst=6e:bf:4c:23:a0:5e,nw_src=10.0.0.11,nw_dst=10.0.0.5,nw_tos=0,icmp_type=8,icmp_code=0 actions=output:5
 cookie=0x0, duration=187.206s, table=0, n_packets=15, n_bytes=1814, idle_timeout=60, idle_age=7, priority=65535,icmp,in_port=1,vlan_tci=0x0000,dl_src=a6:2b:11:f4:33:ad,dl_dst=6e:bf:4c:23:a0:5e,nw_src=10.0.0.12,nw_dst=10.0.0.5,nw_tos=0,icmp_type=8,icmp_code=0 actions=output:5
 cookie=0x0, duration=167.096s, table=0, n_packets=14, n_bytes=1735, idle_timeout=60, idle_age=7, priority=65535,icmp,in_port=1,vlan_tci=0x0000,dl_src=a6:2b:11:f4:33:ad,dl_dst=6e:bf:4c:23:a0:5e,nw_src=10.0.0.13,nw_dst=10.0.0.5,nw_tos=0,icmp_type=8,icmp_code=0 actions=output:5
 cookie=0x0, duration=149.859s, table=0, n_packets=13, n_bytes=1546, idle_timeout=60, idle_age=7, priority=65535,icmp,in_port=1,vlan_tci=0x0000,dl_src=a6:2b:11:f4:33:ad,dl_dst=6e:bf:4c:23:a0:5e,nw_src=10.0.0.14,nw_dst=10.0.0.5,nw_tos=0,icmp_type=8,icmp_code=0 actions=output:5
 cookie=0x0, duration=134.884s, table=0, n_packets=12, n_bytes=1385, idle_timeout=60, idle_age=7, priority=65535,icmp,in_port=1,vlan_tci=0x0000,dl_src=a6:2b:11:f4:33:ad,dl_dst=6e:bf:4c:23:a0:5e,nw_src=10.0.0.15,nw_dst=10.0.0.5,nw_tos=0,icmp_type=8,icmp_code=0 actions=output:5
 cookie=0x0, duration=126.762s, table=0, n_packets=11, n_bytes=1547, idle_timeout=60, idle_age=7, priority=65535,icmp,in_port=1,vlan_tci=0x0000,dl_src=a6:2b:11:f4:33:ad,dl_dst=6e:bf:4c:23:a0:5e,nw_src=10.0.0.16,nw_dst=10.0.0.5,nw_tos=0,icmp_type=8,icmp_code=0 actions=output:5
 cookie=0x0, duration=113.376s, table=0, n_packets=10, n_bytes=1243, idle_timeout=60, idle_age=7, priority=65535,icmp,in_port=1,vlan_tci=0x0000,dl_src=a6:2b:11:f4:33:ad,dl_dst=6e:bf:4c:23:a0:5e,nw_src=10.0.0.17,nw_dst=10.0.0.5,nw_tos=0,icmp_type=8,icmp_code=0 actions=output:5
 cookie=0x0, duration=92.687s, table=0, n_packets=9, n_bytes=1136, idle_timeout=60, idle_age=7, priority=65535,icmp,in_port=1,vlan_tci=0x0000,dl_src=a6:2b:11:f4:33:ad,dl_dst=6e:bf:4c:23:a0:5e,nw_src=10.0.0.18,nw_dst=10.0.0.5,nw_tos=0,icmp_type=8,icmp_code=0 actions=output:5
 cookie=0x0, duration=72.116s, table=0, n_packets=8, n_bytes=898, idle_timeout=60, idle_age=7, priority=65535,icmp,in_port=1,vlan_tci=0x0000,dl_src=a6:2b:11:f4:33:ad,dl_dst=6e:bf:4c:23:a0:5e,nw_src=10.0.0.19,nw_dst=10.0.0.5,nw_tos=0,icmp_type=8,icmp_code=0 actions=output:5
 cookie=0x0, duration=60.764s, table=0, n_packets=7, n_bytes=786, idle_timeout=60, idle_age=7, priority=65535,icmp,in_port=1,vlan_tci=0x0000,dl_src=a6:2b:11:f4:33:ad,dl_dst=6e:bf:4c:23:a0:5e,nw_src=10.0.0.20,nw_dst=10.0.0.5,nw_tos=0,icmp_type=8,icmp_code=0 actions=output:5
 cookie=0x0, duration=58.526s, table=0, n_packets=6, n_bytes=770, idle_timeout=60, idle_age=7, priority=65535,icmp,in_port=1,vlan_tci=0x0000,dl_src=a6:2b:11:f4:33:ad,dl_dst=6e:bf:4c:23:a0:5e,nw_src=10.0.0.21,nw_dst=10.0.0.5,nw_tos=0,icmp_type=8,icmp_code=0 actions=output:5
 cookie=0x0, duration=45.722s, table=0, n_packets=5, n_bytes=546, idle_timeout=60, idle_age=7, priority=65535,icmp,in_port=1,vlan_tci=0x0000,dl_src=a6:2b:11:f4:33:ad,dl_dst=6e:bf:4c:23:a0:5e,nw_src=10.0.0.22,nw_dst=10.0.0.5,nw_tos=0,icmp_type=8,icmp_code=0 actions=output:5
 cookie=0x0, duration=33.791s, table=0, n_packets=4, n_bytes=484, idle_timeout=60, idle_age=7, priority=65535,icmp,in_port=1,vlan_tci=0x0000,dl_src=a6:2b:11:f4:33:ad,dl_dst=6e:bf:4c:23:a0:5e,nw_src=10.0.0.23,nw_dst=10.0.0.5,nw_tos=0,icmp_type=8,icmp_code=0 actions=output:5
 cookie=0x0, duration=16.054s, table=0, n_packets=3, n_bytes=402, idle_timeout=60, idle_age=7, priority=65535,icmp,in_port=1,vlan_tci=0x0000,dl_src=a6:2b:11:f4:33:ad,dl_dst=6e:bf:4c:23:a0:5e,nw_src=10.0.0.24,nw_dst=10.0.0.5,nw_tos=0,icmp_type=8,icmp_code=0 actions=output:5
 cookie=0x0, duration=11.449s, table=0, n_packets=2, n_bytes=303, idle_timeout=60, idle_age=7, priority=65535,icmp,in_port=1,vlan_tci=0x0000,dl_src=a6:2b:11:f4:33:ad,dl_dst=6e:bf:4c:23:a0:5e,nw_src=10.0.0.25,nw_dst=10.0.0.5,nw_tos=0,icmp_type=8,icmp_code=0 actions=output:5
 cookie=0x0, duration=7.132s, table=0, n_packets=1, n_bytes=159, idle_timeout=60, idle_age=7, priority=65535,icmp,in_port=1,vlan_tci=0x0000,dl_src=a6:2b:11:f4:33:ad,dl_dst=6e:bf:4c:23:a0:5e,nw_src=10.0.0.26,nw_dst=10.0.0.5,nw_tos=0,icmp_type=8,icmp_code=0 actions=output:5
